"Product","Class","Forecast Qty","Revenue (£)","Action"
"ASSORTED COLOUR BIRD ORNAMENT","A",3831,56413.03,"Expand Stock"
"WOODEN HEART CHRISTMAS SCANDINAVIAN","A",3741,3415.9,"Expand Stock"
"POPCORN HOLDER","A",3596,23417.51,"Expand Stock"
"WOODEN STAR CHRISTMAS SCANDINAVIAN","A",3594,3164.08,"Expand Stock"
"WORLD WAR 2 GLIDERS ASSTD DESIGNS","A",3415,13558.41,"Expand Stock"
"JUMBO BAG VINTAGE DOILY","A",3346,20641.4,"Expand Stock"
"JUMBO BAG 50'S CHRISTMAS","A",3084,17636.04,"Expand Stock"
"JUMBO BAG RED RETROSPOT","A",3069,85040.54,"Expand Stock"
"WHITE HANGING HEART T-LIGHT HOLDER","A",3065,100392.1,"Expand Stock"
"60 CAKE CASES VINTAGE CHRISTMAS","A",3060,7405.2,"Expand Stock"
"PAPER CHAIN KIT 50'S CHRISTMAS","A",2948,42584.13,"Expand Stock"
"PACK OF 72 RETROSPOT CAKE CASES","A",2830,16381.88,"Expand Stock"
"RED  HARMONICA IN BOX","A",2707,23756.43,"Expand Stock"
"BUBBLEGUM RING ASSORTED","A",2445,4894.83,"Expand Stock"
"MINI PAINT SET VINTAGE","A",2378,16039.24,"Expand Stock"
"PACK OF 12 LONDON TISSUES","A",2327,7261.77,"Expand Stock"
"JUMBO BAG PINK POLKADOT","A",2325,37254.36,"Expand Stock"
"GARDENERS KNEELING PAD KEEP CALM","A",2283,12463.78,"Expand Stock"
"ANTIQUE SILVER T-LIGHT GLASS","A",2231,15176.42,"Expand Stock"
"PAPER CHAIN KIT VINTAGE CHRISTMAS","A",2228,25639.77,"Expand Stock"
"RABBIT NIGHT LIGHT","A",2218,51251.24,"Expand Stock"
"SMALL CHINESE STYLE SCISSOR","A",2189,4335.76,"Expand Stock"
"PACK OF 60 PINK PAISLEY CAKE CASES","A",2170,11611,"Expand Stock"
"HAND WARMER OWL DESIGN","A",2163,16113.73,"Expand Stock"
"FAIRY CAKE FLANNEL ASSORTED COLOUR","A",2159,17291.57,"Expand Stock"
"Manual","A",2125,53419.93,"Expand Stock"
"HEART OF WICKER SMALL","A",2116,28217.09,"Expand Stock"
"RAIN PONCHO RETROSPOT","A",2096,6962.08,"Expand Stock"
"60 TEATIME FAIRY CAKE CASES","A",2078,8604.62,"Expand Stock"
"SET OF 20 VINTAGE CHRISTMAS NAPKINS","A",2070,6520.91,"Expand Stock"
"ROTATING SILVER ANGELS T-LIGHT HLDR","A",2049,17554.27,"Expand Stock"
"VINTAGE SNAP CARDS","A",2019,10441.47,"Expand Stock"
"CHRISTMAS PUDDING TRINKET POT","A",1958,2883.44,"Expand Stock"
"BROCADE RING PURSE","A",1948,5969.61,"Expand Stock"
"HOT WATER BOTTLE KEEP CALM","A",1682,24302.55,"Expand Stock"
"VICTORIAN GLASS HANGING T-LIGHT","A",1679,28735.36,"Expand Stock"
"PINK BLUE FELT CRAFT TRINKET BOX","A",1670,11619.39,"Expand Stock"
"SET OF 3 HANGING OWLS OLLIE BEAK","A",1670,4291.17,"Expand Stock"
"CHILLI LIGHTS","A",1665,46265.11,"Expand Stock"
"BAG 125g SWIRLY MARBLES","A",1655,3431.35,"Expand Stock"
"HAND WARMER SCOTTY DOG DESIGN","A",1623,12204.66,"Expand Stock"
"RED TOADSTOOL LED NIGHT LIGHT","A",1612,19831.71,"Expand Stock"
"BLACK RECORD COVER FRAME","A",1586,39045.8,"Expand Stock"
"JINGLE BELL HEART ANTIQUE SILVER","A",1582,6955.8,"Expand Stock"
"TRAVEL CARD WALLET KEEP CALM","A",1558,4641.32,"Expand Stock"
"ZINC FOLKART SLEIGH BELLS","A",1509,7631.31,"Expand Stock"
"HAND WARMER RED LOVE HEART","A",1489,7574.1,"Expand Stock"
"LUNCH BAG RED RETROSPOT","A",1475,27868.8,"Expand Stock"
"HEART OF WICKER LARGE","A",1469,28479.65,"Expand Stock"
"MULTI COLOUR SILVER T-LIGHT HOLDER","A",1454,8259.25,"Expand Stock"
"12 PENCIL SMALL TUBE WOODLAND","A",1448,2545.3,"Expand Stock"
"LUNCH BAG VINTAGE DOILY","A",1442,10347.66,"Expand Stock"
"SPACEBOY LUNCH BOX","A",1419,24673.14,"Expand Stock"
"DOUGHNUT LIP GLOSS","A",1407,11615.7,"Expand Stock"
"SET OF 4 PANTRY JELLY MOULDS","A",1385,14151.42,"Expand Stock"
"SET OF 60 PANTRY DESIGN CAKE CASES","A",1373,5974.39,"Expand Stock"
"LUNCH BAG SPACEBOY DESIGN","A",1362,15820.15,"Expand Stock"
"JUMBO BAG VINTAGE CHRISTMAS","A",1360,9742.1,"Expand Stock"
"RED HANGING HEART T-LIGHT HOLDER","A",1359,22595.19,"Expand Stock"
"BLUE HARMONICA IN BOX","A",1356,9218.88,"Expand Stock"
"JUMBO BAG ALPHABET","A",1351,24160.44,"Expand Stock"
"VINTAGE DOILY TRAVEL SEWING KIT","A",1347,6736.2,"Expand Stock"
"SET OF 12 FAIRY CAKE BAKING CASES","A",1346,6457,"Expand Stock"
"JUMBO  BAG BAROQUE BLACK WHITE","A",1344,23630.58,"Expand Stock"
"HAND WARMER BIRD DESIGN","A",1326,12064.63,"Expand Stock"
"VICTORIAN  METAL POSTCARD SPRING","A",1326,2973.55,"Expand Stock"
"CHOCOLATE HOT WATER BOTTLE","A",1310,23584.64,"Expand Stock"
"TRADITIONAL KNITTING NANCY","A",1294,9294.57,"Expand Stock"
"RED RETROSPOT CHARLOTTE BAG","A",1269,10122.45,"Expand Stock"
"JUMBO BAG STRAWBERRY","A",1258,30569.32,"Expand Stock"
"JAM MAKING SET PRINTED","A",1247,21147.55,"Expand Stock"
"CHRISTMAS CRAFT LITTLE FRIENDS","A",1242,7109.2,"Expand Stock"
"JUMBO BAG VINTAGE LEAF","A",1236,20921.55,"Expand Stock"
"ROLL WRAP 50'S CHRISTMAS","A",1225,3694.02,"Expand Stock"
"HAND WARMER RED RETROSPOT","A",1223,8513.52,"Expand Stock"
"JUMBO BAG APPLES","A",1215,26426.3,"Expand Stock"
"SET OF 60 I LOVE LONDON CAKE CASES","A",1212,3697.7,"Expand Stock"
"ANTIQUE SILVER TEA GLASS ENGRAVED","A",1197,9271.84,"Expand Stock"
"LUNCH BAG  BLACK SKULL.","A",1184,17950.3,"Expand Stock"
"T-LIGHT GLASS FLUTED ANTIQUE","A",1173,8288.89,"Expand Stock"
"JUMBO SHOPPER VINTAGE RED PAISLEY","A",1162,20116.38,"Expand Stock"
"BOX OF 6 MINI 50'S CRACKERS","A",1151,8169.48,"Expand Stock"
"6 GIFT TAGS 50'S CHRISTMAS","A",1150,2750.93,"Expand Stock"
"SET OF 3 HEART COOKIE CUTTERS","A",1148,7719.34,"Expand Stock"
"AGED GLASS SILVER T-LIGHT HOLDER","A",1143,6052,"Expand Stock"
"6 GIFT TAGS VINTAGE CHRISTMAS","A",1142,3068.82,"Expand Stock"
"BOX OF 6 MINI VINTAGE CRACKERS","A",1135,8345.43,"Expand Stock"
"TRADITIONAL WOODEN SKIPPING ROPE","A",1133,9998.32,"Expand Stock"
"BAKING SET 9 PIECE RETROSPOT","A",1114,22953.1,"Expand Stock"
"TRADITIONAL MODELLING CLAY","A",1113,9281.47,"Expand Stock"
"GARDENERS KNEELING PAD CUP OF TEA","A",1109,9933.69,"Expand Stock"
"RED RETROSPOT WRAP","A",1100,4310.24,"Expand Stock"
"LOVE HOT WATER BOTTLE","A",1096,12954.75,"Expand Stock"
"CHARLOTTE BAG PINK POLKADOT","A",1093,5838.09,"Expand Stock"
"HOT WATER BOTTLE TEA AND SYMPATHY","A",1092,15386.07,"Expand Stock"
"PACK OF 72 SKULL CAKE CASES","A",1092,6855.46,"Expand Stock"
"6 RIBBONS RUSTIC CHARM","A",1079,14969.84,"Expand Stock"
"HAND WARMER UNION JACK","A",1078,9516.96,"Expand Stock"
"RED WOOLLY HOTTIE WHITE HEART.","A",1078,13311.26,"Expand Stock"
"VINTAGE CHRISTMAS BUNTING","A",1077,12960.12,"Expand Stock"
"ROLL WRAP VINTAGE CHRISTMAS","A",1076,3450.39,"Expand Stock"
"LUNCH BAG APPLE DESIGN","A",1057,18220.5,"Expand Stock"
"GIN + TONIC DIET METAL SIGN","A",1047,24944.88,"Expand Stock"
"REGENCY CAKESTAND 3 TIER","A",1034,142264.75,"Expand Stock"
"JUMBO STORAGE BAG SUKI","A",1032,21784.84,"Expand Stock"
"PLAYING CARDS KEEP CALM & CARRY ON","A",1030,4242.96,"Expand Stock"
"SET OF 3 WOODEN HEART DECORATIONS","A",1020,4791.58,"Expand Stock"
"SMALL WHITE HEART OF WICKER","A",1016,6798.1,"Expand Stock"
"SET OF 12 MINI LOAF BAKING CASES","A",1011,4670.63,"Expand Stock"
"WOODEN BOX OF DOMINOES","A",1009,7200.95,"Expand Stock"
"ICE CREAM SUNDAE LIP GLOSS","A",997,9638.16,"Expand Stock"
"JINGLE BELL HEART DECORATION","A",994,6055.95,"Expand Stock"
"WOODEN PICTURE FRAME WHITE FINISH","A",991,19945.45,"Expand Stock"
"PLEASE ONE PERSON METAL SIGN","A",987,23865.82,"Expand Stock"
"VINTAGE HEADS AND TAILS CARD GAME","A",982,8500.16,"Expand Stock"
"PLASTERS IN TIN SPACEBOY","A",976,12138.6,"Expand Stock"
"WOODEN FRAME ANTIQUE WHITE","A",966,17583.77,"Expand Stock"
"GINGHAM HEART DECORATION","A",964,4817.33,"Expand Stock"
"72 SWEETHEART FAIRY CAKE CASES","A",958,6252.35,"Expand Stock"
"GINGERBREAD MAN COOKIE CUTTER","A",946,8615.13,"Expand Stock"
"COOK WITH WINE METAL SIGN","A",941,20232.13,"Expand Stock"
"LUNCH BAG PINK POLKADOT","A",940,16303.3,"Expand Stock"
"LUNCH BAG SUKI DESIGN","A",936,15332.9,"Expand Stock"
"ICE CREAM PEN LIP GLOSS","A",932,8077.31,"Expand Stock"
"SET/20 RED RETROSPOT PAPER NAPKINS","A",918,9649.99,"Expand Stock"
"SET OF 72 RETROSPOT PAPER  DOILIES","A",909,7943.02,"Expand Stock"
"GUMBALL COAT RACK","A",905,17488.55,"Expand Stock"
"ROUND SNACK BOXES SET OF4 WOODLAND","A",900,22101.77,"Expand Stock"
"HOT WATER BOTTLE I AM SO POORLY","A",899,13685.13,"Expand Stock"
"RECIPE BOX PANTRY YELLOW DESIGN","A",896,20838.62,"Expand Stock"
"PINK CREAM FELT CRAFT TRINKET BOX","A",894,8617.24,"Expand Stock"
"GROW A FLYTRAP OR SUNFLOWER IN TIN","A",890,17226.2,"Expand Stock"
"SET OF 6 TEA TIME BAKING CASES","A",886,5684.65,"Expand Stock"
"JAM MAKING SET WITH JARS","A",885,32616.22,"Expand Stock"
"LUNCH BAG CARS BLUE","A",878,17214.53,"Expand Stock"
"JUMBO BAG PEARS","A",873,13034.92,"Expand Stock"
"PARTY BUNTING","A",873,68785.23,"Expand Stock"
"SPACEBOY GIFT WRAP","A",872,2652.34,"Expand Stock"
"JUMBO BAG WOODLAND ANIMALS","A",871,15511.6,"Expand Stock"
"PACK OF 12 TRADITIONAL CRAYONS","A",858,3754.47,"Expand Stock"
"SET OF 6 RIBBONS VINTAGE CHRISTMAS","A",855,8040.27,"Expand Stock"
"SET OF 3 NOTEBOOKS IN PARCEL","A",848,8267.25,"Expand Stock"
"JUMBO BAG SPACEBOY DESIGN","A",847,15320.75,"Expand Stock"
"PLACE SETTING WHITE HEART","A",845,5912.19,"Expand Stock"
"ROLL WRAP VINTAGE SPOT","A",839,3154.4,"Expand Stock"
"SCOTTIE DOG HOT WATER BOTTLE","A",839,20049.9,"Expand Stock"
"WRAP ALPHABET DESIGN","A",838,3196.5,"Expand Stock"
"CHRISTMAS CRAFT WHITE FAIRY","A",829,4334.94,"Expand Stock"
"LUNCH BOX I LOVE LONDON","A",828,19316.17,"Expand Stock"
"RETROSPOT TEA SET CERAMIC 11 PC","A",828,20426.23,"Expand Stock"
"PLASTERS IN TIN WOODLAND ANIMALS","A",816,11620.93,"Expand Stock"
"SOLDIERS EGG CUP","A",816,10070.22,"Expand Stock"
"CHRISTMAS CRAFT TREE TOP ANGEL","A",813,5015.08,"Expand Stock"
"ALARM CLOCK BAKELIKE RED","A",810,25868.95,"Expand Stock"
"SPOTTY BUNTING","A",809,35509.55,"Expand Stock"
"BLUE POLKADOT WRAP","A",804,2798,"Expand Stock"
"LARGE WHITE HEART OF WICKER","A",799,8137.5,"Expand Stock"
"SET OF 6 SNACK LOAF BAKING CASES","A",799,3336.94,"Expand Stock"
"WHITE ROCKING HORSE HAND PAINTED","A",799,3311.5,"Expand Stock"
"VINTAGE CHRISTMAS STOCKING","A",798,5564.25,"Expand Stock"
"DOLLY GIRL LUNCH BOX","A",794,20104.09,"Expand Stock"
"HOT BATHS METAL SIGN","A",793,12731.34,"Expand Stock"
"SET/5 RED RETROSPOT LID GLASS BOWLS","A",787,16537.13,"Expand Stock"
"TRADITIONAL CHRISTMAS RIBBONS","A",784,3602.8,"Expand Stock"
"PACK OF 6 BIRDY GIFT TAGS","A",781,7135.95,"Expand Stock"
"REVOLVER WOODEN RULER","A",779,8944.44,"Expand Stock"
"ALARM CLOCK BAKELIKE GREEN","A",778,20839.15,"Expand Stock"
"FANCY FONTS BIRTHDAY WRAP","A",771,3409,"Expand Stock"
"LUNCH BAG VINTAGE LEAF DESIGN","A",769,9950.35,"Expand Stock"
"ZINC METAL HEART DECORATION","A",767,7099.93,"Expand Stock"
"JUMBO BAG SCANDINAVIAN BLUE PAISLEY","A",766,14626.73,"Expand Stock"
"3 HEARTS HANGING DECORATION RUSTIC","A",765,8013.71,"Expand Stock"
"WHITE SKULL HOT WATER BOTTLE","A",764,10215.47,"Expand Stock"
"GIANT 50'S CHRISTMAS CRACKER","A",763,6907.52,"Expand Stock"
"WOODEN SCHOOL COLOURING SET","A",757,9064.62,"Expand Stock"
"CLOTHES PEGS RETROSPOT PACK 24","A",752,12525.21,"Expand Stock"
"LARGE CIRCULAR MIRROR MOBILE","A",751,6092.05,"Expand Stock"
"PLASTERS IN TIN CIRCUS PARADE","A",744,9588.71,"Expand Stock"
"LUNCH BAG ALPHABET DESIGN","A",742,11994.41,"Expand Stock"
"SPACEBOY BIRTHDAY CARD","A",736,3120.14,"Expand Stock"
"ZINC T-LIGHT HOLDER STARS SMALL","A",736,3879.98,"Expand Stock"
"SET OF 3 REGENCY CAKE TINS","A",735,26566.28,"Expand Stock"
"HANGING HEART JAR T-LIGHT HOLDER","A",733,12650.97,"Expand Stock"
"PINK FAIRY CAKE CHILDRENS APRON","A",733,5815.56,"Expand Stock"
"10 COLOUR SPACEBOY PEN","A",732,5209.17,"Expand Stock"
"CHARLOTTE BAG APPLES DESIGN","A",732,5632.15,"Expand Stock"
"12 PENCILS SMALL TUBE RED RETROSPOT","A",731,4096.65,"Expand Stock"
"60 CAKE CASES DOLLY GIRL DESIGN","A",730,3735.61,"Expand Stock"
"HOMEMADE JAM SCENTED CANDLES","A",727,17504.2,"Expand Stock"
"BAKING SET SPACEBOY DESIGN","A",726,10210.89,"Expand Stock"
"PACK OF 60 DINOSAUR CAKE CASES","A",720,5919.28,"Expand Stock"
"LUNCH BAG WOODLAND","A",713,14497.51,"Expand Stock"
"HAND OVER THE CHOCOLATE   SIGN","A",707,15484.51,"Expand Stock"
"CHRISTMAS STAR WISH LIST CHALKBOARD","A",705,3535.2,"Expand Stock"
"MEDIUM CERAMIC TOP STORAGE JAR","A",705,81416.73,"Expand Stock"
"PACK OF 60 SPACEBOY CAKE CASES","A",705,4128.39,"Expand Stock"
"BAG 250g SWIRLY MARBLES","A",690,3856.38,"Expand Stock"
"PLASTERS IN TIN STRONGMAN","A",690,9444.14,"Expand Stock"
"COLOUR GLASS T-LIGHT HOLDER HANGING","A",688,9566.51,"Expand Stock"
"SET 6 PAPER TABLE LANTERN STARS","A",685,6735.88,"Expand Stock"
"SET OF 3 CAKE TINS PANTRY DESIGN","A",685,33298.3,"Expand Stock"
"GREY HEART HOT WATER BOTTLE","A",684,12148.9,"Expand Stock"
"GRAND CHOCOLATECANDLE","A",682,7758.95,"Expand Stock"
"KNITTED UNION FLAG HOT WATER BOTTLE","A",680,9313.17,"Expand Stock"
"SWEETHEART CERAMIC TRINKET BOX","A",679,6864.61,"Expand Stock"
"PLASTERS IN TIN SKULLS","A",674,6461.25,"Expand Stock"
"NATURAL SLATE HEART CHALKBOARD","A",673,24089.17,"Expand Stock"
"JUMBO BAG PINK VINTAGE PAISLEY","A",672,18427.9,"Expand Stock"
"SAVE THE PLANET MUG","A",666,6150.13,"Expand Stock"
"SILVER BELLS TABLE DECORATION","A",665,2562.1,"Expand Stock"
"CHARLOTTE BAG SUKI DESIGN","A",663,7114.85,"Expand Stock"
"CHILDRENS APRON SPACEBOY DESIGN","A",650,6560.79,"Expand Stock"
"SILVER HANGING T-LIGHT HOLDER","A",650,7173.45,"Expand Stock"
"CHARLOTTE BAG VINTAGE ALPHABET","A",649,3784.52,"Expand Stock"
"PANTRY MAGNETIC  SHOPPING LIST","A",648,4341.19,"Expand Stock"
"PICTURE DOMINOES","A",646,4235.59,"Expand Stock"
"RETROSPOT HEART HOT WATER BOTTLE","A",643,15827.18,"Expand Stock"
"PACK OF SIX LED TEA LIGHTS","A",636,4808.55,"Expand Stock"
"WICKER STAR","A",631,3328.8,"Expand Stock"
"IVORY WICKER HEART LARGE","A",630,3255.75,"Expand Stock"
"SET OF 6 NATIVITY MAGNETS","A",629,5031.55,"Expand Stock"
"COFFEE MUG APPLES DESIGN","A",626,6108.85,"Expand Stock"
"PLASTERS IN TIN VINTAGE PAISLEY","A",624,7331.84,"Expand Stock"
"DOORMAT KEEP CALM AND COME IN","A",623,35880.85,"Expand Stock"
"BISCUIT TIN 50'S CHRISTMAS","A",617,5760.52,"Expand Stock"
"CHILDRENS CUTLERY POLKADOT PINK","A",607,13788.3,"Expand Stock"
"LUNCH BAG DOLLY GIRL DESIGN","A",601,10330.99,"Expand Stock"
"ROSES REGENCY TEACUP AND SAUCER","A",601,24827.25,"Expand Stock"
"COFFEE MUG DOG + BALL DESIGN","A",598,3011.64,"Expand Stock"
"SET OF 20 KIDS COOKIE CUTTERS","A",597,8676.27,"Expand Stock"
"SET OF 4 KNICK KNACK TINS DOILY","A",597,9237.3,"Expand Stock"
"PINK POLKADOT WRAP","A",595,2593,"Expand Stock"
"ALARM CLOCK BAKELIKE PINK","A",594,18539.09,"Expand Stock"
"15CM CHRISTMAS GLASS BALL 20 LIGHTS","A",590,9374.7,"Expand Stock"
"SET OF TEA COFFEE SUGAR TINS PANTRY","A",589,22109.08,"Expand Stock"
"BOX OF 24 COCKTAIL PARASOLS","A",586,2808.57,"Expand Stock"
"RED ROCKING HORSE HAND PAINTED","A",586,2631.5,"Expand Stock"
"ALPHABET STENCIL CRAFT","A",584,2999.19,"Expand Stock"
"12 PENCILS SMALL TUBE SKULL","A",583,4230.55,"Expand Stock"
"4 TRADITIONAL SPINNING TOPS","A",583,5952.83,"Expand Stock"
"PAPER CHAIN KIT RETROSPOT","A",581,11935.31,"Expand Stock"
"RETROSPOT GIANT TUBE MATCHES","A",579,3442.5,"Expand Stock"
"TREASURE ISLAND BOOK BOX","A",578,5029.8,"Expand Stock"
"SMALL CERAMIC TOP STORAGE JAR","A",575,4184.18,"Expand Stock"
"JUMBO STORAGE BAG SKULLS","A",567,10865.83,"Expand Stock"
"PAPER BUNTING WHITE LACE","A",567,10243.4,"Expand Stock"
"AREA PATROLLED METAL SIGN","A",566,8548.02,"Expand Stock"
"WOODLAND CHARLOTTE BAG","A",562,7261.94,"Expand Stock"
"COFFEE MUG PEARS  DESIGN","A",555,4957.3,"Expand Stock"
"BUNDLE OF 3 ALPHABET EXERCISE BOOKS","A",552,5197.17,"Expand Stock"
"PAINTED METAL PEARS ASSORTED","A",550,7454.22,"Expand Stock"
"SET OF 72 PINK HEART PAPER DOILIES","A",543,5565.23,"Expand Stock"
"CERAMIC STRAWBERRY CAKE MONEY BANK","A",541,4745.31,"Expand Stock"
"SET OF 60 VINTAGE LEAF CAKE CASES","A",540,3091.61,"Expand Stock"
"FAWN BLUE HOT WATER BOTTLE","A",539,9196.05,"Expand Stock"
"PACK OF 12 HEARTS DESIGN TISSUES","A",539,2542.17,"Expand Stock"
"RECORD FRAME 7"" SINGLE SIZE","A",538,8450.82,"Expand Stock"
"RETROSPOT CHILDRENS APRON","A",537,5585.92,"Expand Stock"
"CHILDRENS CUTLERY POLKADOT BLUE","A",532,9827.25,"Expand Stock"
"GYMKHANA TREASURE BOOK BOX","A",532,3417.83,"Expand Stock"
"ROUND SNACK BOXES SET OF 4 FRUITS","A",531,17569.59,"Expand Stock"
"YOU'RE CONFUSING ME METAL SIGN","A",531,6743.98,"Expand Stock"
"CLASSIC CAFE SUGAR DISPENSER","A",528,3037.1,"Expand Stock"
"JUMBO BAG OWLS","A",526,19047.02,"Expand Stock"
"GREEN REGENCY TEACUP AND SAUCER","A",519,17735.54,"Expand Stock"
"WHITE WICKER STAR","A",519,2954.7,"Expand Stock"
"LOVEBIRD HANGING DECORATION WHITE","A",516,2814.37,"Expand Stock"
"DECORATIVE WICKER HEART LARGE","A",514,2794.65,"Expand Stock"
"ASSORTED COLOURS SILK FAN","A",512,16044.44,"Expand Stock"
"WRAP ENGLISH ROSE","A",510,2980.42,"Expand Stock"
"SET 6 SCHOOL MILK BOTTLES IN CRATE","A",506,7495.29,"Expand Stock"
"SET/6 RED SPOTTY PAPER CUPS","A",505,3999.09,"Expand Stock"
"BUFFALO BILL TREASURE BOOK BOX","A",501,3750.57,"Expand Stock"
"TRADITIONAL WOODEN CATCH CUP GAME","A",498,3651.75,"Expand Stock"
"BLUE SPOT CERAMIC DRAWER KNOB","A",497,4971.22,"Expand Stock"
"STRAWBERRY CHARLOTTE BAG","A",492,5516.7,"Expand Stock"
"ABC TREASURE BOOK BOX","A",490,4373.26,"Expand Stock"
"GIN AND TONIC MUG","A",490,3715.61,"Expand Stock"
"SPACEBOY CHILDRENS BOWL","A",487,2757.15,"Expand Stock"
"CLEAR DRAWER KNOB ACRYLIC EDWARDIAN","A",481,6803.17,"Expand Stock"
"CREAM HEART CARD HOLDER","A",476,22687.92,"Expand Stock"
"HEART WREATH DECORATION WITH BELL","A",474,2562.63,"Expand Stock"
"SET 6 PAPER TABLE LANTERN HEARTS","A",473,8110.68,"Expand Stock"
"COFFEE MUG CAT + BIRD DESIGN","A",471,4478.34,"Expand Stock"
"SET/10 RED POLKADOT PARTY CANDLES","A",471,7794.18,"Expand Stock"
"CHRISTMAS TOILET ROLL","A",469,3665.05,"Expand Stock"
"COLOUR GLASS. STAR T-LIGHT HOLDER","A",465,16566.34,"Expand Stock"
"CHRISTMAS LIGHTS 10 REINDEER","A",461,12133,"Expand Stock"
"FELTCRAFT CUSHION OWL","A",461,11756.8,"Expand Stock"
"POSTAGE","A",458,77803.96,"Expand Stock"
"SET OF 3 BUTTERFLY COOKIE CUTTERS","A",457,6711,"Expand Stock"
"FUNKY DIVA PEN","A",456,7010.94,"Expand Stock"
"36 PENCILS TUBE RED RETROSPOT","A",453,4227.26,"Expand Stock"
"GREEN CHRISTMAS TREE CARD HOLDER","A",449,2562.27,"Expand Stock"
"PACK OF 12 COLOURED PENCILS","A",448,3120.64,"Expand Stock"
"LAUNDRY 15C METAL SIGN","A",439,4229.72,"Expand Stock"
"BATHROOM METAL SIGN","A",437,3583.75,"Expand Stock"
"SET 12 KIDS COLOUR  CHALK STICKS","A",435,2814.28,"Expand Stock"
"BLUE STRIPE CERAMIC DRAWER KNOB","A",434,6239.4,"Expand Stock"
"RIBBON REEL SNOWY VILLAGE","A",433,3193.03,"Expand Stock"
"TEA BAG PLATE RED RETROSPOT","A",432,3221.79,"Expand Stock"
"WASHROOM METAL SIGN","A",431,4456.57,"Expand Stock"
"LADIES & GENTLEMEN METAL SIGN","A",430,8696.58,"Expand Stock"
"PINK REGENCY TEACUP AND SAUCER","A",429,14663.29,"Expand Stock"
"HANGING HEART ZINC T-LIGHT HOLDER","A",428,6808.49,"Expand Stock"
"CUPCAKE LACE PAPER SET 6","A",426,4355.33,"Expand Stock"
"RED RETROSPOT SHOPPER BAG","A",425,5106.56,"Expand Stock"
"HOME SWEET HOME MUG","A",423,6698.56,"Expand Stock"
"METAL SIGN DROP YOUR PANTS","A",421,3186.78,"Expand Stock"
"RED RETROSPOT CAKE STAND","A",421,17918.8,"Expand Stock"
"SET OF 6 T-LIGHTS SANTA","A",416,3476.36,"Expand Stock"
"VINTAGE DONKEY TAIL GAME","A",416,6146.89,"Expand Stock"
"BEWARE OF THE CAT METAL SIGN","A",414,6401.93,"Expand Stock"
"SCANDINAVIAN REDS RIBBONS","A",414,3492.2,"Expand Stock"
"RECYCLING BAG RETROSPOT","A",411,11913.03,"Expand Stock"
"ENGLISH ROSE HOT WATER BOTTLE","A",409,5729.66,"Expand Stock"
"PHOTO FRAME CORNICE","A",409,9277.28,"Expand Stock"
"3 STRIPEY MICE FELTCRAFT","A",408,5460.5,"Expand Stock"
"RED RETROSPOT BOWL","A",408,4980.73,"Expand Stock"
"SET OF 36 TEATIME PAPER DOILIES","A",406,4075.78,"Expand Stock"
"PARTY METAL SIGN","A",405,4701.02,"Expand Stock"
"SET OF 6 SPICE TINS PANTRY DESIGN","A",405,20482.6,"Expand Stock"
"JUMBO BAG DOILEY PATTERNS","A",404,16737.1,"Expand Stock"
"ALARM CLOCK BAKELIKE IVORY","A",402,10259.36,"Expand Stock"
"DRAWER KNOB CERAMIC IVORY","A",400,2863.39,"Expand Stock"
"REGENCY TEA PLATE ROSES","A",399,10170.99,"Expand Stock"
"RED STRIPE CERAMIC DRAWER KNOB","A",397,6177.53,"Expand Stock"
"VINTAGE CHRISTMAS GIFT SACK","A",397,5523,"Expand Stock"
"CHARLOTTE BAG DOLLY GIRL DESIGN","A",390,4011.19,"Expand Stock"
"FELTCRAFT CHRISTMAS FAIRY","A",389,7658.93,"Expand Stock"
"OFFICE MUG WARMER BLACK+SILVER","A",384,2910.75,"Expand Stock"
"CHILDRENS APRON APPLES DESIGN","A",382,4097.45,"Expand Stock"
"SET/6 RED SPOTTY PAPER PLATES","A",381,5496.53,"Expand Stock"
"RIBBON REEL STRIPES DESIGN","A",377,4154.33,"Expand Stock"
"EMBOSSED GLASS TEALIGHT HOLDER","A",376,2855.59,"Expand Stock"
"GIRAFFE WOODEN RULER","A",374,6816.84,"Expand Stock"
"CAMOUFLAGE LED TORCH","A",371,4278.12,"Expand Stock"
"HEART FILIGREE DOVE  SMALL","A",371,6574.82,"Expand Stock"
"RIBBON REEL CHRISTMAS SOCK BAUBLE","A",371,2676.39,"Expand Stock"
"CHICK GREY HOT WATER BOTTLE","A",370,5770.27,"Expand Stock"
"PHOTO CUBE","A",365,3997.91,"Expand Stock"
"SMALL GLASS HEART TRINKET POT","A",365,7399.96,"Expand Stock"
"PANTRY WASHING UP BRUSH","A",354,5785.71,"Optimize Stock"
"SET 2 TEA TOWELS I LOVE LONDON","A",353,13030.7,"Optimize Stock"
"POTTERING IN THE SHED METAL SIGN","A",352,8364.64,"Optimize Stock"
"SET OF 10 LED DOLLY LIGHTS","A",352,12972.73,"Optimize Stock"
"FELTCRAFT DOLL MOLLY","A",350,11748.24,"Optimize Stock"
"PURPLE DRAWERKNOB ACRYLIC EDWARDIAN","A",345,3017.37,"Optimize Stock"
"VICTORIAN SEWING KIT","A",344,2640.94,"Optimize Stock"
"SET OF 6 SOLDIER SKITTLES","A",343,8571.25,"Optimize Stock"
"BUNDLE OF 3 RETRO NOTE BOOKS","A",342,3393.35,"Optimize Stock"
"ADVENT CALENDAR GINGHAM SACK","A",338,4775.78,"Optimize Stock"
"HANGING METAL HEART LANTERN","A",336,4789.71,"Optimize Stock"
"RETROSPOT PARTY BAG + STICKER SET","A",336,6745.93,"Optimize Stock"
"WOOD BLACK BOARD ANT WHITE FINISH","A",335,34414.71,"Optimize Stock"
"PAPER BUNTING RETROSPOT","A",333,18785.99,"Optimize Stock"
"BISCUIT TIN VINTAGE CHRISTMAS","A",329,4567.38,"Optimize Stock"
"VINTAGE CHRISTMAS CAKE FRILL","A",329,3879.45,"Optimize Stock"
"CIRCUS PARADE LUNCH BOX","A",327,6114.83,"Optimize Stock"
"CHILDRENS CUTLERY RETROSPOT RED","A",324,9603.68,"Optimize Stock"
"SET/2 RED RETROSPOT TEA TOWELS","A",324,6807.01,"Optimize Stock"
"CHILDRENS CUTLERY SPACEBOY","A",322,7966.08,"Optimize Stock"
"SPACEBOY BEAKER","A",321,2970.75,"Optimize Stock"
"SINGLE HEART ZINC T-LIGHT HOLDER","A",320,5663.53,"Optimize Stock"
"REGENCY TEA PLATE GREEN","A",319,9184.9,"Optimize Stock"
"RED SPOT CERAMIC DRAWER KNOB","A",318,5018.65,"Optimize Stock"
"LARGE CERAMIC TOP STORAGE JAR","A",317,4617.9,"Optimize Stock"
"CLASSIC GLASS COOKIE JAR","A",316,5350.2,"Optimize Stock"
"WOOD 2 DRAWER CABINET WHITE FINISH","A",316,14573.72,"Optimize Stock"
"CHOCOLATE THIS WAY METAL SIGN","A",314,7204.32,"Optimize Stock"
"DOORMAT RED RETROSPOT","A",314,25364.85,"Optimize Stock"
"HAPPY STENCIL CRAFT","A",314,3244.6,"Optimize Stock"
"ASSORTED COLOUR MINI CASES","A",313,12107.51,"Optimize Stock"
"CHILDREN'S APRON DOLLY GIRL","A",313,3984.78,"Optimize Stock"
"METAL 4 HOOK HANGER FRENCH CHATEAU","A",313,6267.39,"Optimize Stock"
"LONDON BUS COFFEE MUG","A",311,9582.15,"Optimize Stock"
"SET/10 PINK POLKADOT PARTY CANDLES","A",311,6346.08,"Optimize Stock"
"WOODEN ADVENT CALENDAR RED","A",310,5047.6,"Optimize Stock"
"GLASS BON BON JAR","A",308,3495.27,"Optimize Stock"
"JUMBO BAG TOYS","A",307,7689.28,"Optimize Stock"
"RECIPE BOX RETROSPOT","A",307,7896.85,"Optimize Stock"
"RED RETROSPOT OVEN GLOVE","A",304,3750.38,"Optimize Stock"
"SET OF 6 T-LIGHTS SNOWMEN","A",304,2768.48,"Optimize Stock"
"STORAGE TIN VINTAGE DOILY","A",304,3502.15,"Optimize Stock"
"SPACEBOY MINI BACKPACK","A",301,4134.5,"Optimize Stock"
"RED GINGHAM ROSE JEWELLERY BOX","A",299,2917.2,"Optimize Stock"
"NATURAL SLATE RECTANGLE CHALKBOARD","A",298,4635.26,"Optimize Stock"
"PACK OF 20 NAPKINS PANTRY DESIGN","A",298,4954.42,"Optimize Stock"
"FELTCRAFT PRINCESS CHARLOTTE DOLL","A",295,8022.76,"Optimize Stock"
"HANGING METAL STAR LANTERN","A",289,2828.08,"Optimize Stock"
"FELTCRAFT PRINCESS LOLA DOLL","A",286,7095.69,"Optimize Stock"
"3 PIECE SPACEBOY COOKIE CUTTER SET","A",284,5026.24,"Optimize Stock"
"POTTERING MUG","A",284,4049.61,"Optimize Stock"
"VINTAGE DOILY DELUXE SEWING KIT","A",283,4194.9,"Optimize Stock"
"HOME SWEET HOME BLACKBOARD","A",281,4108.58,"Optimize Stock"
"JAM JAR WITH PINK LID","A",277,2947.47,"Optimize Stock"
"RED RETROSPOT CUP","A",275,2822.41,"Optimize Stock"
"MISTLETOE HEART WREATH GREEN","A",274,3435.62,"Optimize Stock"
"FELTCRAFT DOLL ROSIE","A",270,4702.12,"Optimize Stock"
"HEART IVORY TRELLIS SMALL","A",268,4706.28,"Optimize Stock"
"SET 7 BABUSHKA NESTING BOXES","A",268,12639.79,"Optimize Stock"
"CHILDRENS CUTLERY DOLLY GIRL","A",267,6525.55,"Optimize Stock"
"SET OF 5 LUCKY CAT MAGNETS","A",267,5117.32,"Optimize Stock"
"3 DRAWER ANTIQUE WHITE WOOD CABINET","A",266,6124.13,"Optimize Stock"
"TOILET SIGN OCCUPIED OR VACANT","A",265,2807.69,"Optimize Stock"
"RED METAL BOX TOP SECRET","A",264,7920.78,"Optimize Stock"
"SET OF 36 PAISLEY FLOWER DOILIES","A",264,2942.51,"Optimize Stock"
"DOORMAT NEW ENGLAND","A",263,22783.8,"Optimize Stock"
"12 MESSAGE CARDS WITH ENVELOPES","A",261,2578.65,"Optimize Stock"
"HEART SHAPED HOLLY WREATH","A",260,3933.18,"Optimize Stock"
"FELTCRAFT DOLL EMILY","A",259,3711.5,"Optimize Stock"
"TREASURE TIN GYMKHANA DESIGN","A",257,4060,"Optimize Stock"
"HEART FILIGREE DOVE LARGE","A",256,4390.47,"Optimize Stock"
"JUMBO BAG DOLLY GIRL DESIGN","A",256,6006.33,"Optimize Stock"
"FILIGRIS HEART WITH BUTTERFLY","A",255,4540.38,"Optimize Stock"
"STRAWBERRY LUNCH BOX WITH CUTLERY","A",252,8721.89,"Optimize Stock"
"ALARM CLOCK BAKELIKE CHOCOLATE","A",246,6559.26,"Optimize Stock"
"BINGO SET","A",245,5718.21,"Optimize Stock"
"CHILDRENS CUTLERY POLKADOT GREEN","A",245,6599.06,"Optimize Stock"
"HOME SWEET HOME CUSHION COVER","A",244,2861.25,"Optimize Stock"
"BELLE JARDINIERE CUSHION COVER","A",243,2555.73,"Optimize Stock"
"FRENCH ENAMEL CANDLEHOLDER","A",243,3087.52,"Optimize Stock"
"WHITE SPOT BLUE CERAMIC DRAWER KNOB","A",243,4929.95,"Optimize Stock"
"DOORMAT HEARTS","A",241,19924.66,"Optimize Stock"
"HAND WARMER BABUSHKA DESIGN","A",241,6118.43,"Optimize Stock"
"ASSORTED FLOWER COLOUR ""LEIS""","A",239,4871.45,"Optimize Stock"
"CREAM SWEETHEART MINI CHEST","A",238,20448.17,"Optimize Stock"
"LARGE HEART MEASURING SPOONS","A",237,2836.92,"Optimize Stock"
"SET OF 5 PANCAKE DAY MAGNETS","A",235,4562.73,"Optimize Stock"
"SET/10 BLUE POLKADOT PARTY CANDLES","A",235,4793.34,"Optimize Stock"
"QUEENS GUARD COFFEE MUG","A",234,5603.57,"Optimize Stock"
"RED RETROSPOT MINI CASES","A",234,12208.85,"Optimize Stock"
"SET OF 4 KNICK KNACK TINS LONDON","A",234,7116.65,"Optimize Stock"
"SET OF 9 HEART SHAPED BALLOONS","A",231,3245.79,"Optimize Stock"
"PINK FLORAL FELTCRAFT SHOULDER BAG","A",230,3979.88,"Optimize Stock"
"REGENCY TEA PLATE PINK","A",229,5793.28,"Optimize Stock"
"HOME BUILDING BLOCK WORD","A",228,15504.51,"Optimize Stock"
"SET OF 4 JAM JAR MAGNETS","A",228,4922.01,"Optimize Stock"
"CHRISTMAS LIGHTS 10 VINTAGE BAUBLES","A",226,5939.28,"Optimize Stock"
"DOORMAT FANCY FONT HOME SWEET HOME","A",224,19149.07,"Optimize Stock"
"DOLLY GIRL BEAKER","A",223,2754.5,"Optimize Stock"
"RED SPOTTY BISCUIT TIN","A",221,7071.2,"Optimize Stock"
"GLASS APOTHECARY BOTTLE PERFUME","A",215,3763.64,"Optimize Stock"
"RED FLORAL FELTCRAFT SHOULDER BAG","A",215,6726.81,"Optimize Stock"
"RED RETROSPOT PEG BAG","A",214,5874.95,"Optimize Stock"
"SET/3 VANILLA SCENTED CANDLE IN BOX","A",211,2727.97,"Optimize Stock"
"DOORMAT UNION FLAG","A",210,23622.54,"Optimize Stock"
"SUKI  SHOULDER BAG","A",210,2824.37,"Optimize Stock"
"PAINT YOUR OWN CANVAS SET","A",209,3737.28,"Optimize Stock"
"EDWARDIAN PARASOL BLACK","A",208,15218.67,"Optimize Stock"
"SKULL LUNCH BOX WITH CUTLERY","A",206,4609.5,"Optimize Stock"
"RIBBON REEL LACE DESIGN","A",205,2584.8,"Optimize Stock"
"BLUE VINTAGE SPOT BEAKER","A",204,4528.29,"Optimize Stock"
"FELTCRAFT GIRL AMELIE KIT","A",202,4799.38,"Optimize Stock"
"PINK POLKADOT BOWL","A",201,3640.08,"Optimize Stock"
"FULL ENGLISH BREAKFAST PLATE","A",196,4985.55,"Optimize Stock"
"BOX OF VINTAGE ALPHABET BLOCKS","A",195,13035.66,"Optimize Stock"
"WOODLAND MINI BACKPACK","A",193,3133.6,"Optimize Stock"
"HEART IVORY TRELLIS LARGE","A",192,4962.43,"Optimize Stock"
"RED RETROSPOT UMBRELLA","A",192,10217.72,"Optimize Stock"
"FELTCRAFT PRINCESS OLIVIA DOLL","A",191,5434.85,"Optimize Stock"
"LUNCH BOX WITH CUTLERY RETROSPOT","A",191,6705.04,"Optimize Stock"
"BLACK HEART CARD HOLDER","A",189,12257.95,"Optimize Stock"
"POPPY'S PLAYHOUSE KITCHEN","A",189,3916.91,"Optimize Stock"
"SET OF 12 FORK CANDLES","A",189,3319.35,"Optimize Stock"
"TOY TIDY PINK POLKADOT","A",189,6225.38,"Optimize Stock"
"VINTAGE UNION JACK MEMOBOARD","A",188,22679.28,"Optimize Stock"
"GLASS APOTHECARY BOTTLE TONIC","A",185,3211.09,"Optimize Stock"
"SET OF 5 MINI GROCERY MAGNETS","A",185,3297.22,"Optimize Stock"
"PIGGY BANK RETROSPOT","A",183,6298.37,"Optimize Stock"
"SMALL IVORY HEART WALL ORGANISER","A",180,4989.08,"Optimize Stock"
"DRAWER KNOB CRACKLE GLAZE IVORY","A",177,3348.6,"Optimize Stock"
"RIBBON REEL HEARTS DESIGN","A",177,2808.89,"Optimize Stock"
"WHITE SPOT RED CERAMIC DRAWER KNOB","A",174,5578.14,"Optimize Stock"
"BLUE POLKADOT BOWL","A",172,3178.65,"Optimize Stock"
"PINK DRAWER KNOB ACRYLIC EDWARDIAN","A",171,3831.72,"Optimize Stock"
"SINGLE ANTIQUE ROSE HOOK IVORY","A",171,2669.95,"Optimize Stock"
"FOOD CONTAINER SET 3 LOVE HEART","A",170,3358.72,"Optimize Stock"
"TROPICAL  HONEYCOMB PAPER GARLAND","A",170,2672.25,"Optimize Stock"
"RED RETROSPOT SMALL MILK JUG","A",168,5804.7,"Optimize Stock"
"LOVE BUILDING BLOCK WORD","A",167,11398.71,"Optimize Stock"
"BUNDLE OF 3 SCHOOL EXERCISE BOOKS","A",166,2691.14,"Optimize Stock"
"IVORY KITCHEN SCALES","A",166,14638.73,"Optimize Stock"
"BLUE PARTY BAGS","A",162,2728.94,"Optimize Stock"
"RED KITCHEN SCALES","A",162,11836.23,"Optimize Stock"
"REGENCY TEA STRAINER","A",162,4789.24,"Optimize Stock"
"COLOURING PENCILS BROWN TUBE","A",161,2923.18,"Optimize Stock"
"GREEN VINTAGE SPOT BEAKER","A",161,4261.89,"Optimize Stock"
"SET OF 2 TEA TOWELS APPLE AND PEARS","A",160,5839.59,"Optimize Stock"
"SET/3 RED GINGHAM ROSE STORAGE BOX","A",158,9401.82,"Optimize Stock"
"POPPY'S PLAYHOUSE BEDROOM","A",157,3673.15,"Optimize Stock"
"EDWARDIAN PARASOL NATURAL","A",155,20672.91,"Optimize Stock"
"OPEN CLOSED METAL SIGN","A",155,7296.51,"Optimize Stock"
"LARGE IVORY HEART WALL ORGANISER","A",154,5142.91,"Optimize Stock"
"MEMO BOARD RETROSPOT  DESIGN","A",154,12411.02,"Optimize Stock"
"SET 3 RETROSPOT TEA,COFFEE,SUGAR","A",154,8330.12,"Optimize Stock"
"DOORSTOP RETROSPOT HEART","A",153,5919.46,"Optimize Stock"
"RED RETROSPOT PLATE","A",153,4855.91,"Optimize Stock"
"SCANDINAVIAN PAISLEY PICNIC BAG","A",153,4357.06,"Optimize Stock"
"REGENCY MILK JUG PINK","A",152,8995,"Optimize Stock"
"BLUE HAPPY BIRTHDAY BUNTING","A",149,10096.62,"Optimize Stock"
"SET OF 4 KNICK KNACK TINS LEAF","A",149,2970.85,"Optimize Stock"
"FOOT STOOL HOME SWEET HOME","A",147,4069.9,"Optimize Stock"
"TREASURE TIN BUFFALO BILL","A",147,2886.08,"Optimize Stock"
"DOORMAT SPOTTY HOME SWEET HOME","A",146,12055.32,"Optimize Stock"
"FELTCRAFT GIRL NICOLE KIT","A",141,3169.79,"Optimize Stock"
"PACK OF 20 NAPKINS RED APPLES","A",139,3326.39,"Optimize Stock"
"SWEETHEART RECIPE BOOK STAND","A",139,7077.9,"Optimize Stock"
"SET3 BOOK BOX GREEN GINGHAM FLOWER","A",138,4259.3,"Optimize Stock"
"VINTAGE SNAKES & LADDERS","A",138,5508.53,"Optimize Stock"
"PINK VINTAGE SPOT BEAKER","A",137,4384.83,"Optimize Stock"
"DOORMAT ENGLISH ROSE","A",136,13447.1,"Optimize Stock"
"WOODLAND PARTY BAG + STICKER SET","A",136,2750.96,"Optimize Stock"
"EDWARDIAN PARASOL RED","A",135,9055.87,"Optimize Stock"
"MEMO BOARD COTTAGE DESIGN","A",135,6286.39,"Optimize Stock"
"AIRLINE BAG VINTAGE TOKYO 78","A",134,3468.63,"Optimize Stock"
"IVORY HANGING DECORATION  HEART","A",134,2952.54,"Optimize Stock"
"NATURAL SLATE CHALKBOARD LARGE","A",134,6813.4,"Optimize Stock"
"FRYING PAN UNION FLAG","A",133,4727.11,"Optimize Stock"
"DOORMAT FAIRY CAKE","A",130,21171.79,"Optimize Stock"
"FELTCRAFT 6 FLOWER FRIENDS","A",130,11549.59,"Optimize Stock"
"BOX OF VINTAGE JIGSAW BLOCKS","A",128,5019.67,"Optimize Stock"
"POTTING SHED TEA MUG","A",128,2924.48,"Optimize Stock"
"STRAWBERRY CERAMIC TRINKET BOX","A",128,10883.02,"Optimize Stock"
"RED RETROSPOT CHILDRENS UMBRELLA","A",126,3629.66,"Optimize Stock"
"S/6 WOODEN SKITTLES IN COTTON BAG","A",126,3247.16,"Optimize Stock"
"RED RETROSPOT SUGAR JAM BOWL","A",125,3448.95,"Optimize Stock"
"DOLLY GIRL MINI BACKPACK","A",124,2838.95,"Optimize Stock"
"METAL SIGN TAKE IT OR LEAVE IT","A",124,10638.45,"Optimize Stock"
"ANTIQUE GLASS DRESSING TABLE POT","A",123,4684.06,"Optimize Stock"
"POPPY'S PLAYHOUSE LIVINGROOM","A",123,2724.62,"Optimize Stock"
"VINTAGE UNION JACK BUNTING","A",123,20945.16,"Optimize Stock"
"20 DOLLY PEGS RETROSPOT","A",122,3017.5,"Optimize Stock"
"CALENDAR PAPER CUT DESIGN","A",122,5060.84,"Optimize Stock"
"I'M ON HOLIDAY METAL SIGN","A",122,4757.35,"Optimize Stock"
"RED RETROSPOT MUG","A",122,4969.15,"Optimize Stock"
"TRAVEL SEWING KIT","A",122,7779.11,"Optimize Stock"
"REGENCY SUGAR BOWL GREEN","A",121,11567.24,"Optimize Stock"
"REGENCY TEAPOT ROSES","A",121,23033.52,"Optimize Stock"
"FOUR HOOK  WHITE LOVEBIRDS","A",120,2904.87,"Optimize Stock"
"PANTRY SCRUBBING BRUSH","A",120,3656.94,"Optimize Stock"
"PINK HAPPY BIRTHDAY BUNTING","A",120,11666.35,"Optimize Stock"
"RED HEART SHAPE LOVE BUCKET","A",120,2591.02,"Optimize Stock"
"SET 2 PANTRY DESIGN TEA TOWELS","A",120,8310.17,"Optimize Stock"
"CHRISTMAS LIGHTS 10 SANTAS","A",119,4100.25,"Optimize Stock"
"FAMILY ALBUM WHITE PICTURE FRAME","A",119,8408.14,"Optimize Stock"
"ANTIQUE SILVER BAUBLE LAMP","A",117,3437.7,"Optimize Stock"
"RED RETROSPOT ROUND CAKE TINS","A",117,9178.3,"Optimize Stock"
"CHILDREN'S SPACEBOY MUG","A",116,2746.16,"Optimize Stock"
"MIRRORED DISCO BALL","A",116,3393.4,"Optimize Stock"
"PACK 3 BOXES BIRD PANNETONE","A",115,3863,"Optimize Stock"
"GLASS APOTHECARY BOTTLE ELIXIR","A",114,2951.78,"Optimize Stock"
"PANTRY ROLLING PIN","A",113,9180.53,"Optimize Stock"
"RED DINER WALL CLOCK","A",111,11048.89,"Optimize Stock"
"3 HOOK PHOTO SHELF ANTIQUE WHITE","A",110,12160.08,"Optimize Stock"
"DOORMAT VINTAGE LEAF","A",110,3766.57,"Optimize Stock"
"PICTURE FRAME WOOD TRIPLE PORTRAIT","A",110,6378.15,"Optimize Stock"
"PINK VINTAGE PAISLEY PICNIC BAG","A",110,4289.26,"Optimize Stock"
"BLACK/BLUE POLKADOT UMBRELLA","A",109,6361.99,"Optimize Stock"
"DELUXE SEWING KIT","A",109,5968.67,"Optimize Stock"
"WATERING CAN BLUE ELEPHANT","A",109,3682.75,"Optimize Stock"
"LANTERN CREAM GAZEBO","A",108,5676.87,"Optimize Stock"
"MINT KITCHEN SCALES","A",108,6574.29,"Optimize Stock"
"CHILDS BREAKFAST SET SPACEBOY","A",106,6652,"Optimize Stock"
"ANTIQUE GLASS PEDESTAL BOWL","A",105,3212.1,"Optimize Stock"
"DOORMAT RESPECTABLE HOUSE","A",105,4865.19,"Optimize Stock"
"PEG BAG APPLES DESIGN","A",103,3336.37,"Optimize Stock"
"GAOLERS KEYS DECORATIVE GARDEN","A",101,3400.94,"Optimize Stock"
"VICTORIAN SEWING BOX SMALL","A",101,6402.36,"Optimize Stock"
"WOODEN OWLS LIGHT GARLAND","A",101,5768.6,"Optimize Stock"
"DOORMAT BLACK FLOCK","A",99,9797.75,"Optimize Stock"
"BULL DOG BOTTLE OPENER","A",97,3749.5,"Optimize Stock"
"WOODEN ADVENT CALENDAR CREAM","A",97,5323.05,"Optimize Stock"
"FAMILY PHOTO FRAME CORNICE","A",95,7636.89,"Optimize Stock"
"WOODEN HAPPY BIRTHDAY GARLAND","A",95,5901.3,"Optimize Stock"
"BREAD BIN DINER STYLE IVORY","A",94,13131.89,"Optimize Stock"
"GREEN METAL BOX ARMY SUPPLIES","A",94,3474.39,"Optimize Stock"
"TRIPLE PHOTO FRAME CORNICE","A",94,6932.83,"Optimize Stock"
"PAPER BUNTING VINTAGE PAISLEY","A",93,3395.55,"Optimize Stock"
"PARISIENNE KEY CABINET","A",93,3673.7,"Optimize Stock"
"HOLIDAY FUN LUDO","A",91,3810.71,"Optimize Stock"
"ENCHANTED BIRD COATHANGER 5 HOOK","A",90,3470.54,"Optimize Stock"
"BOYS VINTAGE TIN SEASIDE BUCKET","A",89,2880.92,"Optimize Stock"
"CHILDS BREAKFAST SET CIRCUS PARADE","A",89,4656.3,"Optimize Stock"
"RED BABY BUNTING","A",89,2969.65,"Optimize Stock"
"IVORY DINER WALL CLOCK","A",88,11527.7,"Optimize Stock"
"ENAMEL MEASURING JUG CREAM","A",86,4916.04,"Optimize Stock"
"REGENCY CAKE SLICE","A",86,2579.21,"Optimize Stock"
"CHILDS BREAKFAST SET DOLLY GIRL","A",85,6053.05,"Optimize Stock"
"VICTORIAN SEWING BOX LARGE","A",85,5014.23,"Optimize Stock"
"VINTAGE CHRISTMAS TABLECLOTH","A",84,4638.52,"Optimize Stock"
"CHILDRENS CUTLERY CIRCUS PARADE","A",83,3852.44,"Optimize Stock"
"EDWARDIAN PARASOL PINK","A",83,4242.26,"Optimize Stock"
"PACK OF 6 PANNETONE GIFT BOXES","A",83,4975.03,"Optimize Stock"
"SET/6 PINK  BUTTERFLY T-LIGHTS","A",83,3856.04,"Optimize Stock"
"LIGHT GARLAND BUTTERFILES PINK","A",81,5018.84,"Optimize Stock"
"WELCOME  WOODEN BLOCK LETTERS","A",81,4826.67,"Optimize Stock"
"CLASSIC METAL BIRDCAGE PLANT HOLDER","A",80,10123.16,"Optimize Stock"
"PACK 3 BOXES CHRISTMAS PANNETONE","A",79,2867.15,"Optimize Stock"
"PARISIENNE JEWELLERY DRAWER","A",79,5399.02,"Optimize Stock"
"ROUND CAKE TIN VINTAGE RED","A",77,6576.88,"Optimize Stock"
"3 TIER CAKE TIN RED AND CREAM","A",76,8737.78,"Optimize Stock"
"REGENCY SUGAR TONGS","A",76,3949.7,"Optimize Stock"
"DOORMAT 3 SMILEY CATS","A",75,6690.8,"Optimize Stock"
"GLASS CLOCHE SMALL","A",75,2727.95,"Optimize Stock"
"MINI WOODEN HAPPY BIRTHDAY GARLAND","A",75,2726.31,"Optimize Stock"
"RETROSPOT LARGE MILK JUG","A",75,6217.65,"Optimize Stock"
"BLUE DINER WALL CLOCK","A",74,7528.93,"Optimize Stock"
"DOORMAT AIRMAIL","A",74,4887.82,"Optimize Stock"
"VINTAGE CREAM DOG FOOD CONTAINER","A",74,6753.85,"Optimize Stock"
"HOME SWEET HOME METAL SIGN","A",73,4844.72,"Investigate Demand Drop"
"SET OF SALT AND PEPPER TOADSTOOLS","A",73,3000.35,"Investigate Demand Drop"
"VICTORIAN SEWING BOX MEDIUM","A",72,3727.44,"Investigate Demand Drop"
"ANTIQUE TALL SWIRLGLASS TRINKET POT","A",71,2813.38,"Investigate Demand Drop"
"BABUSHKA LIGHTS STRING OF 10","A",71,3032.39,"Investigate Demand Drop"
"DOORMAT HOME SWEET HOME BLUE","A",71,9619.99,"Investigate Demand Drop"
"PINK BABY BUNTING","A",71,5415.66,"Investigate Demand Drop"
"36 FOIL HEART CAKE CASES","A",70,3814.37,"Investigate Demand Drop"
"CREAM CUPID HEARTS COAT HANGER","A",69,7121.23,"Investigate Demand Drop"
"LARGE ANTIQUE WHITE PHOTO FRAME","A",69,3568.26,"Investigate Demand Drop"
"PHOTO FRAME 3 CLASSIC HANGING","A",69,5357.55,"Investigate Demand Drop"
"SET OF 4 KNICK KNACK TINS POPPIES","A",68,3142.4,"Investigate Demand Drop"
"SWEETHEART BIRD HOUSE","A",68,2908.55,"Investigate Demand Drop"
"WHITE WOOD GARDEN PLANT LADDER","A",67,6768.86,"Investigate Demand Drop"
"ENAMEL BREAD BIN CREAM","A",66,8493.5,"Investigate Demand Drop"
"BREAD BIN DINER STYLE RED","A",64,9597.31,"Investigate Demand Drop"
"DOORMAT WELCOME PUPPIES","A",64,11536.25,"Investigate Demand Drop"
"MINT DINER WALL CLOCK","A",63,3034.5,"Investigate Demand Drop"
"WOODEN ROUNDERS GARDEN SET","A",62,11561.34,"Investigate Demand Drop"
"DOORMAT TOPIARY","A",61,5644.46,"Investigate Demand Drop"
"FIRST AID TIN","A",61,3530.35,"Investigate Demand Drop"
"BATH BUILDING BLOCK WORD","A",59,4644.53,"Investigate Demand Drop"
"DOORMAT WELCOME TO OUR HOME","A",58,9451.58,"Investigate Demand Drop"
"SET OF 4 NAPKIN CHARMS CUTLERY","A",57,2642.86,"Investigate Demand Drop"
"WHITE METAL LANTERN","A",57,5694.28,"Investigate Demand Drop"
"FELTCRAFT BUTTERFLY HEARTS","A",55,8308.75,"Investigate Demand Drop"
"RETROSPOT RED WASHING UP GLOVES","A",54,2668.38,"Investigate Demand Drop"
"SOMBRERO","A",53,5691.5,"Investigate Demand Drop"
"DOORMAT MULTICOLOUR STRIPE","A",52,8045.27,"Investigate Demand Drop"
"TEA TIME KITCHEN APRON","A",52,3248.07,"Investigate Demand Drop"
"NOVELTY BISCUITS CAKE STAND 3 TIER","A",51,3445.42,"Investigate Demand Drop"
"SET OF 2 WOODEN MARKET CRATES","A",51,5652.9,"Investigate Demand Drop"
"VINTAGE CREAM CAT FOOD CONTAINER","A",50,4201.74,"Investigate Demand Drop"
"PANTRY CHOPPING BOARD","A",49,5695.86,"Investigate Demand Drop"
"RED RETROSPOT PICNIC BAG","A",49,10365.76,"Investigate Demand Drop"
"STRAWBERRY FAIRY CAKE TEAPOT","A",48,3638.9,"Investigate Demand Drop"
"WOODEN CROQUET GARDEN SET","A",48,9555.98,"Investigate Demand Drop"
"SPACEBOY BABY GIFT SET","A",47,7048.55,"Investigate Demand Drop"
"PARISIENNE CURIO CABINET","A",46,3437.3,"Investigate Demand Drop"
"SET OF 3 CAKE TINS SKETCHBOOK","A",46,3942.82,"Investigate Demand Drop"
"CERAMIC CAKE STAND + HANGING CAKES","A",43,5074.83,"Investigate Demand Drop"
"DOG BOWL CHASING BALL DESIGN","A",43,5220.43,"Investigate Demand Drop"
"BISCUIT TIN VINTAGE RED","A",42,3609.8,"Investigate Demand Drop"
"CAKE STAND 3 TIER MAGIC GARDEN","A",42,3624.6,"Investigate Demand Drop"
"GIRLS VINTAGE TIN SEASIDE BUCKET","A",42,2736.75,"Investigate Demand Drop"
"GUMBALL MAGAZINE RACK","A",42,3909.14,"Investigate Demand Drop"
"SMALL RED RETROSPOT WINDMILL","A",42,3521.7,"Investigate Demand Drop"
"ENAMEL WATERING CAN CREAM","A",41,2621.85,"Investigate Demand Drop"
"PICNIC BOXES SET OF 3 RETROSPOT","A",41,3607.3,"Investigate Demand Drop"
"DOORMAT PEACE ON EARTH BLUE","A",40,3442.04,"Investigate Demand Drop"
"LARGE CAKE STAND  HANGING STRAWBERY","A",40,3854.68,"Investigate Demand Drop"
"WATERING CAN PINK BUNNY","A",40,3092.78,"Investigate Demand Drop"
"PARISIENNE SEWING BOX","A",37,3464.8,"Investigate Demand Drop"
"SET OF 6 HERB TINS SKETCHBOOK","A",37,3686.14,"Investigate Demand Drop"
"CAKE PLATE LOVEBIRD WHITE","A",36,2599.2,"Investigate Demand Drop"
"DINOSAUR LUNCH BOX WITH CUTLERY","A",36,2868.78,"Investigate Demand Drop"
"ROUND CAKE TIN VINTAGE GREEN","A",36,3887.53,"Investigate Demand Drop"
"3 TIER CAKE TIN GREEN AND CREAM","A",35,4924.66,"Investigate Demand Drop"
"WOODEN UNION JACK BUNTING","A",35,9928.83,"Investigate Demand Drop"
"DOORMAT MERRY CHRISTMAS RED","A",34,4340.44,"Investigate Demand Drop"
"CIRCUS PARADE BABY GIFT SET","A",33,4444.75,"Investigate Demand Drop"
"36 DOILIES VINTAGE CHRISTMAS","A",30,7004.8,"Investigate Demand Drop"
"CINDERELLA CHANDELIER","A",29,3617.6,"Investigate Demand Drop"
"DOLLY GIRL BABY GIFT SET","A",29,6534.05,"Investigate Demand Drop"
"ILLUSTRATED CAT BOWL","A",29,3586.32,"Investigate Demand Drop"
"COTTON APRON PANTRY DESIGN","A",28,2670.54,"Investigate Demand Drop"
"I LOVE LONDON BABY GIFT SET","A",28,3262.55,"Investigate Demand Drop"
"CARRIAGE","A",26,6686,"Investigate Demand Drop"
"VANILLA SCENT CANDLE JEWELLED BOX","A",26,2541.12,"Investigate Demand Drop"
"5 HOOK HANGER RED MAGIC TOADSTOOL","A",25,4595.1,"Investigate Demand Drop"
"VINTAGE CREAM 3 BASKET CAKE STAND","A",24,3667.23,"Investigate Demand Drop"
"FOOD COVER WITH BEADS SET 2","A",23,3545.17,"Investigate Demand Drop"
"ROSE CARAVAN DOORSTOP","A",23,2567.61,"Investigate Demand Drop"
"ROSE COTTAGE KEEPSAKE BOX","A",23,6565,"Investigate Demand Drop"
"SET/4 WHITE RETRO STORAGE CUBES","A",23,13007.15,"Investigate Demand Drop"
"BISCUIT TIN VINTAGE GREEN","A",21,2685.13,"Investigate Demand Drop"
"BLACK KITCHEN SCALES","A",21,4134.03,"Investigate Demand Drop"
"SET 40 HEART SHAPE PETIT FOUR CASES","A",21,6677,"Investigate Demand Drop"
"TEA TIME PARTY BUNTING","A",21,10430.4,"Investigate Demand Drop"
"DOORMAT UNION JACK GUNS AND ROSES","A",20,6619.41,"Investigate Demand Drop"
"FLOWERS CHANDELIER T-LIGHT HOLDER","A",20,2770.91,"Investigate Demand Drop"
"PINK PARTY BAGS","A",20,4481.62,"Investigate Demand Drop"
"STOOL HOME SWEET HOME","A",19,2635.9,"Investigate Demand Drop"
"RECIPE BOX BLUE SKETCHBOOK DESIGN","A",18,3422.06,"Investigate Demand Drop"
"FELTCRAFT CUSHION RABBIT","A",17,10672.31,"Investigate Demand Drop"
"CABIN BAG VINTAGE RETROSPOT","A",16,3012.4,"Investigate Demand Drop"
"DOORMAT CHRISTMAS VILLAGE","A",16,2991.7,"Investigate Demand Drop"
"EASTER CRAFT 4 CHICKS","A",16,3355.35,"Investigate Demand Drop"
"RECYCLED ACAPULCO MAT RED","A",16,3572.75,"Investigate Demand Drop"
"16 PIECE CUTLERY SET PANTRY DESIGN","A",15,3018.3,"Investigate Demand Drop"
"PHARMACIE FIRST AID TIN","A",15,3220.81,"Investigate Demand Drop"
"VINTAGE  2 METER FOLDING RULER","A",15,2902.47,"Investigate Demand Drop"
"LARGE RED RETROSPOT WINDMILL","A",14,3645,"Investigate Demand Drop"
"RECYCLED ACAPULCO MAT TURQUOISE","A",14,4694.75,"Investigate Demand Drop"
"LOVE SEAT ANTIQUE WHITE METAL","A",13,6210,"Investigate Demand Drop"
"PICNIC BASKET WICKER LARGE","A",11,10799,"Investigate Demand Drop"
"PINK HEART SHAPE EGG FRYING PAN","A",11,4370.78,"Investigate Demand Drop"
"RECYCLED ACAPULCO MAT GREEN","A",10,3763.55,"Investigate Demand Drop"
"SET OF 36 DOILIES PANTRY DESIGN","A",10,3761.92,"Investigate Demand Drop"
"TABLECLOTH RED APPLES DESIGN","A",10,2821.95,"Investigate Demand Drop"
"EMPIRE DESIGN ROSETTE","A",9,3596.42,"Investigate Demand Drop"
"SET 3 WICKER STORAGE BASKETS","A",9,3399.95,"Investigate Demand Drop"
"METAL SIGN HER DINNER IS SERVED","A",8,3802.5,"Investigate Demand Drop"
"ZINC HERB GARDEN CONTAINER","A",8,3279.82,"Investigate Demand Drop"
"RECYCLED ACAPULCO MAT BLUE","A",7,2741.35,"Investigate Demand Drop"
"RETRO COFFEE MUGS ASSORTED","A",7,2829.28,"Investigate Demand Drop"
"UNION STRIPE WITH FRINGE  HAMMOCK","A",6,5674.14,"Investigate Demand Drop"
"BLACK AND WHITE CAT BOWL","A",5,2661.9,"Investigate Demand Drop"
"DOILEY STORAGE TIN","A",5,2934.98,"Investigate Demand Drop"
"DOTCOM POSTAGE","A",4,11906.36,"Investigate Demand Drop"
"CHEST NATURAL WOOD 20 DRAWERS","A",3,2745,"Investigate Demand Drop"
"RED RETROSPOT BUTTER DISH","A",3,4414.8,"Investigate Demand Drop"
"RUSTIC  SEVENTEEN DRAWER SIDEBOARD","A",3,5415,"Investigate Demand Drop"
"ENAMEL FLOWER JUG CREAM","A",2,11421.13,"Investigate Demand Drop"
"RECYCLED ACAPULCO MAT PINK","A",2,2589.9,"Investigate Demand Drop"
"SMALL ZINC HEART WALL ORGANISER","A",2,5378.8,"Investigate Demand Drop"
"STRAWBERRY   PICNIC BAG","A",2,4430.5,"Investigate Demand Drop"
"VINYL RECORD FRAME SILVER","A",2,4275.22,"Investigate Demand Drop"
"WOODEN SKITTLES GARDEN SET","A",2,4304.85,"Investigate Demand Drop"
"VINTAGE RED KITCHEN CABINET","A",1,8125,"Investigate Demand Drop"
"DISCO BALL CHRISTMAS DECORATION","B",3898,1397.04,"Increase Monitoring"
"CHRISTMAS HANGING STAR WITH BELL","B",1981,2402.12,"Increase Monitoring"
"STAR DECORATION PAINTED ZINC","B",1834,924.95,"Increase Monitoring"
"PENS ASSORTED FUNNY FACE","B",1570,2313.74,"Increase Monitoring"
"FOLKART STAR CHRISTMAS DECORATIONS","B",1488,1281.16,"Increase Monitoring"
"WOODEN TREE CHRISTMAS SCANDINAVIAN","B",1442,1664.29,"Increase Monitoring"
"WRAP CHRISTMAS VILLAGE","B",1424,2003.92,"Increase Monitoring"
"PENS ASSORTED SPACEBALL","B",1416,1206.2,"Increase Monitoring"
"GLITTER CHRISTMAS STAR","B",1398,1053.46,"Increase Monitoring"
"WRAP 50'S  CHRISTMAS","B",1322,1892.46,"Increase Monitoring"
"CARD MOTORBIKE SANTA","B",1195,1405.08,"Increase Monitoring"
"HANGING HEART WITH BELL","B",1195,1906.58,"Increase Monitoring"
"MUSICAL ZINC HEART DECORATION","B",1171,943.64,"Increase Monitoring"
"JAZZ HEARTS PURSE NOTEBOOK","B",1169,1845.87,"Increase Monitoring"
"CARD CHRISTMAS VILLAGE","B",1116,1309.32,"Increase Monitoring"
"ANGEL DECORATION 3 BUTTONS","B",1067,1455.84,"Increase Monitoring"
"SET 12 COLOUR PENCILS SPACEBOY","B",1057,1803.3,"Increase Monitoring"
"GLITTER HEART DECORATION","B",1051,1056.34,"Increase Monitoring"
"MINI PLAYING CARDS GYMKHANA","B",1025,901.74,"Increase Monitoring"
"MINI PLAYING CARDS BUFFALO BILL","B",999,1128.18,"Increase Monitoring"
"SKULLS AND CROSSBONES WRAP","B",999,2356,"Increase Monitoring"
"CHRISTMAS METAL POSTCARD WITH BELLS","B",975,1125.94,"Increase Monitoring"
"SLEEPING CAT ERASERS","B",960,885.45,"Increase Monitoring"
"TRAVEL CARD WALLET I LOVE LONDON","B",950,1767.72,"Increase Monitoring"
"SET 12 COLOURING PENCILS DOILY","B",919,1177.1,"Increase Monitoring"
"PLACE SETTING WHITE STAR","B",897,967.13,"Increase Monitoring"
"SWALLOWS GREETING CARD","B",859,2120.55,"Increase Monitoring"
"HEART WOODEN CHRISTMAS DECORATION","B",857,1851.99,"Increase Monitoring"
"PACK OF 12 50'S CHRISTMAS TISSUES","B",854,1270.59,"Increase Monitoring"
"FEATHER PEN,HOT PINK","B",845,1758.89,"Increase Monitoring"
"WRAP VINTAGE LEAF DESIGN","B",842,2109.42,"Increase Monitoring"
"PACK OF 12 VINTAGE CHRISTMAS TISSUE","B",824,995.46,"Increase Monitoring"
"SET 12 COLOUR PENCILS DOLLY GIRL","B",822,1396.4,"Increase Monitoring"
"PACK OF 12 SUKI TISSUES","B",817,1995.05,"Increase Monitoring"
"FEATHER PEN,COAL BLACK","B",805,1170.9,"Increase Monitoring"
"ANGEL DECORATION STARS ON DRESS","B",800,987.42,"Increase Monitoring"
"IVORY WICKER HEART MEDIUM","B",798,2498.65,"Increase Monitoring"
"FLUTED ANTIQUE CANDLE HOLDER","B",793,1867.91,"Increase Monitoring"
"HANGING JAM JAR T-LIGHT HOLDERS","B",742,1867.33,"Increase Monitoring"
"STAR DECORATION RUSTIC","B",742,924.42,"Increase Monitoring"
"HEART DECORATION RUSTIC HANGING","B",739,855.92,"Increase Monitoring"
"SMALL HANGING IVORY/RED WOOD BIRD","B",738,943.13,"Increase Monitoring"
"ROCKING HORSE RED CHRISTMAS","B",736,1807.6,"Increase Monitoring"
"MAGIC DRAWING SLATE DOLLY GIRL","B",724,1430.7,"Increase Monitoring"
"CHRISTMAS METAL TAGS ASSORTED","B",718,2395.93,"Increase Monitoring"
"VINTAGE BILLBOARD LOVE/HATE MUG","B",718,1637.71,"Increase Monitoring"
"3 RAFFIA RIBBONS 50'S CHRISTMAS","B",699,1624.5,"Increase Monitoring"
"MINI PLAYING CARDS SPACEBOY","B",695,1106.28,"Increase Monitoring"
"SET 12 COLOUR PENCILS LOVE LONDON","B",687,991.45,"Increase Monitoring"
"SET 36 COLOUR PENCILS SPACEBOY","B",671,1775.22,"Increase Monitoring"
"CHRISTMAS GINGHAM TREE","B",663,1480.06,"Increase Monitoring"
"CHRISTMAS GINGHAM STAR","B",657,1735.27,"Increase Monitoring"
"MINI PLAYING CARDS DOLLY GIRL","B",644,1013.04,"Increase Monitoring"
"DECORATIVE WICKER HEART MEDIUM","B",641,2181.19,"Increase Monitoring"
"SET OF 3 WOODEN STOCKING DECORATION","B",627,2529.64,"Increase Monitoring"
"PLAYING CARDS JUBILEE UNION JACK","B",623,2073.73,"Increase Monitoring"
"SET OF 3 WOODEN SLEIGH DECORATIONS","B",613,2396.7,"Increase Monitoring"
"SET OF 3 WOODEN TREE DECORATIONS","B",611,2153.71,"Increase Monitoring"
"WRAP PAISLEY PARK","B",598,1365,"Increase Monitoring"
"3 ROSE MORRIS BOXED CANDLES","B",591,1555.64,"Increase Monitoring"
"12 PENCILS TALL TUBE SKULLS","B",590,1705.66,"Increase Monitoring"
"COFFEE MUG BLUE PAISLEY DESIGN","B",581,1252.76,"Increase Monitoring"
"REINDEER HEART DECORATION SILVER","B",573,1241.59,"Increase Monitoring"
"VINTAGE BILLBOARD MUG","B",573,1058.54,"Increase Monitoring"
"SCENTED VELVET LOUNGE CANDLE","B",569,755.13,"Increase Monitoring"
"SMALL DOLLY MIX DESIGN ORANGE BOWL","B",558,2040.19,"Increase Monitoring"
"TRAVEL CARD WALLET VINTAGE TICKET","B",548,1875.12,"Increase Monitoring"
"STAR WOODEN CHRISTMAS DECORATION","B",547,2036.56,"Increase Monitoring"
"MAGIC DRAWING SLATE SPACEBOY","B",543,1735.5,"Increase Monitoring"
"CARD BIRTHDAY COWBOY","B",537,1324.89,"Increase Monitoring"
"SET 36 COLOUR PENCILS DOLLY GIRL","B",537,1520.22,"Increase Monitoring"
"12 PENCILS TALL TUBE RED RETROSPOT","B",534,2240.31,"Increase Monitoring"
"3D VINTAGE CHRISTMAS STICKERS","B",519,1930.38,"Increase Monitoring"
"RED RETROSPOT TISSUE BOX","B",507,930.04,"Increase Monitoring"
"RETROSPOT CIGAR BOX MATCHES","B",501,2135.32,"Increase Monitoring"
"4 VANILLA BOTANICAL CANDLES","B",497,1247.5,"Increase Monitoring"
"CACTI T-LIGHT CANDLES","B",494,2065.22,"Increase Monitoring"
"SMALL WHITE RETROSPOT MUG IN BOX","B",493,1295.04,"Increase Monitoring"
"ENGLISH ROSE NOTEBOOK A7 SIZE","B",492,1147,"Increase Monitoring"
"4 LAVENDER BOTANICAL DINNER CANDLES","B",491,1193.75,"Increase Monitoring"
"GLAMOROUS  MUG","B",491,1365.73,"Increase Monitoring"
"ICE CREAM BUBBLES","B",491,2131.01,"Increase Monitoring"
"LIPSTICK PEN RED","B",491,1232.34,"Increase Monitoring"
"VINTAGE GLASS T-LIGHT HOLDER","B",489,1722.79,"Increase Monitoring"
"WRAP  VINTAGE DOILY","B",489,1029,"Increase Monitoring"
"PACK OF 12 VINTAGE DOILY TISSUES","B",486,783.69,"Increase Monitoring"
"3 WHITE CHOC MORRIS BOXED CANDLES","B",483,1357.44,"Increase Monitoring"
"SMALL RED RETROSPOT MUG IN BOX","B",481,2030.68,"Increase Monitoring"
"SWALLOW WOODEN CHRISTMAS DECORATION","B",479,1217.78,"Increase Monitoring"
"SILVER STARS TABLE DECORATION","B",476,1569.62,"Increase Monitoring"
"3D TRADITIONAL CHRISTMAS STICKERS","B",475,1882.31,"Increase Monitoring"
"FANCY FONT BIRTHDAY CARD,","B",475,1895.76,"Increase Monitoring"
"ASSORTED TUTTI FRUTTI PEN","B",473,800.95,"Increase Monitoring"
"EMPIRE GIFT WRAP","B",473,1363,"Increase Monitoring"
"50'S CHRISTMAS GIFT BAG LARGE","B",466,2272.25,"Increase Monitoring"
"4 PEAR BOTANICAL DINNER CANDLES","B",464,1093.75,"Increase Monitoring"
"STAR WREATH DECORATION WITH BELL","B",463,1921.94,"Increase Monitoring"
"LIPSTICK PEN FUSCHIA","B",461,794.78,"Increase Monitoring"
"CHRISTMAS RETROSPOT TREE WOOD","B",448,1088.13,"Increase Monitoring"
"PENS ASSORTED FUNKY JEWELED","B",447,977.89,"Increase Monitoring"
"IVORY WICKER HEART SMALL","B",445,1345.5,"Increase Monitoring"
"SMALL MARSHMALLOWS PINK BOWL","B",443,1553.25,"Increase Monitoring"
"GIRLS ALPHABET IRON ON PATCHES","B",442,2088,"Increase Monitoring"
"CHRISTMAS TABLE SILVER CANDLE SPIKE","B",437,1301.05,"Increase Monitoring"
"WRAP RED VINTAGE DOILY","B",437,866,"Increase Monitoring"
"DIAMANTE RING ASSORTED IN BOX.","B",436,1311.36,"Increase Monitoring"
"MINI JIGSAW SPACEBOY","B",436,1627.04,"Increase Monitoring"
"TEA PARTY BIRTHDAY CARD","B",436,1692.71,"Increase Monitoring"
"MAGNETS PACK OF 4 SWALLOWS","B",435,1528.29,"Increase Monitoring"
"MAGIC DRAWING SLATE CIRCUS PARADE","B",430,1347.66,"Increase Monitoring"
"FRENCH STYLE STORAGE JAR CAFE","B",428,819.46,"Increase Monitoring"
"FEATHER PEN,LIGHT PINK","B",427,941.34,"Increase Monitoring"
"FLORAL FOLK STATIONERY SET","B",427,1927.35,"Increase Monitoring"
"PACK OF 12 RED RETROSPOT TISSUES","B",427,2002.73,"Increase Monitoring"
"ASS FLORAL PRINT MULTI SCREWDRIVER","B",426,1251.61,"Increase Monitoring"
"ZINC WILLIE WINKIE  CANDLE STICK","B",426,2176.1,"Increase Monitoring"
"ROCKING HORSE GREEN CHRISTMAS","B",424,1039.24,"Increase Monitoring"
"ROLL WRAP 50'S RED CHRISTMAS","B",422,1961.01,"Increase Monitoring"
"FAIRY TALE COTTAGE NIGHT LIGHT","B",416,1717.2,"Increase Monitoring"
"CARD BILLBOARD FONT","B",412,2067.75,"Increase Monitoring"
"SET 36 COLOURING PENCILS DOILY","B",412,1562.61,"Increase Monitoring"
"HOME SWEET HOME HANGING HEART","B",406,1539.63,"Increase Monitoring"
"LOVE HEART TRINKET POT","B",406,1029.14,"Increase Monitoring"
"PACK OF 6 SKULL PAPER CUPS","B",405,1254.74,"Increase Monitoring"
"SILVER MUG BONE CHINA TREE OF LIFE","B",405,1290.57,"Increase Monitoring"
"SET OF 4 ROSE BOTANICAL CANDLES","B",404,1188.75,"Increase Monitoring"
"CHRISTMAS RETROSPOT STAR WOOD","B",399,1301.84,"Increase Monitoring"
"CARD DOLLY GIRL","B",396,1701.21,"Increase Monitoring"
"CHRISTMAS RETROSPOT ANGEL WOOD","B",395,1824.87,"Increase Monitoring"
"RED SPOT PAPER GIFT BAG","B",394,1944.08,"Increase Monitoring"
"MAGIC SHEEP WOOL GROWING FROM PAPER","B",393,1190,"Increase Monitoring"
"PLAYING CARDS I LOVE LONDON","B",390,1238.5,"Increase Monitoring"
"RIBBON REEL CHRISTMAS PRESENT","B",389,2073.74,"Increase Monitoring"
"WRAP GINGHAM ROSE","B",386,943.92,"Increase Monitoring"
"RETROSPOT WOODEN HEART DECORATION","B",382,1552.22,"Increase Monitoring"
"WRAP PINK FAIRY CAKES","B",382,2331,"Increase Monitoring"
"DECORATIVE WICKER HEART SMALL","B",381,932.28,"Increase Monitoring"
"WOOD STAMP SET THANK YOU","B",381,1229.12,"Increase Monitoring"
"CHERUB HEART DECORATION SILVER","B",379,1089.6,"Increase Monitoring"
"12 COLOURED PARTY BALLOONS","B",373,1359.65,"Increase Monitoring"
"LADS ONLY TISSUE BOX","B",372,1427.59,"Increase Monitoring"
"6 CHOCOLATE LOVE HEART T-LIGHTS","B",368,1985.86,"Increase Monitoring"
"ROSE 1 WICK MORRIS BOXED CANDLE","B",366,1013.52,"Increase Monitoring"
"TEA TIME OVEN GLOVE","B",360,2412.92,"Increase Monitoring"
"12 PENCILS TALL TUBE WOODLAND","B",357,1571.65,"Increase Monitoring"
"REX CASH+CARRY JUMBO SHOPPER","B",356,1740.4,"Maintain Stock"
"TRAVEL CARD WALLET UNION JACK","B",356,1038.9,"Maintain Stock"
"RED SPOT GIFT BAG LARGE","B",354,2023.5,"Maintain Stock"
"SET OF 12  VINTAGE POSTCARD SET","B",353,1590.12,"Maintain Stock"
"GIN & TONIC DIET GREETING CARD","B",351,1320.9,"Maintain Stock"
"WRAP DOLLY GIRL","B",351,1149.5,"Maintain Stock"
"PENNY FARTHING BIRTHDAY CARD","B",348,1198.45,"Maintain Stock"
"PACK OF 6 SKULL PAPER PLATES","B",346,1663.3,"Maintain Stock"
"VINTAGE CHRISTMAS PAPER GIFT BAG","B",344,1241.66,"Maintain Stock"
"SET OF 2 CHRISTMAS DECOUPAGE CANDLE","B",340,961.4,"Maintain Stock"
"50'S CHRISTMAS PAPER GIFT BAG","B",336,1059.94,"Maintain Stock"
"SMALL HEART MEASURING SPOONS","B",336,2008.63,"Maintain Stock"
"CARD SUKI BIRTHDAY","B",334,763.08,"Maintain Stock"
"WRAP RED APPLES","B",332,2157,"Maintain Stock"
"MINI JIGSAW DOLLY GIRL","B",331,1049.15,"Maintain Stock"
"MOTORING TISSUE BOX","B",330,804.81,"Maintain Stock"
"VINTAGE LEAF MAGNETIC NOTEPAD","B",329,2242.65,"Maintain Stock"
"SET OF 4 SANTA PLACE SETTINGS","B",328,1427.34,"Maintain Stock"
"SET 12 KIDS  WHITE CHALK STICKS","B",320,1651.14,"Maintain Stock"
"REINDEER HEART DECORATION GOLD","B",316,774.43,"Maintain Stock"
"ROBOT BIRTHDAY CARD","B",316,1552.96,"Maintain Stock"
"MAGIC DRAWING SLATE DINOSAUR","B",314,762.72,"Maintain Stock"
"COSY HOUR CIGAR BOX MATCHES","B",312,1451.39,"Maintain Stock"
"KINGS CHOICE GIANT TUBE MATCHES","B",306,1691.25,"Maintain Stock"
"SPACEBOY CHILDRENS CUP","B",301,2343.07,"Maintain Stock"
"TRAVEL CARD WALLET TRANSPORT","B",298,1274.76,"Maintain Stock"
"PACK OF 12 SKULL TISSUES","B",294,1504.98,"Maintain Stock"
"ROTATING LEAVES T-LIGHT HOLDER","B",293,1617.23,"Maintain Stock"
"PACK OF 12 SPACEBOY TISSUES","B",290,960.61,"Maintain Stock"
"BALLOON WATER BOMB PACK OF 35","B",289,2244.06,"Maintain Stock"
"COWBOYS AND INDIANS BIRTHDAY CARD","B",286,1444.75,"Maintain Stock"
"SET 36 COLOUR PENCILS LOVE LONDON","B",286,1053.29,"Maintain Stock"
"RIBBON REEL MAKING SNOWMEN","B",285,1807.31,"Maintain Stock"
"MINIATURE ANTIQUE ROSE HOOK IVORY","B",284,1711.55,"Maintain Stock"
"SET 12 RETRO WHITE CHALK STICKS","B",284,1771.12,"Maintain Stock"
"PACK OF 60 MUSHROOM CAKE CASES","B",283,2496.08,"Maintain Stock"
"RED STAR CARD HOLDER","B",283,1723.79,"Maintain Stock"
"TRAVEL CARD WALLET SKULLS","B",280,860.4,"Maintain Stock"
"PINK OWL SOFT TOY","B",278,2379.05,"Maintain Stock"
"TOILET METAL SIGN","B",275,1997.13,"Maintain Stock"
"VINTAGE CHRISTMAS GIFT BAG LARGE","B",274,2066.65,"Maintain Stock"
"GOLD MUG BONE CHINA TREE OF LIFE","B",271,835.61,"Maintain Stock"
"SET OF 9 BLACK SKULL BALLOONS","B",271,2261.65,"Maintain Stock"
"BOUDOIR SQUARE TISSUE BOX","B",269,910.08,"Maintain Stock"
"BIRTHDAY CARD, RETRO SPOT","B",262,758.88,"Maintain Stock"
"SKETCHBOOK MAGNETIC SHOPPING LIST","B",261,1900.94,"Maintain Stock"
"EMPIRE TISSUE BOX","B",257,919.67,"Maintain Stock"
"MAGNETS PACK OF 4 HOME SWEET HOME","B",255,711.87,"Maintain Stock"
"MODERN FLORAL STATIONERY SET","B",254,1734.6,"Maintain Stock"
"ZINC T-LIGHT HOLDER STAR LARGE","B",254,1896.54,"Maintain Stock"
"SKULL SHOULDER BAG","B",253,2081.2,"Maintain Stock"
"WRAP ALPHABET POSTER","B",253,761,"Maintain Stock"
"36 PENCILS TUBE SKULLS","B",252,2009.43,"Maintain Stock"
"TEA PARTY  WRAPPING PAPER","B",252,929,"Maintain Stock"
"FILIGREE HEART BIRD WHITE","B",251,1726.3,"Maintain Stock"
"SET OF 2 CERAMIC CHRISTMAS TREES","B",250,1065.4,"Maintain Stock"
"TRAVEL CARD WALLET RETROSPOT","B",250,882.24,"Maintain Stock"
"STRAWBERRY BATH SPONGE","B",249,1301.86,"Maintain Stock"
"FILIGREE HEART BUTTERFLY WHITE","B",248,1947.06,"Maintain Stock"
"36 FOIL STAR CAKE CASES","B",244,1912.34,"Maintain Stock"
"HANGING MINI COLOURED BOTTLES","B",243,1999.59,"Maintain Stock"
"HANGING QUILTED PATCHWORK APPLES","B",242,1003.17,"Maintain Stock"
"ROSE 3 WICK MORRIS BOX CANDLE","B",242,1592.7,"Maintain Stock"
"6 RIBBONS ELEGANT CHRISTMAS","B",239,2004.92,"Maintain Stock"
"MINI JIGSAW PURDEY","B",237,767.41,"Maintain Stock"
"POLYESTER FILLER PAD 40x40cm","B",236,2248.95,"Maintain Stock"
"PACK OF 6 COCKTAIL PARASOL STRAWS","B",234,958.32,"Maintain Stock"
"FELTCRAFT HAIRBAND PINK AND PURPLE","B",233,716.28,"Maintain Stock"
"MAGNETS PACK OF 4 VINTAGE COLLAGE","B",233,1005.72,"Maintain Stock"
"STAR T-LIGHT HOLDER WILLIE WINKIE","B",233,1870.11,"Maintain Stock"
"PETIT TRAY CHIC","B",232,1606.73,"Maintain Stock"
"PACK OF 12 WOODLAND TISSUES","B",230,1508.87,"Maintain Stock"
"APPLE BATH SPONGE","B",229,1397.99,"Maintain Stock"
"VINTAGE RED ENAMEL TRIM MUG","B",229,1940.45,"Maintain Stock"
"BIRD HOUSE HOT WATER BOTTLE","B",226,1562.06,"Maintain Stock"
"TRAVEL CARD WALLET PANTRY","B",226,779.9,"Maintain Stock"
"ZINC  STAR T-LIGHT HOLDER","B",224,1357.79,"Maintain Stock"
"HEART DECORATION WITH PEARLS","B",220,1586.46,"Maintain Stock"
"MONSTERS STENCIL CRAFT","B",219,1710.42,"Maintain Stock"
"PARTY CONE CHRISTMAS DECORATION","B",219,1260.53,"Maintain Stock"
"PLAYING CARDS VINTAGE DOILY","B",219,822.73,"Maintain Stock"
"PINK DOUGHNUT TRINKET POT","B",218,2132.7,"Maintain Stock"
"JINGLE BELL HEART ANTIQUE GOLD","B",213,1599.87,"Maintain Stock"
"LAUREL HEART ANTIQUE SILVER","B",212,1567,"Maintain Stock"
"GLASS HEART T-LIGHT HOLDER","B",211,2097.71,"Maintain Stock"
"PIG KEYRING WITH LIGHT & SOUND","B",211,1231.34,"Maintain Stock"
"WRAP SUKI AND FRIENDS","B",209,1687.5,"Maintain Stock"
"FOLDING BUTTERFLY MIRROR HOT PINK","B",208,1427.16,"Maintain Stock"
"IVORY KNITTED MUG COSY","B",208,841.79,"Maintain Stock"
"KNEELING MAT HOUSEWORK  DESIGN","B",207,1980.71,"Maintain Stock"
"SET 8 CANDLES VINTAGE DOILY","B",205,1932,"Maintain Stock"
"VINTAGE RED TRIM ENAMEL BOWL","B",204,1328.59,"Maintain Stock"
"DOLLY GIRL CHILDRENS CUP","B",203,1880.14,"Maintain Stock"
"STRAWBERRY SHOPPER BAG","B",202,2453.38,"Maintain Stock"
"BASKET OF TOADSTOOLS","B",201,1574.98,"Maintain Stock"
"VINTAGE KID DOLLY CARD","B",201,966.07,"Maintain Stock"
"CARD I LOVE LONDON","B",200,1286.92,"Maintain Stock"
"CHRISTMAS HANGING TREE WITH BELL","B",200,993.66,"Maintain Stock"
"MULTICOLOUR SPRING FLOWER MUG","B",200,803.74,"Maintain Stock"
"3D CHRISTMAS STAMPS STICKERS","B",199,1361.95,"Maintain Stock"
"METAL SIGN EMPIRE TEA","B",199,1706.81,"Maintain Stock"
"FELTCRAFT HAIRBAND RED AND BLUE","B",198,715.7,"Maintain Stock"
"RIBBON REEL POLKADOTS","B",198,1877.55,"Maintain Stock"
"PORCELAIN T-LIGHT HOLDERS ASSORTED","B",197,913.63,"Maintain Stock"
"FOLKART ZINC HEART CHRISTMAS DEC","B",194,2127.39,"Maintain Stock"
"SET 20 NAPKINS FAIRY CAKES DESIGN","B",194,2141.43,"Maintain Stock"
"ASSORTED BOTTLE TOP  MAGNETS","B",192,1104.36,"Maintain Stock"
"ASSORTED COLOUR T-LIGHT HOLDER","B",192,1983.17,"Maintain Stock"
"WRAP I LOVE LONDON","B",192,1742.5,"Maintain Stock"
"VANILLA INCENSE IN TIN","B",191,876.34,"Maintain Stock"
"WOOD STAMP SET FLOWERS","B",191,806.73,"Maintain Stock"
"DINOSAURS  WRITING SET","B",189,975.1,"Maintain Stock"
"RETRO PLASTIC ELEPHANT TRAY","B",189,812.53,"Maintain Stock"
"PACK OF 12 PINK POLKADOT TISSUES","B",188,1129.79,"Maintain Stock"
"SET OF 12 T-LIGHTS VINTAGE DOILY","B",188,1715.85,"Maintain Stock"
"WHITE JEWELLED HEART DECORATION","B",187,1594.5,"Maintain Stock"
"SET OF 2 CERAMIC PAINTED HEARTS","B",186,1612.85,"Maintain Stock"
"6 ROCKET BALLOONS","B",185,1172.9,"Maintain Stock"
"CERAMIC CHERRY CAKE MONEY BANK","B",185,2315.73,"Maintain Stock"
"RIBBON REEL SOCKS AND MITTENS","B",185,1097.88,"Maintain Stock"
"SKULLS  WATER TRANSFER TATTOOS","B",184,1519.85,"Maintain Stock"
"SLATE TILE NATURAL HANGING","B",184,1974.2,"Maintain Stock"
"CHILDRENS TOY COOKING UTENSIL SET","B",182,1363.16,"Maintain Stock"
"SMALL PURPLE BABUSHKA NOTEBOOK","B",182,1010.23,"Maintain Stock"
"LE JARDIN BOTANIQUE CUSHION COVER","B",181,1948.23,"Maintain Stock"
"MAGIC DRAWING SLATE PURDEY","B",180,1780.92,"Maintain Stock"
"BALLOONS  WRITING SET","B",179,1253.95,"Maintain Stock"
"FAIRY CAKES NOTEBOOK A6 SIZE","B",179,762.99,"Maintain Stock"
"PACK OF 12 BLUE PAISLEY TISSUES","B",179,712.73,"Maintain Stock"
"FELTCRAFT HAIRBANDS PINK AND WHITE","B",177,711.61,"Maintain Stock"
"DOLLY GIRL CHILDRENS BOWL","B",176,1854.85,"Maintain Stock"
"3 TRADITIONAl BISCUIT CUTTERS  SET","B",174,2418.02,"Maintain Stock"
"OVEN MITT APPLES DESIGN","B",174,1847.76,"Maintain Stock"
"HOME SWEET HOME KEY HOLDER","B",173,2148.54,"Maintain Stock"
"TRAVEL CARD WALLET SUKI","B",173,932.88,"Maintain Stock"
"LETTER HOLDER HOME SWEET HOME","B",172,1980.31,"Maintain Stock"
"PRETTY HANGING QUILTED HEARTS","B",171,1045.2,"Maintain Stock"
"WRAP POPPIES  DESIGN","B",170,2105.5,"Maintain Stock"
"POSTE FRANCE CUSHION COVER","B",168,1470,"Maintain Stock"
"SNOWFLAKE PORTABLE TABLE LIGHT","B",168,1122.19,"Maintain Stock"
"PARTY CHARMS 50 PIECES","B",167,1552.65,"Maintain Stock"
"SILVER HEARTS TABLE DECORATION","B",167,995.33,"Maintain Stock"
"HEART T-LIGHT HOLDER WILLIE WINKIE","B",166,1533.84,"Maintain Stock"
"SET OF 6 3D KIT CARDS FOR KIDS","B",166,1097.73,"Maintain Stock"
"HANGING HEART MIRROR DECORATION","B",165,1276.85,"Maintain Stock"
"DRAWER KNOB CRACKLE GLAZE PINK","B",164,1968,"Maintain Stock"
"VINTAGE PAISLEY STATIONERY SET","B",164,1640.29,"Maintain Stock"
"CHOCOLATE CALCULATOR","B",160,1296.83,"Maintain Stock"
"SET OF 6 T-LIGHTS CACTI","B",160,1987.93,"Maintain Stock"
"PACK OF 12 PINK PAISLEY TISSUES","B",158,999.6,"Maintain Stock"
"RETROSPOT SMALL TUBE MATCHES","B",158,1743.35,"Maintain Stock"
"SMALL RED BABUSHKA NOTEBOOK","B",158,1104.74,"Maintain Stock"
"MULTICOLOUR HONEYCOMB PAPER GARLAND","B",157,1272.9,"Maintain Stock"
"GLITTER HANGING BUTTERFLY STRING","B",156,2528.39,"Maintain Stock"
"LARGE CHINESE STYLE SCISSOR","B",155,1053.45,"Maintain Stock"
"NATURAL HANGING QUILTED HEARTS","B",155,1113.13,"Maintain Stock"
"CERAMIC HEART FAIRY CAKE MONEY BANK","B",154,2243.94,"Maintain Stock"
"ROUND STORAGE TIN VINTAGE LEAF","B",154,1552.51,"Maintain Stock"
"WOOD STAMP SET BEST WISHES","B",154,820.91,"Maintain Stock"
"OWL DOORSTOP","B",153,2339.19,"Maintain Stock"
"PACK OF 20 SKULL PAPER NAPKINS","B",153,1672.69,"Maintain Stock"
"RED DRAWER KNOB ACRYLIC EDWARDIAN","B",153,2292.27,"Maintain Stock"
"DRAWER KNOB CRACKLE GLAZE GREEN","B",152,2060.4,"Maintain Stock"
"KNICKERBOCKERGLORY MAGNET ASSORTED","B",152,1669.38,"Maintain Stock"
"TRAVEL CARD WALLET FLOWER MEADOW","B",152,709.62,"Maintain Stock"
"PACK OF 6 LARGE FRUIT STRAWS","B",150,1275.71,"Maintain Stock"
"RAINY LADIES BIRTHDAY CARD","B",150,918.91,"Maintain Stock"
"METAL MERRY CHRISTMAS WREATH","B",149,1154.25,"Maintain Stock"
"SKULLS WRITING SET","B",149,887.7,"Maintain Stock"
"BLUE POLKADOT CUP","B",148,2484.53,"Maintain Stock"
"FILIGREE HEART DAISY WHITE","B",148,1478.59,"Maintain Stock"
"KEY FOB , FRONT  DOOR","B",148,1168.28,"Maintain Stock"
"CARDHOLDER HOLLY WREATH METAL","B",147,1886.08,"Maintain Stock"
"CARDHOLDER GINGHAM CHRISTMAS TREE","B",146,1250.84,"Maintain Stock"
"WRAP CIRCUS PARADE","B",146,1171.34,"Maintain Stock"
"ASSORTED INCENSE PACK","B",145,760.32,"Maintain Stock"
"4 LILY  BOTANICAL DINNER CANDLES","B",144,848,"Maintain Stock"
"SPACEBOY ROCKET LOLLY MAKERS","B",144,1165.28,"Maintain Stock"
"SKULLS GREETING CARD","B",142,753.12,"Maintain Stock"
"JAM JAR WITH GREEN LID","B",141,2433.88,"Maintain Stock"
"KEY FOB , SHED","B",141,1959.13,"Maintain Stock"
"SKULLS  STICKERS","B",141,891.22,"Maintain Stock"
"GROW YOUR OWN BASIL IN ENAMEL MUG","B",140,2061,"Maintain Stock"
"POLYESTER FILLER PAD 45x45cm","B",140,1562.4,"Maintain Stock"
"RED LOVE HEART SHAPE CUP","B",140,772.91,"Maintain Stock"
"SMALL CHOCOLATES PINK BOWL","B",139,774.18,"Maintain Stock"
"CARD CIRCUS PARADE","B",137,1267.23,"Maintain Stock"
"FRENCH WC SIGN BLUE METAL","B",137,2192.74,"Maintain Stock"
"EMBROIDERED RIBBON REEL EMILY","B",136,1046.42,"Maintain Stock"
"HEADS AND TAILS SPORTING FUN","B",136,2095.46,"Maintain Stock"
"WRAP BILLBOARD FONTS DESIGN","B",136,756,"Maintain Stock"
"KEY FOB , BACK DOOR","B",134,1140.26,"Maintain Stock"
"EMBROIDERED RIBBON REEL SUSIE","B",133,1072.96,"Maintain Stock"
"I LOVE LONDON MINI BACKPACK","B",133,1449.85,"Maintain Stock"
"METAL DECORATION NAUGHTY CHILDREN","B",133,1284.86,"Maintain Stock"
"WATERING CAN GREEN DINOSAUR","B",133,2487.53,"Maintain Stock"
"GENTLEMAN SHIRT REPAIR KIT","B",132,1602.72,"Maintain Stock"
"BAG 500g SWIRLY MARBLES","B",130,1299.21,"Maintain Stock"
"CREAM SLICE FLANNEL PINK SPOT","B",130,2209.95,"Maintain Stock"
"CERAMIC PIRATE CHEST MONEY BANK","B",129,1122.95,"Maintain Stock"
"GLITTER HEART GARLAND WITH BELLS","B",129,1068.59,"Maintain Stock"
"CERAMIC CAKE DESIGN SPOTTED MUG","B",128,2035.55,"Maintain Stock"
"CERAMIC STRAWBERRY DESIGN MUG","B",127,1960.47,"Maintain Stock"
"CHILDRENS DOLLY GIRL MUG","B",127,2443.14,"Maintain Stock"
"EMBROIDERED RIBBON REEL SALLY","B",127,909.14,"Maintain Stock"
"VINTAGE BEAD PINK PURSE","B",126,774.76,"Maintain Stock"
"HOT STUFF HOT WATER BOTTLE","B",125,1686.15,"Maintain Stock"
"PAPER CHAIN KIT LONDON","B",125,1243.99,"Maintain Stock"
"FRENCH BLUE METAL DOOR SIGN 1","B",124,1301.14,"Maintain Stock"
"S/4 CACTI CANDLES","B",124,1965.87,"Maintain Stock"
"WICKER WREATH LARGE","B",124,1303.46,"Maintain Stock"
"S/4 PINK FLOWER CANDLES IN BOWL","B",123,1344.89,"Maintain Stock"
"ANTIQUE ALL GLASS CANDLESTICK","B",121,1129.1,"Maintain Stock"
"CHARLIE & LOLA WASTEPAPER BIN FLORA","B",120,1228.25,"Maintain Stock"
"HOME SWEET HOME BOTTLE","B",120,895.04,"Maintain Stock"
"PINK  POLKADOT CUP","B",119,2049.7,"Maintain Stock"
"3 GARDENIA MORRIS BOXED CANDLES","B",118,840.29,"Maintain Stock"
"BLUE POT PLANT CANDLE","B",118,794.45,"Maintain Stock"
"CARD HOLDER GINGHAM HEART","B",118,1724.42,"Maintain Stock"
"SET OF 4 ENGLISH ROSE COASTERS","B",117,1289.34,"Maintain Stock"
"CARD GINGHAM ROSE","B",115,1063.66,"Maintain Stock"
"CARD PSYCHEDELIC APPLES","B",115,742.2,"Maintain Stock"
"GLITTER STAR GARLAND WITH BELLS","B",115,825.45,"Maintain Stock"
"HOT WATER BOTTLE SEX BOMB","B",115,1832,"Maintain Stock"
"TOMATO CHARLIE+LOLA COASTER SET","B",115,739.19,"Maintain Stock"
"DRAWER KNOB CERAMIC RED","B",114,943.75,"Maintain Stock"
"ENGLISH ROSE SPIRIT LEVEL","B",114,860.88,"Maintain Stock"
"MISTLETOE HEART WREATH CREAM","B",113,2332.13,"Maintain Stock"
"WATERING CAN GARDEN MARKER","B",113,1765.6,"Maintain Stock"
"I LOVE LONDON BEAKER","B",110,999.75,"Maintain Stock"
"OFFICE MUG WARMER POLKADOT","B",110,1443.19,"Maintain Stock"
"EMBROIDERED RIBBON REEL DAISY","B",109,1075.38,"Maintain Stock"
"WOODLAND BUNNIES LOLLY MAKERS","B",109,1129.28,"Maintain Stock"
"ALUMINIUM STAMPED HEART","B",108,1852.55,"Maintain Stock"
"MINI JIGSAW CIRCUS PARADE","B",108,915.78,"Maintain Stock"
"LARGE PURPLE BABUSHKA NOTEBOOK","B",107,939.52,"Maintain Stock"
"CHOCOLATE BOX RIBBONS","B",106,1917.58,"Maintain Stock"
"RED ENCHANTED FOREST PLACEMAT","B",106,730.05,"Maintain Stock"
"GLITTER BUTTERFLY CLIPS","B",105,2489.1,"Maintain Stock"
"TOTE BAG I LOVE LONDON","B",105,2289.78,"Maintain Stock"
"ROUND SNACK BOXES SET OF 4 SKULLS","B",104,2325.95,"Maintain Stock"
"CALENDAR IN SEASON DESIGN","B",103,1222.54,"Maintain Stock"
"HEART DECORATION PAINTED ZINC","B",103,1246.3,"Maintain Stock"
"CARD HOLDER LOVE BIRD SMALL","B",101,1255.76,"Maintain Stock"
"GREEN POLKADOT BOWL","B",101,1632.81,"Maintain Stock"
"HOT BATHS SOAP HOLDER","B",100,809.51,"Maintain Stock"
"MAN FLU METAL SIGN","B",100,2356.38,"Maintain Stock"
"SET 10 NIGHT OWL LIGHTS","B",100,2510.34,"Maintain Stock"
"TOAST ITS - BEST MUM","B",100,885.95,"Maintain Stock"
"SET/3 OCEAN SCENT CANDLE JEWEL BOX","B",99,1435,"Maintain Stock"
"ZINC HEART LATTICE T-LIGHT HOLDER","B",99,784.22,"Maintain Stock"
"CARDHOLDER GINGHAM STAR","B",98,940.49,"Maintain Stock"
"WICKER WREATH SMALL","B",98,850.87,"Maintain Stock"
"KINGS CHOICE MUG","B",97,2249.56,"Maintain Stock"
"RED GINGHAM TEDDY BEAR","B",97,2029.98,"Maintain Stock"
"TRIPLE HOOK ANTIQUE IVORY ROSE","B",97,2526.02,"Maintain Stock"
"GINGHAM RECIPE BOOK BOX","B",96,1966.95,"Maintain Stock"
"GREEN DRAWER KNOB ACRYLIC EDWARDIAN","B",95,2227.52,"Maintain Stock"
"PEARL CRYSTAL PUMPKIN T-LIGHT HLDR","B",94,2214.87,"Maintain Stock"
"ROUND CONTAINER SET OF 5 RETROSPOT","B",94,2181.3,"Maintain Stock"
"WOOD STAMP SET HAPPY BIRTHDAY","B",94,798.67,"Maintain Stock"
"DRAWER KNOB CERAMIC BLACK","B",93,1314.95,"Maintain Stock"
"LAVENDER SCENTED FABRIC HEART","B",93,1674.03,"Maintain Stock"
"6 RIBBONS EMPIRE","B",92,1302.72,"Maintain Stock"
"SMALL HEART FLOWERS HOOK","B",92,1365.5,"Maintain Stock"
"FRENCH BLUE METAL DOOR SIGN 6","B",91,785.57,"Maintain Stock"
"FRIDGE MAGNETS LA VIE EN ROSE","B",91,963.3,"Maintain Stock"
"HANGING CLEAR MINI BOTTLE","B",91,1012.02,"Maintain Stock"
"HERB MARKER ROSEMARY","B",91,1191.15,"Maintain Stock"
"KITCHEN METAL SIGN","B",91,1087.46,"Maintain Stock"
"ROMANTIC PINKS RIBBONS","B",91,1468.85,"Maintain Stock"
"WRAP GREEN PEARS","B",90,787.5,"Maintain Stock"
"BLUE DRAWER KNOB ACRYLIC EDWARDIAN","B",88,1906.68,"Maintain Stock"
"GLASS STAR FROSTED T-LIGHT HOLDER","B",88,2319.19,"Maintain Stock"
"SET/3 ROSE CANDLE IN JEWELLED BOX","B",88,1402.03,"Maintain Stock"
"CHARLIE+LOLA PINK HOT WATER BOTTLE","B",87,1107.01,"Maintain Stock"
"HERB MARKER PARSLEY","B",87,1119.15,"Maintain Stock"
"RED POLKADOT BEAKER","B",87,1538.62,"Maintain Stock"
"TOY TIDY SPACEBOY","B",87,2266.35,"Maintain Stock"
"LARGE WHITE HONEYCOMB PAPER BELL","B",86,788.04,"Maintain Stock"
"BIRDCAGE DECORATION TEALIGHT HOLDER","B",85,761.57,"Maintain Stock"
"CHARLIE + LOLA RED HOT WATER BOTTLE","B",85,1333.15,"Maintain Stock"
"FOLDING BUTTERFLY MIRROR RED","B",85,961.28,"Maintain Stock"
"NOEL WOODEN BLOCK LETTERS","B",85,1924.94,"Maintain Stock"
"PANTRY PASTRY BRUSH","B",85,1307.05,"Maintain Stock"
"SET OF 4 NAPKIN CHARMS HEARTS","B",85,1730.82,"Maintain Stock"
"SMALL POLKADOT CHOCOLATE GIFT BAG","B",85,782,"Maintain Stock"
"MINI CAKE STAND  HANGING STRAWBERY","B",84,1661.78,"Maintain Stock"
"FRIDGE MAGNETS US DINER ASSORTED","B",83,1226.4,"Maintain Stock"
"RED VINTAGE SPOT BEAKER","B",83,1445.5,"Maintain Stock"
"SET/6 PURPLE BUTTERFLY T-LIGHTS","B",83,1314.78,"Maintain Stock"
"FRENCH BLUE METAL DOOR SIGN 5","B",82,929.97,"Maintain Stock"
"SKULLS PARTY BAG + STICKER SET","B",82,1561.05,"Maintain Stock"
"HERB MARKER MINT","B",81,1070.25,"Maintain Stock"
"SET OF 10 LANTERNS FAIRY LIGHT STAR","B",81,2248.14,"Maintain Stock"
"CHARLIE & LOLA WASTEPAPER BIN BLUE","B",80,805.75,"Maintain Stock"
"SET/4 SPRING FLOWER DECORATION","B",80,1151.8,"Maintain Stock"
"WHITE GOOSE FEATHER CHRISTMAS TREE","B",80,781.75,"Maintain Stock"
"FRIDGE MAGNETS LES ENFANTS ASSORTED","B",79,1031.85,"Maintain Stock"
"VINTAGE EMBOSSED HEART","B",79,1102.46,"Maintain Stock"
"ASSTD DESIGN RACING CAR PEN","B",78,1953,"Maintain Stock"
"BUTTON BOX","B",78,2020.71,"Maintain Stock"
"CHILDREN'S CIRCUS PARADE MUG","B",78,1914.58,"Maintain Stock"
"EGG FRYING PAN IVORY","B",78,722.56,"Maintain Stock"
"RIBBON REEL FLORA + FAUNA","B",78,978.37,"Maintain Stock"
"AIRLINE LOUNGE,METAL SIGN","B",77,1007.21,"Maintain Stock"
"EGG FRYING PAN RED","B",77,820.32,"Maintain Stock"
"LAVENDER TOILETTE BOTTLE","B",77,1066.88,"Maintain Stock"
"EMBROIDERED RIBBON REEL ROSIE","B",76,921.46,"Maintain Stock"
"SPACEBOY CHILDRENS EGG CUP","B",76,1405.97,"Maintain Stock"
"ENGLISH ROSE GARDEN SECATEURS","B",75,1825.99,"Maintain Stock"
"HERB MARKER CHIVES","B",75,1055.95,"Maintain Stock"
"SET OF 2 TRAYS HOME SWEET HOME","B",75,2426.72,"Maintain Stock"
"SET/10 IVORY POLKADOT PARTY CANDLES","B",75,1213.31,"Maintain Stock"
"FRENCH BLUE METAL DOOR SIGN 2","B",74,1092.51,"Maintain Stock"
"HERB MARKER BASIL","B",73,1997.75,"Maintain Stock"
"SMALL PARISIENNE HEART PHOTO FRAME","B",73,2122.67,"Maintain Stock"
"BAKING MOULD HEART MILK CHOCOLATE","B",72,2513.12,"Maintain Stock"
"LARGE ROUND WICKER PLATTER","B",71,1142.4,"Maintain Stock"
"SET OF 6 T-LIGHTS TOADSTOOLS","B",71,1786.19,"Maintain Stock"
"GINGHAM HEART  DOORSTOP RED","B",70,2371.26,"Maintain Stock"
"KIDS RAIN MAC BLUE","B",70,933.53,"Maintain Stock"
"LARGE RED BABUSHKA NOTEBOOK","B",70,949.21,"Maintain Stock"
"SHELF WITH 4 HOOKS HOME SWEET HOME","B",70,2247.36,"Maintain Stock"
"SWEETHEART 3 TIER CAKE STAND","B",70,2174.1,"Maintain Stock"
"VINTAGE RED ENAMEL TRIM JUG","B",70,2123.34,"Maintain Stock"
"MAKE YOUR OWN MONSOON CARD KIT","B",69,1892.14,"Maintain Stock"
"FRENCH BATHROOM SIGN BLUE METAL","B",68,2227.62,"Maintain Stock"
"POPPY'S PLAYHOUSE BATHROOM","B",68,1794.6,"Maintain Stock"
"AIRLINE BAG VINTAGE JET SET RED","B",67,1870.09,"Maintain Stock"
"SMALL BONNE JAM JAR  T-LIGHT HOLDER","B",67,795.68,"Maintain Stock"
"TOADSTOOL MONEY BOX","B",67,2140.15,"Maintain Stock"
"4 IVORY DINNER CANDLES SILVER FLOCK","B",66,913.74,"Maintain Stock"
"DOLLY MIXTURE CHILDREN'S UMBRELLA","B",66,822.38,"Maintain Stock"
"MINI CAKE STAND WITH HANGING CAKES","B",66,1764.9,"Maintain Stock"
"SWISS ROLL TOWEL PINK  SPOTS","B",66,1782.18,"Maintain Stock"
"EMERGENCY FIRST AID TIN","B",65,1102.64,"Maintain Stock"
"GARLAND WITH HEARTS AND BELLS","B",65,1032.15,"Maintain Stock"
"GARLAND WITH STARS AND BELLS","B",65,1187.1,"Maintain Stock"
"VINTAGE RED ENAMEL TRIM PLATE","B",65,1254.9,"Maintain Stock"
"DAIRY MAID STRIPE MUG","B",64,1720.3,"Maintain Stock"
"EMBROIDERED RIBBON REEL REBECCA","B",64,860.88,"Maintain Stock"
"HERB MARKER THYME","B",64,1168.4,"Maintain Stock"
"HOME SWEET HOME 2 DRAWER CABINET","B",64,1128.05,"Maintain Stock"
"PACK OF 20 SPACEBOY NAPKINS","B",64,1150.38,"Maintain Stock"
"CIRCUS PARADE CHILDRENS EGG CUP","B",63,1282.34,"Maintain Stock"
"EMBROIDERED RIBBON REEL RACHEL","B",63,954.93,"Maintain Stock"
"IF YOU CAN'T STAND THE HEAT MUG","B",63,1748.59,"Maintain Stock"
"LOVE HEART POCKET WARMER","B",63,1656.05,"Maintain Stock"
"PARLOUR CERAMIC WALL HOOK","B",63,1819.25,"Maintain Stock"
"LARGE CAKE TOWEL CHOCOLATE SPOTS","B",62,2082.15,"Maintain Stock"
"RUSTIC MIRROR WITH LACE HEART","B",62,2155.51,"Maintain Stock"
"SET OF 4 ENGLISH ROSE PLACEMATS","B",62,2194.64,"Maintain Stock"
"FRENCH BLUE METAL DOOR SIGN 7","B",60,773.11,"Maintain Stock"
"HEART CALCULATOR","B",60,1155.88,"Maintain Stock"
"WHITE BELL HONEYCOMB PAPER","B",60,1390.2,"Maintain Stock"
"TEA TIME TEAPOT IN GIFT BOX","B",59,1972.46,"Maintain Stock"
"OFFICE MUG WARMER PINK","B",58,1482.89,"Maintain Stock"
"ART LIGHTS,FUNK MONKEY","B",57,950.45,"Maintain Stock"
"OCEAN SCENT CANDLE IN JEWELLED BOX","B",57,1749.94,"Maintain Stock"
"SKULL DESIGN TV DINNER TRAY","B",57,1211.1,"Maintain Stock"
"SWISS ROLL TOWEL, CHOCOLATE  SPOTS","B",57,1290.3,"Maintain Stock"
"WOODLAND  HEIGHT CHART STICKERS","B",57,1874.4,"Maintain Stock"
"FRENCH BLUE METAL DOOR SIGN 3","B",56,939.93,"Maintain Stock"
"FRENCH TOILET SIGN BLUE METAL","B",56,1531.71,"Maintain Stock"
"HOME GARLAND PAINTED ZINC","B",56,769.65,"Maintain Stock"
"PARTY CONES CANDY ASSORTED","B",56,2042.69,"Maintain Stock"
"TOADSTOOL BEDSIDE LIGHT","B",56,2198.6,"Maintain Stock"
"TOY TIDY DOLLY GIRL DESIGN","B",56,1178.18,"Maintain Stock"
"ADULT APRON APPLE DELIGHT","B",55,891.93,"Maintain Stock"
"BALLOON PUMP WITH 10 BALLOONS","B",55,1511.48,"Maintain Stock"
"HOME SWEET HOME 3 PEG HANGER","B",55,934.17,"Maintain Stock"
"JIGSAW TREE WITH BIRDHOUSE","B",55,821.13,"Maintain Stock"
"MOUSE TOY WITH PINK T-SHIRT","B",55,1256.3,"Maintain Stock"
"PANTRY 3 HOOK ROLLING PIN HANGER","B",55,757.5,"Maintain Stock"
"WHITE HEART CONFETTI IN TUBE","B",55,929.91,"Maintain Stock"
"SANDALWOOD FAN","B",54,1132.3,"Maintain Stock"
"SET/4 SKULL BADGES","B",54,913.7,"Maintain Stock"
"DOORMAT I LOVE LONDON","B",53,2157.33,"Maintain Stock"
"DRAWER KNOB VINTAGE GLASS STAR","B",53,1016.97,"Maintain Stock"
"FELTCRAFT BOY JEAN-PAUL KIT","B",53,1711.23,"Maintain Stock"
"6 RIBBONS SHIMMERING PINKS","B",52,772.94,"Maintain Stock"
"CERAMIC CAKE BOWL + HANGING CAKES","B",52,1832.15,"Maintain Stock"
"FRENCH BLUE METAL DOOR SIGN 4","B",52,809.32,"Maintain Stock"
"FUNKY WASHING UP GLOVES ASSORTED","B",52,1917.06,"Maintain Stock"
"DINOSAUR PARTY BAG + STICKER SET","B",51,1101.44,"Maintain Stock"
"PACK OF 6 SWEETIE GIFT BOXES","B",51,2496.76,"Maintain Stock"
"PENCIL CASE LIFE IS BEAUTIFUL","B",51,1359.35,"Maintain Stock"
"RED RETROSPOT PUDDING BOWL","B",51,1337.5,"Maintain Stock"
"SET OF 6 HEART CHOPSTICKS","B",51,741.48,"Maintain Stock"
"ZINC HEART FLOWER T-LIGHT HOLDER","B",51,947.18,"Maintain Stock"
"BLUE POLKADOT BEAKER","B",50,1094.34,"Maintain Stock"
"GLASS JAR ENGLISH CONFECTIONERY","B",50,2438.2,"Maintain Stock"
"MIRROR MOSAIC T-LIGHT HOLDER","B",50,715.05,"Maintain Stock"
"PIZZA PLATE IN BOX","B",50,962.48,"Maintain Stock"
"WALL TIDY RETROSPOT","B",50,2082.06,"Maintain Stock"
"PAPER LANTERN 9 POINT SNOW STAR","B",49,2289.6,"Maintain Stock"
"PARTY INVITES WOODLAND","B",49,853.22,"Maintain Stock"
"SET OF 72 SKULL PAPER  DOILIES","B",49,1143.35,"Maintain Stock"
"ASSORTED TUTTI FRUTTI SMALL PURSE","B",48,780.14,"Maintain Stock"
"CERAMIC CAKE DESIGN SPOTTED PLATE","B",48,1104.89,"Maintain Stock"
"FRENCH BLUE METAL DOOR SIGN 8","B",48,720.57,"Maintain Stock"
"MAKE YOUR OWN FLOWERPOWER CARD KIT","B",48,2018.81,"Maintain Stock"
"PINK  HEART CONFETTI IN TUBE","B",48,766.56,"Maintain Stock"
"SET OF 6 STRAWBERRY CHOPSTICKS","B",48,725.49,"Maintain Stock"
"TOOL BOX SOFT TOY","B",48,1350.24,"Maintain Stock"
"ZINC  HEART T-LIGHT HOLDER","B",48,997.18,"Maintain Stock"
"IVORY CHANDELIER T-LIGHT HOLDER","B",47,1286.72,"Maintain Stock"
"GLASS JAR DAISY FRESH COTTON WOOL","B",46,1507.35,"Maintain Stock"
"PARTY PIZZA DISH RED RETROSPOT","B",46,744.34,"Maintain Stock"
"WHITE TEA,COFFEE,SUGAR JARS","B",46,1134.5,"Maintain Stock"
"200 RED + WHITE BENDY STRAWS","B",45,912.27,"Maintain Stock"
"3D DOG PICTURE PLAYING CARDS","B",45,855.5,"Maintain Stock"
"CAT BOWL VINTAGE CREAM","B",45,1396.95,"Maintain Stock"
"CHERRY BLOSSOM  DECORATIVE FLASK","B",45,1242.72,"Maintain Stock"
"PORCELAIN ROSE SMALL","B",45,1218.36,"Maintain Stock"
"WHITE LOVEBIRD LANTERN","B",45,1970.65,"Maintain Stock"
"FRENCH ENAMEL POT W LID","B",44,1227.41,"Maintain Stock"
"OFFICE MUG WARMER CHOC+BLUE","B",44,1431.14,"Maintain Stock"
"RED REFECTORY CLOCK","B",44,2212.25,"Maintain Stock"
"BIRDHOUSE GARDEN MARKER","B",43,1929.35,"Maintain Stock"
"EMPIRE UNION JACK TV DINNER TRAY","B",43,2145.82,"Maintain Stock"
"FELT EGG COSY CHICKEN","B",43,785.12,"Maintain Stock"
"IVORY CAFE HANGING LAMP","B",43,1330.5,"Maintain Stock"
"LOCAL CAFE MUG","B",43,785.13,"Maintain Stock"
"SMALL SILVER FLOWER CANDLE POT","B",43,817.15,"Maintain Stock"
"ZINC BOX SIGN HOME","B",43,1348.01,"Maintain Stock"
"CLASSIC FRENCH STYLE BASKET BROWN","B",42,1240.44,"Maintain Stock"
"CLOCK MAGNET MUM'S KITCHEN","B",42,837.88,"Maintain Stock"
"ENAMEL COLANDER CREAM","B",42,2086.11,"Maintain Stock"
"HANGING ENGRAVED METAL HEART","B",42,1137.1,"Maintain Stock"
"IVORY SWEETHEART WIRE LETTER RACK","B",42,1998.51,"Maintain Stock"
"LARGE CAKE TOWEL PINK SPOTS","B",42,2288.3,"Maintain Stock"
"REGENCY CAKE FORK","B",42,1896.6,"Maintain Stock"
"SET/3 DECOUPAGE STACKING TINS","B",42,827.7,"Maintain Stock"
"AIRLINE BAG VINTAGE WORLD CHAMPION","B",41,935.33,"Maintain Stock"
"BALLOON ART MAKE YOUR OWN FLOWERS","B",41,801.45,"Maintain Stock"
"BLUE/CREAM STRIPE CUSHION COVER","B",41,769.9,"Maintain Stock"
"ENAMEL WASH BOWL CREAM","B",41,2228.05,"Maintain Stock"
"FRENCH BLUE METAL DOOR SIGN No","B",41,997.2,"Maintain Stock"
"FRENCH KITCHEN SIGN BLUE METAL","B",41,1420.14,"Maintain Stock"
"GREEN POLKADOT PLATE","B",41,1618.03,"Maintain Stock"
"PHOTO FRAME LINEN AND LACE LARGE","B",41,771.72,"Maintain Stock"
"PINK DINER WALL CLOCK","B",41,2317.1,"Maintain Stock"
"SAVE THE PLANET COTTON TOTE BAG","B",41,1235.25,"Maintain Stock"
"SET/6 TURQUOISE BUTTERFLY T-LIGHTS","B",41,2384.76,"Maintain Stock"
"BOX OF 6 ASSORTED COLOUR TEASPOONS","B",40,1267.99,"Maintain Stock"
"DOLLY GIRL CHILDRENS EGG CUP","B",40,1131.21,"Maintain Stock"
"BLUE REFECTORY CLOCK","B",39,1547.95,"Maintain Stock"
"PING MICROWAVE APRON","B",39,793.6,"Maintain Stock"
"TRELLIS COAT RACK","B",39,1016.55,"Maintain Stock"
"OVERNIGHT BAG VINTAGE ROSE PAISLEY","B",38,1202.85,"Maintain Stock"
"ZINC SWEETHEART WIRE LETTER RACK","B",38,923.63,"Maintain Stock"
"HEN HOUSE DECORATION","B",37,1442.1,"Maintain Stock"
"KINGS CHOICE TEA CADDY","B",37,1335.38,"Maintain Stock"
"MILK PAN RED RETROSPOT","B",37,996.13,"Maintain Stock"
"TEA FOR ONE POLKADOT","B",37,1502.01,"Maintain Stock"
"YELLOW GIANT GARDEN THERMOMETER","B",37,1535.57,"Maintain Stock"
"IVORY PILLAR CANDLE SILVER FLOCK","B",36,725.19,"Maintain Stock"
"PAPER LANTERN 9 POINT DELUXE STAR","B",36,2091.55,"Maintain Stock"
"RED RETROSPOT TEA CUP AND SAUCER","B",36,2519.19,"Maintain Stock"
"ROSE SCENT CANDLE JEWELLED DRAWER","B",36,714,"Maintain Stock"
"SET 6 FOOTBALL CELEBRATION CANDLES","B",36,743.75,"Maintain Stock"
"SKULL AND CROSSBONES  GARLAND","B",36,1532.25,"Maintain Stock"
"SMALL HAMMERED SILVER CANDLEPOT","B",36,1020.7,"Maintain Stock"
"SOAP DISH BROCANTE","B",36,1942.45,"Maintain Stock"
"VINTAGE UNION JACK APRON","B",36,2112.39,"Maintain Stock"
"KINGS CHOICE BISCUIT TIN","B",35,1332.6,"Maintain Stock"
"MAKE YOUR OWN PLAYTIME CARD KIT","B",35,1236.24,"Maintain Stock"
"PEACE WOODEN BLOCK LETTERS","B",35,1699.66,"Maintain Stock"
"RED RETROSPOT SHOPPING BAG","B",35,1284.66,"Maintain Stock"
"SINGLE WIRE HOOK IVORY HEART","B",35,1201.9,"Maintain Stock"
"CITRONELLA CANDLE GARDEN POT","B",34,1348.75,"Maintain Stock"
"DISCO BALL ROTATOR BATTERY OPERATED","B",34,1034,"Maintain Stock"
"IVORY REFECTORY CLOCK","B",34,1894.7,"Maintain Stock"
"JUNGLE POPSICLES ICE LOLLY MOULDS","B",34,1038.66,"Maintain Stock"
"POMPOM CURTAIN","B",34,1570.15,"Maintain Stock"
"RED METAL BEACH SPADE","B",34,1612.42,"Maintain Stock"
"RED PAPER PARASOL","B",34,1732.79,"Maintain Stock"
"TV DINNER TRAY VINTAGE PAISLEY","B",34,1239.39,"Maintain Stock"
"PACK OF 6 SANDCASTLE FLAGS ASSORTED","B",33,1972.9,"Maintain Stock"
"MOBILE VINTAGE HEARTS","B",32,750.3,"Maintain Stock"
"SMALL REGAL  SILVER CANDLEPOT","B",32,817.05,"Maintain Stock"
"BLACK TEA,COFFEE,SUGAR JARS","B",31,779.45,"Maintain Stock"
"GLASS JAR DIGESTIVE BISCUITS","B",31,1421.12,"Maintain Stock"
"DOG BOWL VINTAGE CREAM","B",30,1507.92,"Maintain Stock"
"EMBROIDERED RIBBON REEL SOPHIE","B",30,1025.01,"Maintain Stock"
"FRENCH LAUNDRY SIGN BLUE METAL","B",30,1463.66,"Maintain Stock"
"JOY WOODEN BLOCK LETTERS","B",30,742.63,"Maintain Stock"
"PINK PAPER PARASOL","B",30,1230.58,"Maintain Stock"
"POTTING SHED TWINE","B",30,2152.2,"Maintain Stock"
"SMALL GLASS SUNDAE DISH CLEAR","B",30,730.44,"Maintain Stock"
"AIRLINE BAG VINTAGE JET SET WHITE","B",29,812.19,"Maintain Stock"
"DOCTOR'S BAG SOFT TOY","B",29,1640.18,"Maintain Stock"
"EMBROIDERED RIBBON REEL CLAIRE","B",29,755.01,"Maintain Stock"
"MINI FUNKY DESIGN TAPES","B",29,929.45,"Maintain Stock"
"FRENCH ENAMEL WATER BASIN","B",28,771.21,"Maintain Stock"
"FRENCH GARDEN SIGN BLUE METAL","B",28,956.83,"Maintain Stock"
"FRYING PAN RED RETROSPOT","B",28,1323,"Maintain Stock"
"MEASURING TAPE BABUSHKA BLUE","B",28,948.75,"Maintain Stock"
"Next Day Carriage","B",28,1200,"Maintain Stock"
"PAPER LANTERN 9 POINT SNOW STAR","B",28,2289.6,"Maintain Stock"
"RED FLOWER CROCHET FOOD COVER","B",28,982.49,"Maintain Stock"
"SPACEBOY TV DINNER TRAY","B",28,1009.04,"Maintain Stock"
"TV DINNER TRAY DOLLY GIRL","B",28,1224.17,"Maintain Stock"
"WHITE BROCANTE SOAP DISH","B",28,1960.2,"Maintain Stock"
"COSMETIC BAG VINTAGE ROSE PAISLEY","B",27,728.62,"Maintain Stock"
"SILK PURSE BABUSHKA PINK","B",27,1214.33,"Maintain Stock"
"VINTAGE UNION JACK DOORSTOP","B",27,1184.85,"Maintain Stock"
"AIRLINE BAG VINTAGE JET SET BROWN","B",26,1043.3,"Maintain Stock"
"BEADED CHANDELIER T-LIGHT HOLDER","B",26,1298.44,"Maintain Stock"
"BLUE POLKADOT WASHING UP GLOVES","B",26,756,"Maintain Stock"
"CAKE STAND LOVEBIRD 2 TIER WHITE","B",26,1489.55,"Maintain Stock"
"GEORGIAN TRINKET BOX","B",26,1681.5,"Maintain Stock"
"GLASS JAR PEACOCK BATH SALTS","B",26,987.23,"Maintain Stock"
"SILVER PLATE CANDLE BOWL SMALL","B",26,932.2,"Maintain Stock"
"BIRDS MOBILE VINTAGE DESIGN","B",25,1100.21,"Maintain Stock"
"CERAMIC BOWL WITH STRAWBERRY DESIGN","B",25,1106.55,"Maintain Stock"
"DOORMAT NEIGHBOURHOOD WITCH","B",25,1645.67,"Maintain Stock"
"EASTER TIN BUNNY BOUQUET","B",25,1822.8,"Maintain Stock"
"FRYING PAN PINK POLKADOT","B",25,1209.54,"Maintain Stock"
"JAM CLOCK MAGNET","B",25,838.47,"Maintain Stock"
"SET OF 4 FAIRY CAKE PLACEMATS","B",25,1441.25,"Maintain Stock"
"TALL ROCOCO CANDLE HOLDER","B",25,720,"Maintain Stock"
"ZINC HEARTS PLANT POT HOLDER","B",25,746.15,"Maintain Stock"
"FLOWER VINE RAFFIA FOOD COVER","B",24,1271.13,"Maintain Stock"
"PACK OF 6 HANDBAG GIFT BOXES","B",24,1346.4,"Maintain Stock"
"PINK  HEART SHAPE LOVE BUCKET","B",24,1686.52,"Maintain Stock"
"WHITE SOAP RACK WITH 2 BOTTLES","B",24,864.35,"Maintain Stock"
"HANGING HEN ON NEST DECORATION","B",23,1310.1,"Maintain Stock"
"MEASURING TAPE BABUSHKA PINK","B",23,1094.8,"Maintain Stock"
"UNION JACK FLAG PASSPORT COVER","B",23,1190.34,"Maintain Stock"
"VINTAGE SEASIDE JIGSAW PUZZLES","B",23,1142.53,"Maintain Stock"
"COFFEE MUG PINK PAISLEY DESIGN","B",22,1559.44,"Maintain Stock"
"DAIRY MAID LARGE MILK JUG","B",22,1563.75,"Maintain Stock"
"DOORMAT WELCOME SUNRISE","B",22,2260.69,"Maintain Stock"
"FAIRY CAKE BIRTHDAY CANDLE SET","B",22,1547.4,"Maintain Stock"
"HEART SHAPE WIRELESS DOORBELL","B",22,792.54,"Maintain Stock"
"ROSE SCENT CANDLE IN JEWELLED BOX","B",22,1271.67,"Maintain Stock"
"ENAMEL FIRE BUCKET CREAM","B",21,1528.73,"Maintain Stock"
"IVORY HANGING DECORATION  BIRD","B",21,862.75,"Maintain Stock"
"REGENCY TEA SPOON","B",21,1651.8,"Maintain Stock"
"SET OF 6 FUNKY BEAKERS","B",21,854.04,"Maintain Stock"
"WHITE HANGING BEADS CANDLE HOLDER","B",21,1239.5,"Maintain Stock"
"BOOM BOX SPEAKER BOYS","B",20,740.15,"Maintain Stock"
"BROCANTE SHELF WITH HOOKS","B",20,1645.45,"Maintain Stock"
"BULL DOG BOTTLE TOP WALL CLOCK","B",20,1484.25,"Maintain Stock"
"GLASS  SONGBIRD STORAGE JAR","B",20,1965.3,"Maintain Stock"
"HANGING PHOTO CLIP ROPE LADDER","B",20,1089.58,"Maintain Stock"
"KEY CABINET MA CAMPAGNE","B",20,1855.7,"Maintain Stock"
"PURPLE PAPER PARASOL","B",20,779.45,"Maintain Stock"
"RED RETROSPOT APRON","B",20,1796.9,"Maintain Stock"
"SET OF 3 BLACK FLYING DUCKS","B",20,2251.15,"Maintain Stock"
"WHITE TALL PORCELAIN T-LIGHT HOLDER","B",20,1461.15,"Maintain Stock"
"BOTTLE BAG RETROSPOT","B",19,1510.89,"Maintain Stock"
"METAL SIGN NEIGHBOURHOOD WITCH","B",19,1778.4,"Maintain Stock"
"SET OF 4 FAIRY CAKE PLACEMATS","B",19,1441.25,"Maintain Stock"
"SWEETHEART WIRE MAGAZINE RACK","B",19,2373,"Maintain Stock"
"12 EGG HOUSE PAINTED WOOD","B",18,1425.27,"Maintain Stock"
"6 EGG HOUSE PAINTED WOOD","B",18,2043.04,"Maintain Stock"
"CHILDS GARDEN FORK BLUE","B",18,757.89,"Maintain Stock"
"CITRONELLA CANDLE FLOWERPOT","B",18,1429.2,"Maintain Stock"
"DANISH ROSE DECORATIVE PLATE","B",18,710.64,"Maintain Stock"
"FOLDING UMBRELLA RED/WHITE POLKADOT","B",18,1129.63,"Maintain Stock"
"SPOTTY PINK DUCK DOORSTOP","B",18,752.51,"Maintain Stock"
"STORAGE TIN VINTAGE LEAF","B",18,1948.1,"Maintain Stock"
"STRAWBERRY HONEYCOMB  GARLAND","B",18,1446.6,"Maintain Stock"
"TV DINNER TRAY AIR HOSTESS","B",18,1092.73,"Maintain Stock"
"BLACK ENCHANTED FOREST PLACEMAT","B",17,893.25,"Maintain Stock"
"EUCALYPTUS & PINECONE  WREATH","B",17,1118.65,"Maintain Stock"
"PAPER CHAIN KIT SKULLS","B",17,1415.65,"Maintain Stock"
"SET OF 2 CERAMIC CHRISTMAS REINDEER","B",17,1980.18,"Maintain Stock"
"CAKE STAND VICTORIAN FILIGREE SMALL","B",16,713.8,"Maintain Stock"
"FRENCH CARRIAGE LANTERN","B",16,858.9,"Maintain Stock"
"LARGE MEDINA STAMPED METAL BOWL","B",16,881.16,"Maintain Stock"
"SET OF 4 DIAMOND NAPKIN RINGS","B",16,1146.97,"Maintain Stock"
"WHITE WIRE EGG HOLDER","B",16,1881.15,"Maintain Stock"
"WOODEN REGATTA BUNTING","B",16,1356.6,"Maintain Stock"
"36 DOILIES DOLLY GIRL","B",15,1294.85,"Maintain Stock"
"CHEST OF DRAWERS GINGHAM HEART","B",15,2459.04,"Maintain Stock"
"CUT GLASS HEXAGON T-LIGHT HOLDER","B",15,912.96,"Maintain Stock"
"RED RETROSPOT OVEN GLOVE DOUBLE","B",15,1678.55,"Maintain Stock"
"TOAST ITS - I LOVE YOU","B",15,955.4,"Maintain Stock"
"T-LIGHT HOLDER SWEETHEART HANGING","B",14,1574.64,"Maintain Stock"
"WHITE HEARTS WIRE PLANT POT HOLDER","B",14,873.56,"Maintain Stock"
"BAKING MOULD HEART WHITE CHOCOLATE","B",13,1873.51,"Maintain Stock"
"CAKE STAND WHITE TWO TIER LACE","B",13,2254.5,"Maintain Stock"
"CUPBOARD 3 DRAWER MA CAMPAGNE","B",13,2070.95,"Maintain Stock"
"GARLAND WOODEN HAPPY EASTER","B",13,2147.78,"Maintain Stock"
"MAGNETS PACK OF 4 CHILDHOOD MEMORY","B",13,1309.9,"Maintain Stock"
"OVAL WALL MIRROR DIAMANTE","B",13,1050,"Maintain Stock"
"CHILDS GARDEN FORK PINK","B",12,716.55,"Maintain Stock"
"GROW YOUR OWN FLOWERS SET OF 3","B",12,1177.8,"Maintain Stock"
"HANGING FAIRY CAKE DECORATION","B",12,1262.1,"Maintain Stock"
"PINK FLOWER CROCHET FOOD COVER","B",12,727.46,"Maintain Stock"
"YELLOW COAT RACK PARIS FASHION","B",12,1222.74,"Maintain Stock"
"BAKING MOULD CHOCOLATE CUPCAKES","B",11,2358.89,"Maintain Stock"
"FIVE HEART HANGING DECORATION","B",11,1161,"Maintain Stock"
"LE GRAND TRAY CHIC SET","B",11,1837.5,"Maintain Stock"
"MEDIUM MEDINA STAMPED METAL BOWL","B",11,876.15,"Maintain Stock"
"SET OF 2 TINS JARDIN DE PROVENCE","B",11,826.55,"Maintain Stock"
"SET OF 6 KASHMIR FOLKART BAUBLES","B",11,1014.75,"Maintain Stock"
"APOTHECARY MEASURING JAR","B",10,751.4,"Maintain Stock"
"BLUE COAT RACK PARIS FASHION","B",10,1974.69,"Maintain Stock"
"BOOM BOX SPEAKER GIRLS","B",10,827.15,"Maintain Stock"
"DAISY GARDEN MARKER","B",10,1513.1,"Maintain Stock"
"DANISH ROSE ROUND SEWING BOX","B",10,951.79,"Maintain Stock"
"FAUX FUR CHOCOLATE THROW","B",10,1035.75,"Maintain Stock"
"HANGING CHICK  YELLOW DECORATION","B",10,1515.65,"Maintain Stock"
"HANGING CHICK GREEN DECORATION","B",10,1184.65,"Maintain Stock"
"SEWING BOX RETROSPOT DESIGN","B",10,1923.85,"Maintain Stock"
"TEA TIME DES TEA COSY","B",10,813.61,"Maintain Stock"
"WHITE BAMBOO RIBS LAMPSHADE","B",10,728.66,"Maintain Stock"
"CREAM WALL PLANTER HEART SHAPED","B",9,2396.71,"Maintain Stock"
"DAIRY MAID TRADITIONAL TEAPOT","B",9,1209.2,"Maintain Stock"
"HANGING SPRING FLOWER EGG LARGE","B",9,746.28,"Maintain Stock"
"SWEETHEART WIRE FRUIT BOWL","B",9,1489.3,"Maintain Stock"
"ANT WHITE WIRE HEART SPIRAL","B",8,1076.66,"Maintain Stock"
"ASSORTED CREEPY CRAWLIES","B",8,1073.47,"Maintain Stock"
"BAKING MOULD ROSE MILK CHOCOLATE","B",8,1964.25,"Maintain Stock"
"HANGING CHICK CREAM DECORATION","B",8,1761.75,"Maintain Stock"
"MIRROR CORNICE","B",8,1223.25,"Maintain Stock"
"RED COAT RACK PARIS FASHION","B",8,1479.69,"Maintain Stock"
"SQUARE CHERRY BLOSSOM CABINET","B",8,719.55,"Maintain Stock"
"WRAP COWBOYS","B",8,845,"Maintain Stock"
"BAKING MOULD TOFFEE CUP CHOCOLATE","B",7,1935.6,"Maintain Stock"
"BROWN CHECK CAT DOORSTOP","B",7,965,"Maintain Stock"
"DIAMANTE HEART SHAPED WALL MIRROR,","B",7,1490.65,"Maintain Stock"
"GLASS JAR MARMALADE","B",7,1223.99,"Maintain Stock"
"RETROSPOT PADDED SEAT CUSHION","B",7,2502.82,"Maintain Stock"
"STRAWBERRY RAFFIA FOOD COVER","B",7,1695.15,"Maintain Stock"
"VINTAGE UNION JACK PENNANT","B",7,1444.95,"Maintain Stock"
"WHEELBARROW FOR CHILDREN","B",7,1406.4,"Maintain Stock"
"AFGHAN SLIPPER SOCK PAIR","B",6,1662.95,"Maintain Stock"
"BOX OF 9 PEBBLE CANDLES","B",6,851.4,"Maintain Stock"
"CAKE PLATE LOVEBIRD PINK","B",6,902.85,"Maintain Stock"
"FAIRY CAKE DESIGN UMBRELLA","B",6,1482.87,"Maintain Stock"
"CAKE STAND LOVEBIRD 2 TIER PINK","B",5,964.4,"Maintain Stock"
"CERAMIC STRAWBERRY MONEY BOX","B",5,1859.4,"Maintain Stock"
"HAPPY EASTER HANGING DECORATION","B",5,770.22,"Maintain Stock"
"POLKA DOT RAFFIA FOOD COVER","B",5,941.21,"Maintain Stock"
"SET OF 2 TINS VINTAGE BATHROOM","B",5,752.25,"Maintain Stock"
"CHERRY CROCHET FOOD COVER","B",4,813.67,"Maintain Stock"
"DRAWER KNOB CRACKLE GLAZE BLUE","B",4,1751.79,"Maintain Stock"
"EASTER TIN CHICKS PINK DAISY","B",4,924,"Maintain Stock"
"NURSERY A,B,C PAINTED LETTERS","B",4,859.2,"Maintain Stock"
"SET OF 16 VINTAGE PISTACHIO CUTLERY","B",4,1198.5,"Maintain Stock"
"VINTAGE UNION JACK CUSHION COVER","B",4,1755.3,"Maintain Stock"
"VINTAGE UNION JACK SHOPPING BAG","B",4,1016.85,"Maintain Stock"
"BIG DOUGHNUT FRIDGE MAGNETS","B",3,1076.1,"Maintain Stock"
"CABIN BAG VINTAGE PAISLEY","B",3,1279.2,"Maintain Stock"
"CHEST 7 DRAWER MA CAMPAGNE","B",3,821.3,"Maintain Stock"
"FRENCH LAVENDER SCENT HEART","B",3,846.6,"Maintain Stock"
"IVORY WIRE KITCHEN ORGANISER","B",3,1137.65,"Maintain Stock"
"RED HEARTS LIGHT CHAIN","B",3,844.34,"Maintain Stock"
"SET OF 16 VINTAGE ROSE CUTLERY","B",3,1787.85,"Maintain Stock"
"BAKING MOULD ROSE WHITE CHOCOLATE","B",2,766.88,"Maintain Stock"
"BLUE POLKADOT GARDEN PARASOL","B",2,1104.6,"Maintain Stock"
"PINK POLKADOT GARDEN PARASOL","B",2,866.25,"Maintain Stock"
"REGENCY MIRROR WITH SHUTTERS","B",2,1530,"Maintain Stock"
"SET OF 16 VINTAGE BLACK CUTLERY","B",2,1035.06,"Maintain Stock"
"SET OF 6 T-LIGHTS EASTER CHICKS","B",2,899.8,"Maintain Stock"
"SWEETHEART WIRE WALL TIDY","B",2,2046.85,"Maintain Stock"
"3 TIER SWEETHEART GARDEN SHELF","B",1,1938.25,"Maintain Stock"
"BAKING MOULD EASTER EGG MILK CHOC","B",1,2272.2,"Maintain Stock"
"HIPPY CHIC DECORATIVE PARASOL","B",1,761.85,"Maintain Stock"
"IVORY EMBROIDERED QUILT","B",1,1715.9,"Maintain Stock"
"SET OF 16 VINTAGE RED CUTLERY","B",1,814.92,"Maintain Stock"
"SET OF 16 VINTAGE SKY BLUE CUTLERY","B",1,951.3,"Maintain Stock"
"SUNSET CHECK HAMMOCK","B",1,1249.65,"Maintain Stock"
"WOODLAND DESIGN  COTTON TOTE BAG","B",1,1311.75,"Maintain Stock"
"POPART WOODEN PENCILS ASST","C",982,380,"Reduce Assortment"
"SMALL FOLDING SCISSOR(POINTED EDGE)","C",812,360.71,"Reduce Assortment"
"SET OF 3 BIRD LIGHT PINK FEATHER","C",722,690,"Reduce Assortment"
"CHRISTMAS MUSICAL ZINC STAR","C",638,528.21,"Reduce Assortment"
"PAPER POCKET TRAVELING FAN","C",610,697.06,"Reduce Assortment"
"VINTAGE RED MUG","C",572,656.37,"Reduce Assortment"
"CARTOON  PENCIL SHARPENERS","C",535,253.2,"Reduce Assortment"
"NOEL GARLAND PAINTED ZINC","C",496,425.16,"Reduce Assortment"
"CHRISTMAS TREE PAINTED ZINC","C",477,569.29,"Reduce Assortment"
"DARK BIRD HOUSE TREE DECORATION","C",447,377.33,"Reduce Assortment"
"GLITTER CHRISTMAS TREE WITH BELLS","C",429,527.65,"Reduce Assortment"
"JAZZ HEARTS ADDRESS BOOK","C",417,648.12,"Reduce Assortment"
"ELEPHANT BIRTHDAY CARD","C",411,449.88,"Reduce Assortment"
"LETTER SHAPE PENCIL SHARPENER","C",406,227.14,"Reduce Assortment"
"PACK OF 12 PAISLEY PARK TISSUES","C",399,629.46,"Reduce Assortment"
"ANIMAL STICKERS","C",381,367.29,"Reduce Assortment"
"CHRISTMAS CARD SCREEN PRINT","C",373,283.32,"Reduce Assortment"
"HYACINTH BULB T-LIGHT CANDLES","C",345,544.32,"Reduce Assortment"
"MAGIC TREE -PAPER FLOWERS","C",325,706.35,"Reduce Assortment"
"FENG SHUI PILLAR CANDLE","C",313,630.23,"Reduce Assortment"
"POPART RECT PENCIL SHARPENER ASST","C",312,140.52,"Reduce Assortment"
"CHRISTMAS TREE STAR DECORATION","C",301,462.42,"Reduce Assortment"
"LIPSTICK PEN BABY PINK","C",298,499.91,"Reduce Assortment"
"WOOD STOCKING CHRISTMAS SCANDISPOT","C",296,704.02,"Reduce Assortment"
"CHRISTMAS HANGING SNOWFLAKE","C",283,421.02,"Reduce Assortment"
"BOYS ALPHABET IRON ON PATCHES","C",280,262.08,"Reduce Assortment"
"PACK OF 12 DOLLY GIRL TISSUES","C",278,468,"Reduce Assortment"
"CINNAMON SCENTED VOTIVE CANDLE","C",274,326.24,"Reduce Assortment"
"PAINTED METAL STAR WITH HOLLY BELLS","C",274,697.61,"Reduce Assortment"
"CHRISTMAS MUSICAL ZINC TREE","C",272,290.17,"Reduce Assortment"
"PINK PAISLEY SQUARE TISSUE BOX","C",267,561.75,"Reduce Assortment"
"SILVER FABRIC MIRROR","C",267,159.26,"Reduce Assortment"
"HANGING WOOD AND FELT FLOWER","C",264,248.88,"Reduce Assortment"
"HEART STRING MEMO HOLDER HANGING","C",257,580.94,"Reduce Assortment"
"BLUE EGG  SPOON","C",256,258.72,"Reduce Assortment"
"HOUSE SHAPE PENCIL SHARPENER","C",251,309.9,"Reduce Assortment"
"SWISS CHALET TREE DECORATION","C",245,455.57,"Reduce Assortment"
"ASSORTED TUTTI FRUTTI BRACELET","C",244,440.89,"Reduce Assortment"
"TOXIC AREA  DOOR HANGER","C",223,695.23,"Reduce Assortment"
"SET/12 TAPER CANDLES","C",222,364.95,"Reduce Assortment"
"CHRISTMAS TREE HANGING SILVER","C",220,670.11,"Reduce Assortment"
"KITTY PENCIL ERASERS","C",220,266.56,"Reduce Assortment"
"RETRO MOD TRAY","C",220,618.13,"Reduce Assortment"
"SMALL FOLKART STAR CHRISTMAS DEC","C",217,244.23,"Reduce Assortment"
"WRAP BIRD GARDEN","C",213,546,"Reduce Assortment"
"SCOTTIE DOGS BABY BIB","C",208,676.39,"Reduce Assortment"
"TRAVEL CARD WALLET VINTAGE LEAF","C",206,554.4,"Reduce Assortment"
"MOODY GIRL DOOR HANGER","C",205,684.96,"Reduce Assortment"
"FOLKART CLIP ON STARS","C",202,245.61,"Reduce Assortment"
"CRYSTAL STUD EARRINGS ASSORTED COL","C",197,232.56,"Reduce Assortment"
"BLUE VICTORIAN FABRIC OVAL BOX","C",194,293.82,"Reduce Assortment"
"PACK OF 12 VINTAGE LEAF TISSUES","C",189,544.62,"Reduce Assortment"
"RED CHARLIE+LOLA PERSONAL DOORSIGN","C",189,618.35,"Reduce Assortment"
"CHRISTMAS TREE HANGING GOLD","C",188,690.64,"Reduce Assortment"
"RED  EGG  SPOON","C",184,155.4,"Reduce Assortment"
"WRAP MONSTER FUN","C",184,525,"Reduce Assortment"
"PACK OF 6 SMALL FRUIT STRAWS","C",183,644.58,"Reduce Assortment"
"WHITE SAGE INCENSE","C",183,264.6,"Reduce Assortment"
"ASSORTED COLOUR LIZARD SUCTION HOOK","C",181,382.92,"Reduce Assortment"
"GLITTER CHRISTMAS TREE","C",181,405.14,"Reduce Assortment"
"PACK OF 12 RED APPLE TISSUES","C",179,428.01,"Reduce Assortment"
"FOOD/DRINK SPONGE STICKERS","C",178,256.2,"Reduce Assortment"
"SKULLS SQUARE TISSUE BOX","C",178,304.17,"Reduce Assortment"
"CHERUB HEART DECORATION GOLD","C",177,620.45,"Reduce Assortment"
"CARAVAN SQUARE TISSUE BOX","C",176,703.57,"Reduce Assortment"
"EASTER DECORATION HANGING BUNNY","C",176,562.7,"Reduce Assortment"
"CRYSTAL STUD EARRINGS CLEAR DISPLAY","C",175,123.12,"Reduce Assortment"
"RECYCLED PENCIL WITH RABBIT ERASER","C",175,518.19,"Reduce Assortment"
"MAGIC DRAWING SLATE BUNNIES","C",173,630.18,"Reduce Assortment"
"PARTY TIME PENCIL ERASERS","C",159,265.09,"Reduce Assortment"
"SILVER GLITTER FLOWER VOTIVE HOLDER","C",159,416.07,"Reduce Assortment"
"MOODY BOY  DOOR HANGER","C",157,542.36,"Reduce Assortment"
"SMALL YELLOW BABUSHKA NOTEBOOK","C",155,613.78,"Reduce Assortment"
"MINI PLAYING CARDS FUN FAIR","C",153,433.2,"Reduce Assortment"
"BLACK CHRISTMAS TREE 60CM","C",152,433.7,"Reduce Assortment"
"BLUE PAISLEY TISSUE BOX","C",151,311.56,"Reduce Assortment"
"MADRAS NOTEBOOK MEDIUM","C",151,699.45,"Reduce Assortment"
"BLUE CALCULATOR RULER","C",149,543.01,"Reduce Assortment"
"SWALLOW SQUARE TISSUE BOX","C",149,685.55,"Reduce Assortment"
"BLUE CHARLIE+LOLA PERSONAL DOORSIGN","C",146,512.8,"Reduce Assortment"
"MAGNETS PACK OF 4 RETRO PHOTO","C",146,568.76,"Reduce Assortment"
"SNOWSTORM PHOTO FRAME FRIDGE MAGNET","C",145,477.97,"Reduce Assortment"
"ORIGAMI SANDLEWOOD INCENSE/CAND SET","C",139,329.05,"Reduce Assortment"
"3 RAFFIA RIBBONS VINTAGE CHRISTMAS","C",138,606.28,"Reduce Assortment"
"LARGE HANGING IVORY & RED WOOD BIRD","C",138,598.37,"Reduce Assortment"
"FAIRY CAKES NOTEBOOK A7 SIZE","C",137,655.34,"Reduce Assortment"
"LAUREL STAR ANTIQUE GOLD","C",137,465.81,"Reduce Assortment"
"LAUREL STAR ANTIQUE SILVER","C",133,504.6,"Reduce Assortment"
"POLKADOT RAIN HAT","C",133,629.89,"Reduce Assortment"
"GARAGE KEY FOB","C",132,489.2,"Reduce Assortment"
"SMOKEY GREY COLOUR GLASS","C",130,56.84,"Reduce Assortment"
"HANGING HEART BONHEUR","C",129,495.83,"Reduce Assortment"
"MAGIC DRAWING SLATE GO TO THE FAIR","C",129,328.92,"Reduce Assortment"
"WRAP MAGIC FOREST","C",129,451.5,"Reduce Assortment"
"BOHEMIAN COLLAGE STATIONERY SET","C",127,675.53,"Reduce Assortment"
"EMPIRE BIRTHDAY CARD","C",127,476.25,"Reduce Assortment"
"HEARTS  STICKERS","C",127,655,"Reduce Assortment"
"SET/4 DAISY MIRROR MAGNETS","C",126,166.28,"Reduce Assortment"
"DECORATIVE ROSE BATHROOM BOTTLE","C",125,693.52,"Reduce Assortment"
"ORIGAMI ROSE INCENSE/CANDLE SET","C",124,362.95,"Reduce Assortment"
"ACRYLIC JEWEL ICICLE, PINK","C",123,99.18,"Reduce Assortment"
"POCKET BAG BLUE PAISLEY RED SPOT","C",123,574.66,"Reduce Assortment"
"ROSE FOLKART HEART DECORATIONS","C",122,504.64,"Reduce Assortment"
"FAIRY DREAMS INCENSE","C",121,212.75,"Reduce Assortment"
"BANQUET BIRTHDAY  CARD","C",119,642.24,"Reduce Assortment"
"ASSTD FRUIT+FLOWERS FRIDGE MAGNETS","C",118,545.16,"Reduce Assortment"
"TEATIME ROUND PENCIL SHARPENER","C",117,186.72,"Reduce Assortment"
"WHITE GOOSE FEATHER TREE 60CM","C",117,495.3,"Reduce Assortment"
"BLUE SCANDINAVIAN PAISLEY WRAP","C",116,409.5,"Reduce Assortment"
"ROMANTIC IMAGES GIFT WRAP SET","C",116,679.15,"Reduce Assortment"
"FELT TOADSTOOL  SMALL","C",115,460.7,"Reduce Assortment"
"MAGNETS PACK OF 4 VINTAGE LABELS","C",115,569.36,"Reduce Assortment"
"CANDY HEART HANGING DECORATION","C",114,631.71,"Reduce Assortment"
"GARDEN PATH JOURNAL","C",114,534.46,"Reduce Assortment"
"TOOTHPASTE TUBE PEN","C",113,396.6,"Reduce Assortment"
"WHITE CHRISTMAS GARLAND STARS TREES","C",113,656.7,"Reduce Assortment"
"PASTEL COLOUR HONEYCOMB FAN","C",112,531.69,"Reduce Assortment"
"EGG CUP NATURAL CHICKEN","C",111,520.48,"Reduce Assortment"
"CINAMMON SET OF 9 T-LIGHTS","C",110,672.06,"Reduce Assortment"
"RATTLE SNAKE EGGS","C",109,596.84,"Reduce Assortment"
"CARD PARTY GAMES","C",108,628.74,"Reduce Assortment"
"PORCELAIN BUDAH INCENSE HOLDER","C",108,138.1,"Reduce Assortment"
"MIRRORED WALL ART SNOWFLAKES","C",107,380.25,"Reduce Assortment"
"HI TEC ALPINE HAND WARMER","C",106,632.76,"Reduce Assortment"
"WRAP BAD HAIR DAY","C",106,70,"Reduce Assortment"
"ASSORTED TUTTI FRUTTI MIRROR","C",105,594.26,"Reduce Assortment"
"CARD CAT AND TREE","C",105,636.48,"Reduce Assortment"
"STARS GIFT TAPE","C",105,581.06,"Reduce Assortment"
"FRENCH STYLE STORAGE JAR JAM","C",104,114.85,"Reduce Assortment"
"MORE BUTTER METAL SIGN","C",103,705.31,"Reduce Assortment"
"ICON MUG REVOLUTIONARY","C",102,283.71,"Reduce Assortment"
"RED FLOCK LOVE HEART PHOTO FRAME","C",102,517.68,"Reduce Assortment"
"FOLDING BUTTERFLY MIRROR IVORY","C",101,597.78,"Reduce Assortment"
"VINTAGE BEAD PINK EVENING BAG","C",101,668.88,"Reduce Assortment"
"PHOTO FRAME LINEN AND LACE SMALL","C",100,644.8,"Reduce Assortment"
"COCKTAIL SWORDS 50 PIECES","C",99,705.25,"Reduce Assortment"
"PACK OF 12 CIRCUS PARADE TISSUES","C",99,617.84,"Reduce Assortment"
"PANDA AND BUNNIES STICKER SHEET","C",99,316.2,"Reduce Assortment"
"HOME SWEET HOME HOOK","C",98,405.6,"Reduce Assortment"
"MULTICOLOUR HONEYCOMB FAN","C",98,669.12,"Reduce Assortment"
"WRAP FLOWER SHOP","C",98,661.5,"Reduce Assortment"
"ANGEL DECORATION PAINTED ZINC","C",97,383.95,"Reduce Assortment"
"MAGIC DRAWING SLATE BAKE A CAKE","C",97,605.52,"Reduce Assortment"
"CANDY SPOT EGG WARMER RABBIT","C",93,122.75,"Reduce Assortment"
"CHARLIE+LOLA""EXTREMELY BUSY"" SIGN","C",92,313.78,"Reduce Assortment"
"CUT GLASS T-LIGHT HOLDER OCTAGON","C",92,511.35,"Reduce Assortment"
"HANGING SPRING FLOWER EGG SMALL","C",92,447.75,"Reduce Assortment"
"SET/6 COLLAGE PAPER CUPS","C",92,463.85,"Reduce Assortment"
"NAMASTE SWAGAT INCENSE","C",91,632.34,"Reduce Assortment"
"T-LIGHT HOLDER HANGING LACE","C",91,646.26,"Reduce Assortment"
"4 WILDFLOWER BOTANICAL CANDLES","C",90,471.25,"Reduce Assortment"
"ASSORTED TUTTI FRUTTI  FOB NOTEBOOK","C",90,437.17,"Reduce Assortment"
"DAIRY MAID TOASTRACK","C",90,690.12,"Reduce Assortment"
"FELTCRAFT HAIRBAND PINK AND BLUE","C",90,676.6,"Reduce Assortment"
"CREAM SLICE FLANNEL CHOCOLATE SPOT","C",89,530.95,"Reduce Assortment"
"BLOSSOM IMAGES GIFT WRAP SET","C",88,655.8,"Reduce Assortment"
"LAUREL HEART ANTIQUE GOLD","C",88,613.51,"Reduce Assortment"
"RED RETROSPOT TAPE","C",87,668.94,"Reduce Assortment"
"RING OF ROSES BIRTHDAY CARD","C",87,702,"Reduce Assortment"
"LAVENDER SCENT CAKE CANDLE","C",86,158.64,"Reduce Assortment"
"PSYCHEDELIC TILE HOOK","C",86,166.35,"Reduce Assortment"
"ACRYLIC HANGING JEWEL,BLUE","C",85,101.08,"Reduce Assortment"
"EASTER DECORATION EGG BUNNY","C",85,654.7,"Reduce Assortment"
"GIFT BAG PSYCHEDELIC APPLES","C",85,534.66,"Reduce Assortment"
"METAL SIGN HIS DINNER IS SERVED","C",84,493.39,"Reduce Assortment"
"RED PUDDING SPOON","C",84,109.74,"Reduce Assortment"
"BIRTHDAY BANQUET GIFT WRAP","C",82,393.5,"Reduce Assortment"
"FLOWERS TILE COASTER","C",82,322.88,"Reduce Assortment"
"ICON PLACEMAT POP ART ELVIS","C",82,113.64,"Reduce Assortment"
"IVORY HANGING DECORATION  EGG","C",80,253.01,"Reduce Assortment"
"BLACK CHRISTMAS TREE 120CM","C",79,503.85,"Reduce Assortment"
"BLUE PAISLEY POCKET BOOK","C",79,247.35,"Reduce Assortment"
"CARD DOG AND BALL","C",79,487.08,"Reduce Assortment"
"DECORATION SITTING BUNNY","C",79,257.61,"Reduce Assortment"
"PINK AND WHITE CHRISTMAS TREE 120CM","C",79,465.38,"Reduce Assortment"
"RIDGED GLASS T-LIGHT HOLDER","C",79,249.6,"Reduce Assortment"
"CHARLIE+LOLA MY ROOM DOOR SIGN","C",78,205.98,"Reduce Assortment"
"GOLD FABRIC MIRROR","C",78,54.21,"Reduce Assortment"
"GROOVY CACTUS INFLATABLE","C",78,114.41,"Reduce Assortment"
"SET/6 COLLAGE PAPER PLATES","C",78,704.26,"Reduce Assortment"
"SEWING SUSAN 21 NEEDLE SET","C",78,542.24,"Reduce Assortment"
"GREEN BITTY LIGHT CHAIN","C",77,188.31,"Reduce Assortment"
"CARROT CHARLIE+LOLA COASTER SET","C",76,545.99,"Reduce Assortment"
"MAGIC DRAWING SLATE LEAP FROG","C",76,360.06,"Reduce Assortment"
"ORIGAMI LAVENDER INCENSE/CANDL SET","C",76,341.8,"Reduce Assortment"
"BLUE POLKADOT PASSPORT COVER","C",75,233.34,"Reduce Assortment"
"CHRISTMAS CARD SINGING ANGEL","C",75,151.2,"Reduce Assortment"
"MINI PAINTED GARDEN DECORATION","C",75,702.47,"Reduce Assortment"
"EIGHT PIECE SNAKE  SET","C",74,388.75,"Reduce Assortment"
"FOLK ART METAL STAR T-LIGHT HOLDER","C",74,150.54,"Reduce Assortment"
"RETRO PLASTIC 70'S TRAY","C",73,146.55,"Consider Discontinuation"
"SKULLS DESIGN FLANNEL","C",73,134.55,"Consider Discontinuation"
"BLUE SCOTTIE DOG W FLOWER PATTERN","C",72,334.05,"Consider Discontinuation"
"WAKE UP COCKEREL TILE COASTER","C",72,198.09,"Consider Discontinuation"
"CURIOUS IMAGES GIFT WRAP SET","C",71,565.1,"Consider Discontinuation"
"BIRD DECORATION RED RETROSPOT","C",69,625.6,"Consider Discontinuation"
"PINK/WHITE CHRISTMAS TREE 60CM","C",69,433.22,"Consider Discontinuation"
"RETRO PLASTIC POLKA TRAY","C",69,376,"Consider Discontinuation"
"CERAMIC PLATE STRAWBERRY DESIGN","C",68,648.18,"Consider Discontinuation"
"RED VICTORIAN FABRIC OVAL BOX","C",68,277.44,"Consider Discontinuation"
"WOODLAND  STICKERS","C",68,683.4,"Consider Discontinuation"
"DECORATION WOBBLY CHICKEN","C",67,256.11,"Consider Discontinuation"
"KITTENS DESIGN FLANNEL","C",67,177.88,"Consider Discontinuation"
"MIDNIGHT GLAMOUR SCARF KNITTING KIT","C",67,385.52,"Consider Discontinuation"
"BLUE STONES ON WIRE FOR CANDLE","C",66,29.59,"Consider Discontinuation"
"FRAPPUCINO SCARF KNITTING KIT","C",66,413.83,"Consider Discontinuation"
"SET OF 4 BLACK LOVEBIRD COASTERS","C",65,318.44,"Consider Discontinuation"
"FRENCH PAISLEY CUSHION COVER","C",64,552.94,"Consider Discontinuation"
"KIDS RAIN MAC PINK","C",64,672.58,"Consider Discontinuation"
"BUTTERFLIES STICKERS","C",63,442.71,"Consider Discontinuation"
"EGG FRYING PAN MINT","C",63,351.52,"Consider Discontinuation"
"LARGE YELLOW BABUSHKA NOTEBOOK","C",63,546.88,"Consider Discontinuation"
"PINK POT PLANT CANDLE","C",63,516.25,"Consider Discontinuation"
"RED DAISY POCKET BOOK","C",63,132.53,"Consider Discontinuation"
"STRAWBERRIES  DESIGN FLANNEL","C",63,190.79,"Consider Discontinuation"
"URBAN BLACK RIBBONS","C",63,519.22,"Consider Discontinuation"
"DECORATION WOBBLY RABBIT METAL","C",62,375.57,"Consider Discontinuation"
"EMBOSSED HEART TRINKET BOX","C",61,444.02,"Consider Discontinuation"
"FRENCH BLUE METAL DOOR SIGN 0","C",60,678.15,"Consider Discontinuation"
"BLUE PUDDING SPOON","C",59,132.3,"Consider Discontinuation"
"PSYCHEDELIC TILE COASTER","C",59,178,"Consider Discontinuation"
"SMALL STRIPES CHOCOLATE GIFT BAG","C",59,591.25,"Consider Discontinuation"
"UNION JACK FLAG LUGGAGE TAG","C",59,666.71,"Consider Discontinuation"
"CHRISTMAS CARD STACK OF PRESENTS","C",58,196.44,"Consider Discontinuation"
"JIGSAW TOADSTOOLS 3 PIECE","C",58,506.43,"Consider Discontinuation"
"MIRROR MOSAIC VOTIVE HOLDER","C",58,631.62,"Consider Discontinuation"
"BEADED CRYSTAL HEART GREEN ON STICK","C",57,120.38,"Consider Discontinuation"
"JIGSAW TREE WITH WATERING CAN","C",56,356.17,"Consider Discontinuation"
"ASSORTED TUTTI FRUTTI NOTEBOOK","C",55,489.3,"Consider Discontinuation"
"DRAWER KNOB VINTAGE GLASS BALL","C",55,669.61,"Consider Discontinuation"
"RED APPLES CHOPPING BOARD","C",55,684,"Consider Discontinuation"
"SET/4 BADGES BALLOON GIRL","C",55,408.59,"Consider Discontinuation"
"12 RED ROSE PEG PLACE SETTINGS","C",54,490,"Consider Discontinuation"
"DOGGY RUBBER","C",54,40.32,"Consider Discontinuation"
"PINK  HONEYCOMB PAPER FAN","C",54,364.6,"Consider Discontinuation"
"DECORATIVE CATS BATHROOM BOTTLE","C",53,647.03,"Consider Discontinuation"
"EAU DE NILE HEART SHAPE PHOTO FRAME","C",53,471.15,"Consider Discontinuation"
"T-LIGHT HOLDER SILVER HEART HANDLE","C",53,370.8,"Consider Discontinuation"
"GREEN GOOSE FEATHER TREE 60CM","C",52,313.95,"Consider Discontinuation"
"POTTING SHED SEED ENVELOPES","C",52,604.48,"Consider Discontinuation"
"RUSTIC STRAWBERRY JAM POT SMALL","C",52,642,"Consider Discontinuation"
"DRAWER KNOB VINTAGE GLASS HEXAGON","C",51,596.96,"Consider Discontinuation"
"HAIRCLIPS FORTIES FABRIC ASSORTED","C",51,572.26,"Consider Discontinuation"
"HANGING WOOD AND FELT HEART","C",51,124.32,"Consider Discontinuation"
"MINI JIGSAW BUNNIES","C",51,390.69,"Consider Discontinuation"
"PINK/PURPLE RETRO RADIO","C",51,401.2,"Consider Discontinuation"
"TEA COSY RED  STRIPE","C",51,706.83,"Consider Discontinuation"
"WRAP DAISY CARPET","C",51,277.2,"Consider Discontinuation"
"BLACK PIRATE TREASURE CHEST","C",49,502.38,"Consider Discontinuation"
"LA PALMIERA TILE COASTER","C",49,266.64,"Consider Discontinuation"
"ROMANTIC IMAGES NOTEBOOK SET","C",49,547.25,"Consider Discontinuation"
"MOCK LOBSTER FRIDGE MAGNET","C",48,116.62,"Consider Discontinuation"
"MULTICOLOUR  CONFETTI IN TUBE","C",48,322.71,"Consider Discontinuation"
"SET OF 36 DINOSAUR PAPER DOILIES","C",48,423.4,"Consider Discontinuation"
"SPACE OWL","C",48,173.62,"Consider Discontinuation"
"ASSORTED MONKEY SUCTION CUP HOOK","C",47,205.02,"Consider Discontinuation"
"GLOW IN DARK DOLPHINS","C",47,26.88,"Consider Discontinuation"
"PINK LOVE HEART SHAPE CUP","C",47,585.78,"Consider Discontinuation"
"TREE T-LIGHT HOLDER WILLIE WINKIE","C",47,522.74,"Consider Discontinuation"
"4 PURPLE FLOCK DINNER CANDLES","C",46,265.66,"Consider Discontinuation"
"BOTANICAL LAVENDER BIRTHDAY CARD","C",46,158.61,"Consider Discontinuation"
"BOTANICAL LAVENDER GIFT WRAP","C",46,199.5,"Consider Discontinuation"
"BOTANICAL LILY GREETING CARD","C",46,151.62,"Consider Discontinuation"
"BOTANICAL ROSE GIFT WRAP","C",46,304.5,"Consider Discontinuation"
"ENGLISH ROSE SMALL SCENTED FLOWER","C",46,163.2,"Consider Discontinuation"
"HEART BEADED TRELLIS DECORATION","C",46,507.52,"Consider Discontinuation"
"PANTRY HOOK BALLOON WHISK","C",46,407.68,"Consider Discontinuation"
"PIECE OF CAMO STATIONERY SET","C",46,326.56,"Consider Discontinuation"
"SET OF 4 PISTACHIO LOVEBIRD COASTER","C",46,314.27,"Consider Discontinuation"
"TOYBOX  WRAP","C",46,288.92,"Consider Discontinuation"
"75 GREEN PETIT FOUR CASES","C",45,128.1,"Consider Discontinuation"
"BLUE POLKADOT LUGGAGE TAG","C",45,191.01,"Consider Discontinuation"
"PAINTED METAL HEART WITH HOLLY BELL","C",45,687.59,"Consider Discontinuation"
"RIDGED BONNE JAM JAR T-LIGHT HOLDER","C",45,411.44,"Consider Discontinuation"
"SKULLS TAPE","C",45,189.98,"Consider Discontinuation"
"BLUE ROSE FABRIC MIRROR","C",44,487.34,"Consider Discontinuation"
"CHOC TRUFFLE GOLD TRINKET POT","C",44,562.53,"Consider Discontinuation"
"COFFEE SCENT PILLAR CANDLE","C",44,276.45,"Consider Discontinuation"
"EGG FRYING PAN BLUE","C",44,312,"Consider Discontinuation"
"PARTY INVITES DINOSAURS","C",44,487.05,"Consider Discontinuation"
"PARTY INVITES FOOTBALL","C",44,350.2,"Consider Discontinuation"
"RUSTIC STRAWBERRY JAM POT LARGE","C",44,531.84,"Consider Discontinuation"
"SILVER DISCO HANDBAG","C",44,248.21,"Consider Discontinuation"
"ABSTRACT CIRCLES POCKET BOOK","C",43,134.3,"Consider Discontinuation"
"CANDY SPOT HAND BAG","C",43,385.27,"Consider Discontinuation"
"FRENCH PAISLEY CUSHION COVER","C",43,552.94,"Consider Discontinuation"
"HANGING WOOD AND FELT BUTTERFLY","C",43,237.54,"Consider Discontinuation"
"PANTRY HOOK SPATULA","C",43,316.16,"Consider Discontinuation"
"SMALL POP BOX FUNKY MONKEY","C",43,210.48,"Consider Discontinuation"
"CHRISTMAS TREE HEART DECORATION","C",42,418.74,"Consider Discontinuation"
"BEADED CRYSTAL HEART GREEN LARGE","C",41,707.7,"Consider Discontinuation"
"BLOND DOLL DOORSTOP","C",41,141.75,"Consider Discontinuation"
"GREEN HEART COMPACT MIRROR","C",41,251.25,"Consider Discontinuation"
"SMALL MEDINA STAMPED METAL BOWL","C",41,565.21,"Consider Discontinuation"
"SUMMER DAISIES BAG CHARM","C",41,168.3,"Consider Discontinuation"
"BLACK TEA TOWEL CLASSIC DESIGN","C",40,607.74,"Consider Discontinuation"
"POCKET BAG PINK PAISELY BROWN SPOT","C",40,223.63,"Consider Discontinuation"
"SET OF 6 CAKE CHOPSTICKS","C",40,541.82,"Consider Discontinuation"
"T-LIGHT HOLDER SILVER PETIT FOUR","C",40,227.5,"Consider Discontinuation"
"VINTAGE LEAF CHOPPING BOARD","C",40,684,"Consider Discontinuation"
"CHOCOLATE 1 WICK MORRIS BOX CANDLE","C",39,553.58,"Consider Discontinuation"
"DECORATIVE FLORE BATHROOM BOTTLE","C",39,313.91,"Consider Discontinuation"
"FRENCH FLORAL CUSHION COVER","C",39,541.75,"Consider Discontinuation"
"GREEN FERN JOURNAL","C",39,317.71,"Consider Discontinuation"
"MONEY BOX KINGS CHOICE DESIGN","C",39,336.89,"Consider Discontinuation"
"PANTRY HOOK TEA STRAINER","C",39,330.72,"Consider Discontinuation"
"POPPY FIELDS CHOPPING BOARD","C",39,420.75,"Consider Discontinuation"
"3D SHEET OF DOG STICKERS","C",38,231.98,"Consider Discontinuation"
"BASKET OF FLOWERS SEWING KIT","C",38,599.76,"Consider Discontinuation"
"BIRTHDAY PARTY CORDON BARRIER TAPE","C",38,548.63,"Consider Discontinuation"
"CALENDAR FAMILY FAVOURITES","C",38,427.43,"Consider Discontinuation"
"FRENCH BLUE METAL DOOR SIGN 9","C",38,576.9,"Consider Discontinuation"
"FRENCH STYLE STORAGE JAR BONBONS","C",38,695.06,"Consider Discontinuation"
"MAGIC GARDEN FELT GARLAND","C",38,531.78,"Consider Discontinuation"
"ORANGE VOTIVE CANDLE","C",38,257.04,"Consider Discontinuation"
"PANTRY APPLE CORER","C",38,601.95,"Consider Discontinuation"
"SET/4 BIRD MIRROR MAGNETS","C",38,158.23,"Consider Discontinuation"
"SMALL ROUND CUT GLASS CANDLESTICK","C",38,574.75,"Consider Discontinuation"
"STRING OF STARS CARD HOLDER","C",38,209.45,"Consider Discontinuation"
"CHRYSANTHEMUM NOTEBOOK","C",37,156.75,"Consider Discontinuation"
"CUTE CATS TAPE","C",37,315.55,"Consider Discontinuation"
"GRASS HOPPER WOODEN WALL CLOCK","C",37,324.04,"Consider Discontinuation"
"GREEN SQUARE COMPACT MIRROR","C",37,168.75,"Consider Discontinuation"
"PINK PAISLEY ROSE GIFT WRAP","C",37,498.5,"Consider Discontinuation"
"ASSORTED CIRCULAR MOBILE","C",36,120,"Consider Discontinuation"
"BLOSSOM  IMAGES NOTEBOOK SET","C",36,640.5,"Consider Discontinuation"
"DOOR HANGER  MUM + DADS ROOM","C",36,271.15,"Consider Discontinuation"
"PACK OF 12 STICKY BUNNIES","C",36,497.25,"Consider Discontinuation"
"PARTY INVITES SPACEMAN","C",36,425,"Consider Discontinuation"
"SET OF 4 NAPKIN CHARMS STARS","C",36,516.8,"Consider Discontinuation"
"SET/4 BADGES DOGS","C",36,299.56,"Consider Discontinuation"
"EGG FRYING PAN PINK","C",35,415.97,"Consider Discontinuation"
"MINI JIGSAW DINOSAUR","C",35,279.51,"Consider Discontinuation"
"PAISLEY PATTERN  STICKERS","C",35,88.4,"Consider Discontinuation"
"PAPER LANTERN 5 POINT STAR MOON","C",35,439.9,"Consider Discontinuation"
"SWIRLY CIRCULAR RUBBERS IN BAG","C",35,156.53,"Consider Discontinuation"
"BROWN  PIRATE TREASURE CHEST","C",34,237.48,"Consider Discontinuation"
"BUNNY WOODEN PAINTED WITH BIRD","C",34,597.31,"Consider Discontinuation"
"PINK BITTY LIGHT CHAIN","C",34,89.65,"Consider Discontinuation"
"S/4 IVORY MINI ROSE CANDLE IN BOWL","C",34,669.91,"Consider Discontinuation"
"STORAGE TIN HOME SWEET HOME","C",34,435.43,"Consider Discontinuation"
"TOAST ITS - FAIRY FLOWER","C",34,361.9,"Consider Discontinuation"
"CD WALL TIDY RED FLOWERS","C",33,58.56,"Consider Discontinuation"
"IVORY PAPER CUP CAKE CASES","C",33,460.7,"Consider Discontinuation"
"PARTY INVITES BALLOON GIRL","C",32,302.6,"Consider Discontinuation"
"RAINBOW PEGS PHOTO CLIP STRING","C",32,148.88,"Consider Discontinuation"
"4 PINK DINNER CANDLE SILVER FLOCK","C",31,229.96,"Consider Discontinuation"
"MINI LADLE LOVE HEART RED","C",31,252.24,"Consider Discontinuation"
"PAPER LANTERN 7 POINT SNOW STAR","C",31,658.35,"Consider Discontinuation"
"PARTY INVITES JAZZ HEARTS","C",31,412.11,"Consider Discontinuation"
"SET OF 6 GIRLS CELEBRATION CANDLES","C",31,604.19,"Consider Discontinuation"
"WHITE HONEYCOMB PAPER GARLAND","C",31,272.25,"Consider Discontinuation"
"HEART T-LIGHT HOLDER","C",30,238.69,"Consider Discontinuation"
"IVORY LOVE BIRD CANDLE","C",30,496.72,"Consider Discontinuation"
"MEDIUM CHINESE STYLE SCISSOR","C",30,289.98,"Consider Discontinuation"
"SET 4 VALENTINE DECOUPAGE HEART BOX","C",30,441.53,"Consider Discontinuation"
"SET OF 4 NAPKIN CHARMS LEAVES","C",30,331.29,"Consider Discontinuation"
"ASSORTED SHAPES PHOTO CLIP SILVER","C",29,164.51,"Consider Discontinuation"
"GOLD MINI TAPE MEASURE","C",29,687.2,"Consider Discontinuation"
"MIRRORED WALL ART SKULLS","C",29,400,"Consider Discontinuation"
"RETROSPOT CANDLE  MEDIUM","C",29,357.62,"Consider Discontinuation"
"TEA COSY BLUE STRIPE","C",29,356.89,"Consider Discontinuation"
"200 BENDY SKULL STRAWS","C",28,705.05,"Consider Discontinuation"
"BLACK BIRD GARDEN DESIGN MUG","C",28,46.11,"Consider Discontinuation"
"BLACK SQUARE TABLE CLOCK","C",28,225.49,"Consider Discontinuation"
"COLUMBIAN CANDLE ROUND","C",28,480.42,"Consider Discontinuation"
"COLUMBIAN CANDLE ROUND","C",28,480.42,"Consider Discontinuation"
"ENVELOPE 50 BLOSSOM IMAGES","C",28,491.55,"Consider Discontinuation"
"FOLDING UMBRELLA BLACKBLUE POLKADOT","C",28,601.22,"Consider Discontinuation"
"JIGSAW RABBIT AND BIRDHOUSE","C",28,514.7,"Consider Discontinuation"
"PINK UNION JACK  LUGGAGE TAG","C",28,330.02,"Consider Discontinuation"
"SET OF 2 ROUND TINS DUTCH CHEESE","C",28,474.14,"Consider Discontinuation"
"VINTAGE BEAD PINK SCARF","C",28,557.1,"Consider Discontinuation"
"ASSORTED COLOUR METAL CAT","C",27,138.75,"Consider Discontinuation"
"CHRYSANTHEMUM POCKET BOOK","C",27,54.4,"Consider Discontinuation"
"COSY SLIPPER SHOES SMALL GREEN","C",27,411.54,"Consider Discontinuation"
"DOG TOY WITH PINK CROCHET SKIRT","C",27,615.76,"Consider Discontinuation"
"FELT EGG COSY BLUE RABBIT","C",27,351.62,"Consider Discontinuation"
"MINI LADLE LOVE HEART PINK","C",27,106.56,"Consider Discontinuation"
"PIN CUSHION BABUSHKA PINK","C",27,432.99,"Consider Discontinuation"
"SET/4 RED MINI ROSE CANDLE IN BOWL","C",27,583.25,"Consider Discontinuation"
"SET/6 FRUIT SALAD PAPER CUPS","C",27,345.42,"Consider Discontinuation"
"SILVER TEDDY BEAR","C",27,183.71,"Consider Discontinuation"
"BEADED CRYSTAL HEART BLUE  LARGE","C",26,424.06,"Consider Discontinuation"
"CHRISTMAS GARLAND STARS,TREES","C",26,366.25,"Consider Discontinuation"
"DRAGONS BLOOD INCENSE","C",26,73.29,"Consider Discontinuation"
"JINGLE BELLS TREE DECORATION","C",26,200.94,"Consider Discontinuation"
"LOVELY BONBON STICKER SHEET","C",26,255.85,"Consider Discontinuation"
"MIRRORED DOVE WALL DECORATION","C",26,214.13,"Consider Discontinuation"
"RED/CREAM STRIPE CUSHION COVER","C",26,509.9,"Consider Discontinuation"
"SINGLE WIRE HOOK PINK HEART","C",26,502.38,"Consider Discontinuation"
"ASS FLORAL PRINT SPIRIT LEVEL","C",25,90.13,"Consider Discontinuation"
"BLACK ORANGE SQUEEZER","C",25,57.96,"Consider Discontinuation"
"DAISY SKETCHBOOK","C",25,189.96,"Consider Discontinuation"
"DANISH ROSE DELUXE COASTER","C",25,407.15,"Consider Discontinuation"
"IVORY ENCHANTED FOREST PLACEMAT","C",25,624.45,"Consider Discontinuation"
"JASMINE VOTIVE CANDLE","C",25,90.34,"Consider Discontinuation"
"PAPER LANTERN 9 POINT HOLLY STAR L","C",25,431.25,"Consider Discontinuation"
"PURPLE ENAMEL+GLASS HAIR COMB","C",25,163.8,"Consider Discontinuation"
"TOAST ITS - HAPPY BIRTHDAY","C",25,408.75,"Consider Discontinuation"
"CHRYSANTHEMUM  JOURNAL","C",24,180.91,"Consider Discontinuation"
"FELT TOADSTOOL LARGE","C",24,706.02,"Consider Discontinuation"
"FROSTED WHITE BASE","C",24,106.45,"Consider Discontinuation"
"FUNKY MONKEY CUSHION COVER","C",24,164.05,"Consider Discontinuation"
"METALIC LEAVES BAG CHARMS","C",24,145.77,"Consider Discontinuation"
"MONEY BOX CONFECTIONERY DESIGN","C",24,140.25,"Consider Discontinuation"
"MULTI HEARTS  STICKERS","C",24,196.35,"Consider Discontinuation"
"RETRO LONGBOARD IRONING BOARD COVER","C",24,250,"Consider Discontinuation"
"STANDING FAIRY POLE SUPPORT","C",24,278.5,"Consider Discontinuation"
"WOODLAND STORAGE BOX SMALL","C",24,411.3,"Consider Discontinuation"
"FRENCH LATTICE CUSHION COVER","C",23,337.72,"Consider Discontinuation"
"FUNKY MONKEY GIFT BAG MEDIUM","C",23,138.18,"Consider Discontinuation"
"GREEN ROUND COMPACT MIRROR","C",23,157.5,"Consider Discontinuation"
"RETRO PLASTIC POLKA TRAY","C",23,376,"Consider Discontinuation"
"ABSTRACT CIRCLES SKETCHBOOK","C",22,483.63,"Consider Discontinuation"
"CANDLE HOLDER SILVER MADELINE","C",22,315.29,"Consider Discontinuation"
"CHARLIE LOLA BLUE HOT WATER BOTTLE","C",22,338.09,"Consider Discontinuation"
"CHARLIE+LOLA RED HOT WATER BOTTLE","C",22,498.53,"Consider Discontinuation"
"FRENCH FLORAL CUSHION COVER","C",22,541.75,"Consider Discontinuation"
"MAGAZINE RACK GEBRA ASSORTED","C",22,246.5,"Consider Discontinuation"
"PARTY PIZZA DISH GREEN POLKADOT","C",22,309.12,"Consider Discontinuation"
"PINK LOVE BIRD CANDLE","C",22,236.48,"Consider Discontinuation"
"PINK UNION JACK  PASSPORT COVER","C",22,457.08,"Consider Discontinuation"
"RIBBONS PURSE","C",22,228.83,"Consider Discontinuation"
"SILK PURSE BABUSHKA BLUE","C",22,610.65,"Consider Discontinuation"
"ASSORTED EASTER DECORATIONS  BELLS","C",21,650.28,"Consider Discontinuation"
"CHERRY BLOSSOM PASSPORT COVER","C",21,122.78,"Consider Discontinuation"
"CINAMMON & ORANGE WREATH","C",21,654.55,"Consider Discontinuation"
"DAISY NOTEBOOK","C",21,103.95,"Consider Discontinuation"
"FLOWERS  STICKERS","C",21,191.05,"Consider Discontinuation"
"GLASS SPHERE CANDLE STAND MEDIUM","C",21,510.75,"Consider Discontinuation"
"GREEN GOOSE FEATHER CHRISTMAS TREE","C",21,520.65,"Consider Discontinuation"
"IVORY SWEETHEART SOAP DISH","C",21,346.11,"Consider Discontinuation"
"MONEY BOX POCKET MONEY DESIGN","C",21,348.69,"Consider Discontinuation"
"PAPERWEIGHT CHILDHOOD MEMORIES","C",21,405.62,"Consider Discontinuation"
"PINK ROSE FABRIC MIRROR","C",21,231.47,"Consider Discontinuation"
"PINK SCOTTIE DOG W FLOWER PATTERN","C",21,209.1,"Consider Discontinuation"
"RETRO PLASTIC DAISY TRAY","C",21,116.59,"Consider Discontinuation"
"RETROSPOT BABUSHKA DOORSTOP","C",21,455.87,"Consider Discontinuation"
"STRIPEY CHOCOLATE NESTING BOXES","C",21,707.95,"Consider Discontinuation"
"BLUE FLY SWAT","C",20,114.21,"Consider Discontinuation"
"BLUE PAISLEY JOURNAL","C",20,534.32,"Consider Discontinuation"
"CAKES AND BOWS GIFT  TAPE","C",20,318.81,"Consider Discontinuation"
"FAN BLACK FRAME","C",20,41.47,"Consider Discontinuation"
"HAND OPEN SHAPE GOLD","C",20,506.58,"Consider Discontinuation"
"ORIGAMI JASMINE INCENSE/CANDLE SET","C",20,422.55,"Consider Discontinuation"
"RED HEART LUGGAGE TAG","C",20,243.75,"Consider Discontinuation"
"RED KUKUI COCONUT SEED NECKLACE","C",20,131.8,"Consider Discontinuation"
"4 PINK FLOCK CHRISTMAS BALLS","C",19,45,"Consider Discontinuation"
"BLACK WINE GLASS","C",19,697.62,"Consider Discontinuation"
"BLUE CIRCLES DESIGN TEDDY","C",19,130.05,"Consider Discontinuation"
"COLUMBIAN CANDLE ROUND","C",19,480.42,"Consider Discontinuation"
"FIRST CLASS LUGGAGE TAG","C",19,126.69,"Consider Discontinuation"
"GIFT BAG BIRTHDAY","C",19,494.83,"Consider Discontinuation"
"HAWAIIAN GRASS SKIRT","C",19,368.35,"Consider Discontinuation"
"ORIGAMI VANILLA INCENSE/CANDLE SET","C",19,244.9,"Consider Discontinuation"
"PINK DIAMANTE PEN IN GIFT BOX","C",19,365.62,"Consider Discontinuation"
"SMALL SINGLE FLAME CANDLE HOLDER","C",19,11.55,"Consider Discontinuation"
"STAR  T-LIGHT HOLDER","C",19,189.95,"Consider Discontinuation"
"VEGETABLE GARDEN CHOPPING BOARD","C",19,317.7,"Consider Discontinuation"
"VIP PASSPORT COVER","C",19,73.5,"Consider Discontinuation"
"ALPHABET HEARTS STICKER SHEET","C",18,311.95,"Consider Discontinuation"
"ASS COLOUR GLOWING TIARAS","C",18,211.95,"Consider Discontinuation"
"BATHROOM HOOK","C",18,137.76,"Consider Discontinuation"
"BLUE BIRDHOUSE DECORATION","C",18,223.3,"Consider Discontinuation"
"CHAMBRE HOOK","C",18,155.07,"Consider Discontinuation"
"CUBIC MUG FLOCK PINK ON BROWN","C",18,52.5,"Consider Discontinuation"
"EMBROIDERED RIBBON REEL RUBY","C",18,585.63,"Consider Discontinuation"
"FORKED CACTUS CANDLE","C",18,272.98,"Consider Discontinuation"
"POLYESTER FILLER PAD 45x30cm","C",18,146.45,"Consider Discontinuation"
"SET OF 2 ROUND TINS CAMEMBERT","C",18,512.23,"Consider Discontinuation"
"SET/4 BADGES BEETLES","C",18,252.18,"Consider Discontinuation"
"SIX DRAWER OFFICE TIDY","C",18,596,"Consider Discontinuation"
"SPACE CADET WHITE","C",18,83.63,"Consider Discontinuation"
"WHITE  ROSEBUD PEARL BRACELET","C",18,65.7,"Consider Discontinuation"
"ASSORTED TUTTI FRUTTI HEART BOX","C",17,268.75,"Consider Discontinuation"
"DINOSAUR HEIGHT CHART STICKER SET","C",17,486.75,"Consider Discontinuation"
"FELT EGG COSY WHITE RABBIT","C",17,442.36,"Consider Discontinuation"
"FLOWER FAIRY 5 DRAWER LINERS","C",17,150.45,"Consider Discontinuation"
"LARGE STRIPES CHOCOLATE GIFT BAG","C",17,553.75,"Consider Discontinuation"
"MIRRORED WALL ART STARS","C",17,360,"Consider Discontinuation"
"PAPERWEIGHT VINTAGE COLLAGE","C",17,612.28,"Consider Discontinuation"
"PINK GOOSE FEATHER TREE 60CM","C",17,249.6,"Consider Discontinuation"
"SET OF 4 NAPKIN CHARMS 3 KEYS","C",17,341.67,"Consider Discontinuation"
"SET OF 4 NAPKIN CHARMS CROWNS","C",17,394.42,"Consider Discontinuation"
"SWEETIES  STICKERS","C",17,232.9,"Consider Discontinuation"
"ACRYLIC HANGING JEWEL,PINK","C",16,66.55,"Consider Discontinuation"
"BABY MOUSE RED GINGHAM DRESS","C",16,306,"Consider Discontinuation"
"BIRDHOUSE DECORATION MAGIC GARDEN","C",16,642.94,"Consider Discontinuation"
"CANDY SPOT EGG WARMER HARE","C",16,227.49,"Consider Discontinuation"
"CLAM SHELL SMALL","C",16,375.73,"Consider Discontinuation"
"CRAZY DAISY HEART DECORATION","C",16,195.52,"Consider Discontinuation"
"GARDEN PATH POCKET BOOK","C",16,58.65,"Consider Discontinuation"
"GINGHAM BABUSHKA DOORSTOP","C",16,400.87,"Consider Discontinuation"
"IVORY PILLAR CANDLE GOLD FLOCK","C",16,365.05,"Consider Discontinuation"
"METAL SIGN,CUPCAKE SINGLE HOOK","C",16,584.3,"Consider Discontinuation"
"PACK 6 HEART/ICE-CREAM PATCHES","C",16,337.42,"Consider Discontinuation"
"SET/6 PINK BIRD T-LIGHT CANDLES","C",16,497.21,"Consider Discontinuation"
"SKULLS STORAGE BOX SMALL","C",16,161.7,"Consider Discontinuation"
"WRAP CAROUSEL","C",16,157.5,"Consider Discontinuation"
"BUNNY WOODEN PAINTED WITH FLOWER","C",15,334.27,"Consider Discontinuation"
"DAISY JOURNAL","C",15,173.12,"Consider Discontinuation"
"EASTER DECORATION NATURAL CHICK","C",15,331.5,"Consider Discontinuation"
"ECONOMY LUGGAGE TAG","C",15,139.56,"Consider Discontinuation"
"GREEN ROSE WASHBAG","C",15,555,"Consider Discontinuation"
"HELLO SAILOR BLUE SOAP HOLDER","C",15,261.95,"Consider Discontinuation"
"LETS GO SHOPPING COTTON TOTE BAG","C",15,403.67,"Consider Discontinuation"
"MOTHER'S KITCHEN SPOON REST","C",15,690.71,"Consider Discontinuation"
"MULTICOLOUR 3D BALLS GARLAND","C",15,532.95,"Consider Discontinuation"
"PARTY PIZZA DISH BLUE POLKADOT","C",15,317.91,"Consider Discontinuation"
"PARTY PIZZA DISH PINK POLKADOT","C",15,372.74,"Consider Discontinuation"
"PING! MICROWAVE PLATE","C",15,246.53,"Consider Discontinuation"
"PINK DISCO HANDBAG","C",15,176.39,"Consider Discontinuation"
"PINK PILLAR CANDLE SILVER FLOCK","C",15,123.68,"Consider Discontinuation"
"PINK/WHITE ""KEEP CLEAN"" BULLET BIN","C",15,156.35,"Consider Discontinuation"
"PURPLE ACRYLIC FACETED BANGLE","C",15,125,"Consider Discontinuation"
"RED SHARK HELICOPTER","C",15,278.25,"Consider Discontinuation"
"SET OF 6 HALLOWEEN GHOST T-LIGHTS","C",15,262.08,"Consider Discontinuation"
"SET/4 COLOURFUL MIXING BOWLS","C",15,522.16,"Consider Discontinuation"
"SILVER DIAMANTE PEN IN GIFT BOX","C",15,250.84,"Consider Discontinuation"
"SMALL ZINC/GLASS CANDLEHOLDER","C",15,67.25,"Consider Discontinuation"
"THREE CANVAS LUGGAGE TAGS","C",15,128.26,"Consider Discontinuation"
"WAKE UP COCKEREL CALENDAR SIGN","C",15,281.13,"Consider Discontinuation"
"BOOZE & WOMEN GREETING CARD","C",14,187.62,"Consider Discontinuation"
"CHERRY BLOSSOM LUGGAGE TAG","C",14,43.67,"Consider Discontinuation"
"EDWARDIAN PHOTO FRAME","C",14,543.75,"Consider Discontinuation"
"FOLDING UMBRELLA CREAM POLKADOT","C",14,677.5,"Consider Discontinuation"
"HANGING BAUBLE T-LIGHT HOLDER LARGE","C",14,73.75,"Consider Discontinuation"
"HEART GARLAND RUSTIC PADDED","C",14,312.7,"Consider Discontinuation"
"LETTER ""A"" BLING KEY RING","C",14,55.71,"Consider Discontinuation"
"MEASURING TAPE BABUSHKA RED","C",14,639,"Consider Discontinuation"
"METAL SIGN CUPCAKE SINGLE HOOK","C",14,270.85,"Consider Discontinuation"
"NECKLACE+BRACELET SET BLUE HIBISCUS","C",14,51,"Consider Discontinuation"
"RECTANGULAR SHAPED MIRROR","C",14,420.68,"Consider Discontinuation"
"SET OF SKULL WALL STICKERS","C",14,257,"Consider Discontinuation"
"SET/6 FROG PRINCE T-LIGHT CANDLES","C",14,628.47,"Consider Discontinuation"
"SET/6 FRUIT SALAD  PAPER PLATES","C",14,479.25,"Consider Discontinuation"
"SMALL SILVER TRELLIS CANDLEPOT","C",14,649,"Consider Discontinuation"
"SPACE CADET RED","C",14,141.17,"Consider Discontinuation"
"SQUARE FLOOR CUSHION VINTAGE RED","C",14,395.45,"Consider Discontinuation"
"FIRST CLASS PASSPORT COVER","C",13,137.74,"Consider Discontinuation"
"FOLK ART METAL HEART T-LIGHT HOLDER","C",13,52.76,"Consider Discontinuation"
"GREEN FERN POCKET BOOK","C",13,53.55,"Consider Discontinuation"
"KENSINGTON COFFEE SET","C",13,675.75,"Consider Discontinuation"
"LARGE BONNE JAM JAR  T-LIGHT HOLDER","C",13,662.06,"Consider Discontinuation"
"PINK GLASS CANDLEHOLDER","C",13,447.65,"Consider Discontinuation"
"SET OF 3 GOLD FLYING DUCKS","C",13,448.3,"Consider Discontinuation"
"SILVER FISHING GNOME","C",13,332.3,"Consider Discontinuation"
"SKULLS STORAGE BOX LARGE","C",13,188.05,"Consider Discontinuation"
"WHITE TRAVEL ALARM CLOCK","C",13,314.31,"Consider Discontinuation"
"YELLOW SHARK HELICOPTER","C",13,397.5,"Consider Discontinuation"
"ANT SILVER LIME GREEN BOUDICCA RING","C",12,79.65,"Consider Discontinuation"
"BLACK SILOUETTE CANDLE PLATE","C",12,116.45,"Consider Discontinuation"
"CROCHET ROSE PURSE WITH SUEDE BACK","C",12,206.5,"Consider Discontinuation"
"DECORATION  PINK CHICK MAGIC GARDEN","C",12,320.54,"Consider Discontinuation"
"EDWARDIAN HEART PHOTO FRAME","C",12,610.05,"Consider Discontinuation"
"FELT EGG COSY LADYBIRD","C",12,124.83,"Consider Discontinuation"
"GARDEN PATH SKETCHBOOK","C",12,414.58,"Consider Discontinuation"
"GREEN BIRDHOUSE DECORATION","C",12,229.46,"Consider Discontinuation"
"MIRRORED WALL ART TABLE LAMP","C",12,75.73,"Consider Discontinuation"
"NINJA RABBIT BLACK","C",12,148.29,"Consider Discontinuation"
"PINK JEWELLED PHOTO FRAME","C",12,404.62,"Consider Discontinuation"
"SILICON STAR BULB  BLUE","C",12,7.56,"Consider Discontinuation"
"SKULLS  DESIGN  COTTON TOTE BAG","C",12,371.25,"Consider Discontinuation"
"VINTAGE ROSE BEAD BRACELET BLACK","C",12,127.5,"Consider Discontinuation"
"ANT COPPER LIME BOUDICCA BRACELET","C",11,222.75,"Consider Discontinuation"
"ASSTD DESIGN 3D PAPER STICKERS","C",11,386.83,"Consider Discontinuation"
"BATHROOM SCALES FOOTPRINTS IN SAND","C",11,172.05,"Consider Discontinuation"
"BATHROOM SCALES RUBBER DUCKS","C",11,139.35,"Consider Discontinuation"
"COCKLE SHELL DISH","C",11,420.88,"Consider Discontinuation"
"COSY SLIPPER SHOES LARGE GREEN","C",11,386.45,"Consider Discontinuation"
"DOLLY HONEYCOMB GARLAND","C",11,403.2,"Consider Discontinuation"
"DOORSTOP RACING CAR DESIGN","C",11,232.25,"Consider Discontinuation"
"EASTER BUNNY WITH BASKET ON BACK","C",11,68.25,"Consider Discontinuation"
"FELT FARM ANIMAL RABBIT","C",11,543.94,"Consider Discontinuation"
"FOLDING UMBRELLA CHOCOLATE POLKADOT","C",11,430.06,"Consider Discontinuation"
"FOLDING UMBRELLA PINKWHITE POLKADOT","C",11,412.41,"Consider Discontinuation"
"GLASS JAR KINGS CHOICE","C",11,477.79,"Consider Discontinuation"
"GREEN MURANO TWIST BRACELET","C",11,131.75,"Consider Discontinuation"
"MEDIUM PINK BUDDHA HEAD","C",11,135.7,"Consider Discontinuation"
"MIRRORED WALL ART GENTS","C",11,159.51,"Consider Discontinuation"
"NEW BAROQUE JEWELLERY BOX","C",11,367.6,"Consider Discontinuation"
"OPIUM SCENTED VOTIVE CANDLE","C",11,203.28,"Consider Discontinuation"
"PAPER LANTERN 9 POINT HOLLY STAR S","C",11,340.3,"Consider Discontinuation"
"QUEEN OF THE SKIES PASSPORT COVER","C",11,137.88,"Consider Discontinuation"
"ROUND PURPLE CLOCK WITH SUCKER","C",11,69.35,"Consider Discontinuation"
"SET OF PICTURE FRAME  STICKERS","C",11,189.59,"Consider Discontinuation"
"TUMBLER BAROQUE","C",11,156.78,"Consider Discontinuation"
"TURQ+RED BOUDICCA LARGE BRACELET","C",11,284.95,"Consider Discontinuation"
"VINTAGE SHELLS PRINT","C",11,202.4,"Consider Discontinuation"
"ASSORTED COLOUR SUCTION CUP HOOK","C",10,37.24,"Consider Discontinuation"
"BLUE PAISLEY SKETCHBOOK","C",10,408.67,"Consider Discontinuation"
"CHRYSANTHEMUM SKETCHBOOK","C",10,367.34,"Consider Discontinuation"
"DOORSTOP FOOTBALL DESIGN","C",10,404.98,"Consider Discontinuation"
"FRYING PAN BLUE POLKADOT","C",10,366,"Consider Discontinuation"
"GOLD PHOTO FRAME","C",10,272.34,"Consider Discontinuation"
"IVORY STRING CURTAIN WITH POLE","C",10,363.7,"Consider Discontinuation"
"MIRRORED WALL ART LADIES","C",10,128.4,"Consider Discontinuation"
"PAINTED LIGHTBULB STAR+ MOON","C",10,42.54,"Consider Discontinuation"
"PAPERWEIGHT SAVE THE PLANET","C",10,596.91,"Consider Discontinuation"
"PHOTO CLIP LINE","C",10,256.21,"Consider Discontinuation"
"PIN CUSHION BABUSHKA RED","C",10,576.31,"Consider Discontinuation"
"SET OF 4 NAPKIN CHARMS INSTRUMENT","C",10,225.92,"Consider Discontinuation"
"SET/3 RABBITS FLOWER SKIPPPING ROPE","C",10,101.15,"Consider Discontinuation"
"SET/6 EAU DE NIL BIRD T-LIGHTS","C",10,366.23,"Consider Discontinuation"
"SMALL CAMPHOR WOOD FIELD  MUSHROOM","C",10,123.21,"Consider Discontinuation"
"SMALL SQUARE CUT GLASS CANDLESTICK","C",10,396,"Consider Discontinuation"
"2 PICTURE BOOK EGGS EASTER DUCKS","C",9,143.75,"Consider Discontinuation"
"4 BLUE DINNER CANDLES SILVER FLOCK","C",9,216.75,"Consider Discontinuation"
"ANT COPPER TURQ BOUDICCA BRACELET","C",9,222.75,"Consider Discontinuation"
"ASSTD MULTICOLOUR CIRCLES MUG","C",9,547.98,"Consider Discontinuation"
"BLUE MURANO TWIST BRACELET","C",9,85,"Consider Discontinuation"
"BLUE ORGANDY ROUND LAMPSHADE W BEA","C",9,10.2,"Consider Discontinuation"
"CARD WEDDING DAY","C",9,615.24,"Consider Discontinuation"
"CERAMIC LOVE HEART MONEY BANK","C",9,429.85,"Consider Discontinuation"
"CHILDS GARDEN SPADE BLUE","C",9,537,"Consider Discontinuation"
"COLUMBIAN CANDLE RECTANGLE","C",9,285.15,"Consider Discontinuation"
"EAU DE NILE JEWELLED PHOTOFRAME","C",9,522.45,"Consider Discontinuation"
"HEN PARTY CORDON BARRIER TAPE","C",9,200,"Consider Discontinuation"
"MINI JIGSAW GO TO THE FAIR","C",9,151.08,"Consider Discontinuation"
"MINT GREEN ROSE TOWEL","C",9,325.5,"Consider Discontinuation"
"PET MUG, GOLDFISH","C",9,5.59,"Consider Discontinuation"
"RABBIT  DESIGN  COTTON TOTE BAG","C",9,202.5,"Consider Discontinuation"
"RED GLASS TASSLE BAG CHARM","C",9,47.2,"Consider Discontinuation"
"ROUND PINK HEART MIRROR","C",9,163.8,"Consider Discontinuation"
"S/12 MINI RABBIT EASTER","C",9,515.4,"Consider Discontinuation"
"SET OF 4 GREEN CAROUSEL COASTERS","C",9,26.05,"Consider Discontinuation"
"SET OF 4 POLKADOT PLACEMATS","C",9,269.55,"Consider Discontinuation"
"SILVER JEWELLED MIRROR TRINKET TRAY","C",9,440.74,"Consider Discontinuation"
"SPACE CADET BLACK","C",9,49.96,"Consider Discontinuation"
"ST TROPEZ NECKLACE","C",9,69.3,"Consider Discontinuation"
"STRIPES DESIGN TEDDY","C",9,142.8,"Consider Discontinuation"
"ZINC WIRE SWEETHEART LETTER TRAY","C",9,253.24,"Consider Discontinuation"
"2 PICTURE BOOK EGGS EASTER BUNNY","C",8,197.5,"Consider Discontinuation"
"50CM METAL STRING WITH  7 CLIPS","C",8,163.37,"Consider Discontinuation"
"ANTIQUE IVORY WIRE BOWL SMALL","C",8,241.53,"Consider Discontinuation"
"BEADED CRYSTAL HEART PINK ON STICK","C",8,113.09,"Consider Discontinuation"
"BEADED CRYSTAL HEART PINK SMALL","C",8,240.13,"Consider Discontinuation"
"BLACK EAR MUFF HEADPHONES","C",8,192.86,"Consider Discontinuation"
"CLEAR LOVE BIRD T-LIGHT HOLDER","C",8,146.21,"Consider Discontinuation"
"COLUMBIAN CUBE CANDLE","C",8,54.6,"Consider Discontinuation"
"CRYSTAL HOOP EARRING FLORAL LEAF","C",8,35.4,"Consider Discontinuation"
"FOLDING UMBRELLA WHITE/RED POLKADOT","C",8,420.1,"Consider Discontinuation"
"GLASS TWIST BON BON JAR","C",8,512.85,"Consider Discontinuation"
"GOLD EAR MUFF HEADPHONES","C",8,152.13,"Consider Discontinuation"
"GREEN FERN SKETCHBOOK","C",8,382.46,"Consider Discontinuation"
"HEARTS GIFT TAPE","C",8,301.93,"Consider Discontinuation"
"IVORY WIRE SWEETHEART LETTER TRAY","C",8,467.05,"Consider Discontinuation"
"MIRROR MOSAIC CANDLE PLATE","C",8,120.07,"Consider Discontinuation"
"MONEY BOX BISCUITS DESIGN","C",8,270,"Consider Discontinuation"
"PINK DOG BOWL","C",8,613.24,"Consider Discontinuation"
"PINK HYDRANGEA ART FLOWER","C",8,96.6,"Consider Discontinuation"
"ROSE DU SUD WASHBAG","C",8,142.8,"Consider Discontinuation"
"SET OF 4 POLKADOT COASTERS","C",8,122.42,"Consider Discontinuation"
"SET OF 6 T-LIGHTS WEDDING CAKE","C",8,595.65,"Consider Discontinuation"
"SMALL SKULL WINDMILL","C",8,527.53,"Consider Discontinuation"
"SQUARE METAL CANDLEHOLDER BASE","C",8,36.52,"Consider Discontinuation"
"75 GREEN FAIRY CAKE CASES","C",7,14.85,"Consider Discontinuation"
"ASSORTED COLOURED CIRCLE MOBILE","C",7,26.88,"Consider Discontinuation"
"ASSORTED TUTTI FRUTTI LARGE PURSE","C",7,222.6,"Consider Discontinuation"
"CAMPHOR WOOD PORTOBELLO MUSHROOM","C",7,155.61,"Consider Discontinuation"
"CAROUSEL DESIGN WASHBAG","C",7,101.4,"Consider Discontinuation"
"EAU DE NILE JEWELLED T-LIGHT HOLDER","C",7,63.75,"Consider Discontinuation"
"FRENCH LATTICE CUSHION COVER","C",7,337.72,"Consider Discontinuation"
"LOVE GARLAND PAINTED ZINC","C",7,672.65,"Consider Discontinuation"
"MINI JIGSAW BAKE A CAKE","C",7,515.77,"Consider Discontinuation"
"MONEY BOX HOUSEKEEPING DESIGN","C",7,212.88,"Consider Discontinuation"
"MUM'S KITCHEN CLOCK","C",7,471.9,"Consider Discontinuation"
"NINJA RABBIT PINK","C",7,119.95,"Consider Discontinuation"
"PAPER LANTERN 5 POINT SEQUIN STAR","C",7,287.5,"Consider Discontinuation"
"PAPERWEIGHT KINGS CHOICE","C",7,190.8,"Consider Discontinuation"
"PAPERWEIGHT VINTAGE PAISLEY","C",7,130.26,"Consider Discontinuation"
"PINK FAIRY CAKE CUSHION COVER","C",7,436.05,"Consider Discontinuation"
"PINK GAUZE BUTTERFLY LAMPSHADE","C",7,6.3,"Consider Discontinuation"
"PINK JEWELLED PHOTO FRAME","C",7,404.62,"Consider Discontinuation"
"PINK/GREEN FLOWER DESIGN BIG MUG","C",7,17.16,"Consider Discontinuation"
"RETRO PLASTIC DAISY TRAY","C",7,116.59,"Consider Discontinuation"
"SEASIDE FLYING DISC","C",7,472.77,"Consider Discontinuation"
"SMALL PINK MAGIC CHRISTMAS TREE","C",7,252.23,"Consider Discontinuation"
"SQUARECUSHION COVER PINK UNION JACK","C",7,382.14,"Consider Discontinuation"
"TURQUOISE GLASS TASSLE BAG CHARM","C",7,61.95,"Consider Discontinuation"
"VINTAGE ROSE BEAD BRACELET RASPBERR","C",7,144.5,"Consider Discontinuation"
"4 BURGUNDY WINE DINNER CANDLES","C",6,53.75,"Consider Discontinuation"
"ANTIQUE GLASS PLACE SETTING","C",6,152.5,"Consider Discontinuation"
"BEADED CRYSTAL HEART BLUE ON STICK","C",6,78.71,"Consider Discontinuation"
"BLACK MINI TAPE MEASURE","C",6,121.3,"Consider Discontinuation"
"BLUE  DIAMANTE PEN IN GIFT BOX","C",6,271.8,"Consider Discontinuation"
"BLUE DISCO HANDBAG","C",6,60.68,"Consider Discontinuation"
"BLUE POLKADOT KIDS BAG","C",6,456.36,"Consider Discontinuation"
"BLUE TABLE RUN FLOWER","C",6,56.25,"Consider Discontinuation"
"CHILDS GARDEN RAKE PINK","C",6,366.9,"Consider Discontinuation"
"CHRISTMAS TREE T-LIGHT HOLDER","C",6,47.85,"Consider Discontinuation"
"COLUMBIAN CANDLE RECTANGLE","C",6,285.15,"Consider Discontinuation"
"DAISIES  HONEYCOMB GARLAND","C",6,691.35,"Consider Discontinuation"
"EAU DE NILE JEWELLED PHOTOFRAME","C",6,522.45,"Consider Discontinuation"
"FIVE CATS HANGING DECORATION","C",6,503.37,"Consider Discontinuation"
"GLASS BONNE JAM JAR","C",6,475.95,"Consider Discontinuation"
"LAVENDER INCENSE 40 CONES IN TIN","C",6,107.45,"Consider Discontinuation"
"LETTER ""D"" BLING KEY RING","C",6,25.71,"Consider Discontinuation"
"LETTER ""G"" BLING KEY RING","C",6,18.5,"Consider Discontinuation"
"METAL SIGN,CUPCAKE SINGLE HOOK","C",6,584.3,"Consider Discontinuation"
"MONEY BOX FIRST AID DESIGN","C",6,34.32,"Consider Discontinuation"
"NECKLACE+BRACELET SET FRUIT SALAD","C",6,33.15,"Consider Discontinuation"
"PACKING CHARGE","C",6,105,"Consider Discontinuation"
"PINK BOUDICCA LARGE BRACELET","C",6,222.4,"Consider Discontinuation"
"PINK CAT BOWL","C",6,249.42,"Consider Discontinuation"
"PINK HEARTS PAPER GARLAND","C",6,245.2,"Consider Discontinuation"
"PINK VINTAGE VICTORIAN EARRINGS","C",6,29.5,"Consider Discontinuation"
"POCKET MIRROR WOODLAND","C",6,10,"Consider Discontinuation"
"ROSE DU SUD COSMETICS BAG","C",6,191.25,"Consider Discontinuation"
"S/4 BLACK MINI ROSE CANDLE IN BOWL","C",6,129.94,"Consider Discontinuation"
"SMALL TALL CAMPHOR WOOD TOADSTOOL","C",6,175.05,"Consider Discontinuation"
"YELLOW/BLUE RETRO RADIO","C",6,47.2,"Consider Discontinuation"
"BILI NUT AND WOOD NECKLACE","C",5,48,"Consider Discontinuation"
"BLACK LOVE BIRD CANDLE","C",5,191.49,"Consider Discontinuation"
"BROWN KUKUI COCONUT SEED NECKLACE","C",5,74,"Consider Discontinuation"
"BUNNY DECORATION MAGIC GARDEN","C",5,406.39,"Consider Discontinuation"
"CERAMIC STRAWBERRY TRINKET TRAY","C",5,140.25,"Consider Discontinuation"
"CHILDS GARDEN SPADE PINK","C",5,488.7,"Consider Discontinuation"
"CHUNKY SILVER NECKLACE PASTEL FLOWE","C",5,208.95,"Consider Discontinuation"
"CRYSTAL FROG PHONE CHARM","C",5,49.93,"Consider Discontinuation"
"CUPID DESIGN SCENTED CANDLES","C",5,436.4,"Consider Discontinuation"
"CURIO CABINET LINEN AND LACE","C",5,290.1,"Consider Discontinuation"
"CUSHION COVER PINK UNION JACK","C",5,576.64,"Consider Discontinuation"
"ENAMEL BLUE RIM COFFEE CONTAINER","C",5,155.03,"Consider Discontinuation"
"FLYING PIG WATERING CAN","C",5,426.3,"Consider Discontinuation"
"GREEN PEONY CUSHION COVER","C",5,88.35,"Consider Discontinuation"
"GREEN VINTAGE EARRINGS","C",5,41.25,"Consider Discontinuation"
"HANGING BAUBLE T-LIGHT HOLDER SMALL","C",5,566.55,"Consider Discontinuation"
"HANGING METAL RABBIT DECORATION","C",5,565,"Consider Discontinuation"
"HELLO SAILOR BATHROOM SET","C",5,52.5,"Consider Discontinuation"
"LETTER ""J"" BLING KEY RING","C",5,17.23,"Consider Discontinuation"
"LETTER ""K"" BLING KEY RING","C",5,34.75,"Consider Discontinuation"
"MILK PAN BLUE POLKADOT","C",5,302.5,"Consider Discontinuation"
"MINI JIGSAW LEAP FROG","C",5,180.62,"Consider Discontinuation"
"NECKLACE+BRACELET SET BLUE BLOSSOM","C",5,20.4,"Consider Discontinuation"
"ORIENTAL RED CUSHION COVER","C",5,60.45,"Consider Discontinuation"
"PACK/12 BLUE FOLKART CARDS","C",5,64.9,"Consider Discontinuation"
"PAINTED PINK RABBIT","C",5,269.45,"Consider Discontinuation"
"PINK ROSEBUD PEARL BRACELET","C",5,70.35,"Consider Discontinuation"
"QUEEN OF SKIES LUGGAGE TAG","C",5,109.11,"Consider Discontinuation"
"RED PEONY CUSHION COVER","C",5,79.05,"Consider Discontinuation"
"RED PEONY TABLE CLOCK","C",5,47.2,"Consider Discontinuation"
"RETRO PILL BOX , REVOLUTIONARY","C",5,34.72,"Consider Discontinuation"
"SET/4 BADGES CUTE CREATURES","C",5,262.14,"Consider Discontinuation"
"SET/6 BLACK BIRD T-LIGHT CANDLES","C",5,195.9,"Consider Discontinuation"
"SILVER LARIAT 40CM","C",5,113.9,"Consider Discontinuation"
"SMALL APOTHECARY MEASURING JAR","C",5,629.05,"Consider Discontinuation"
"SPACE FROG","C",5,127.25,"Consider Discontinuation"
"SUNFLOWER DECORATIVE PARASOL","C",5,528.45,"Consider Discontinuation"
"TRANSPARENT ACRYLIC TAPE DISPENSER","C",5,27.91,"Consider Discontinuation"
"TROPICAL LUGGAGE TAG","C",5,76.39,"Consider Discontinuation"
"TROPICAL PASSPORT COVER","C",5,206.23,"Consider Discontinuation"
"VINTAGE KITCHEN PRINT VEGETABLES","C",5,165.75,"Consider Discontinuation"
"WOODEN BOX ADVENT CALENDAR","C",5,89.5,"Consider Discontinuation"
"5 STRAND GLASS NECKLACE CRYSTAL","C",4,101.6,"Consider Discontinuation"
"BLACK BAROQUE CARRIAGE CLOCK","C",4,149.67,"Consider Discontinuation"
"BLUE DRAGONFLY HELICOPTER","C",4,373.65,"Consider Discontinuation"
"BLUE JUICY FRUIT PHOTO FRAME","C",4,209.1,"Consider Discontinuation"
"BLUE/YELLOW FLOWER DESIGN BIG MUG","C",4,16.77,"Consider Discontinuation"
"BUTTERFLY CROCHET FOOD COVER","C",4,468.67,"Consider Discontinuation"
"CANDY SPOT BUNNY","C",4,38.35,"Consider Discontinuation"
"CORDIAL GLASS JUG","C",4,247.5,"Consider Discontinuation"
"CRYSTAL DIAMANTE STAR BROOCH","C",4,59.4,"Consider Discontinuation"
"CRYSTAL SEA HORSE PHONE CHARM","C",4,33.66,"Consider Discontinuation"
"FLOOR CUSHION ELEPHANT CARNIVAL","C",4,461.3,"Consider Discontinuation"
"GREEN CHRISTMAS TREE STRING 20LIGHT","C",4,186.15,"Consider Discontinuation"
"LETTER ""C"" BLING KEY RING","C",4,40.04,"Consider Discontinuation"
"LETTER ""E"" BLING KEY RING","C",4,27.25,"Consider Discontinuation"
"LETTER ""M"" BLING KEY RING","C",4,22.23,"Consider Discontinuation"
"LITTLE PINK MONSTER SOFT TOY","C",4,40.8,"Consider Discontinuation"
"LOLITA  DESIGN  COTTON TOTE BAG","C",4,342,"Consider Discontinuation"
"MIRROR MOSAIC HURRICANE LAMP","C",4,584.9,"Consider Discontinuation"
"NECKLACE+BRACELET PINK BUTTERFLY","C",4,71.4,"Consider Discontinuation"
"OYSTER TRINKET BOX","C",4,83.87,"Consider Discontinuation"
"PACK 3 IRON ON DOG PATCHES","C",4,239.96,"Consider Discontinuation"
"PAPERWEIGHT HOME SWEET HOME","C",4,186.06,"Consider Discontinuation"
"PINK CLEAR GLASS CANDLE PLATE","C",4,35,"Consider Discontinuation"
"PINK FAIRY CAKE CUSHION COVER","C",4,436.05,"Consider Discontinuation"
"PINK FLY SWAT","C",4,40.95,"Consider Discontinuation"
"PINK STRING CURTAIN WITH POLE","C",4,62.6,"Consider Discontinuation"
"RETRO PILL BOX KEY CHAIN,THE KING","C",4,43.65,"Consider Discontinuation"
"SET OF 36 MUSHROOM PAPER DOILIES","C",4,230.55,"Consider Discontinuation"
"SILVER M.O.P ORBIT BRACELET","C",4,89.1,"Consider Discontinuation"
"SMALL BLUE PROVENCAL CERAMIC BALL","C",4,100.65,"Consider Discontinuation"
"SPOTTED WHITE NATURAL SEED NECKLACE","C",4,72,"Consider Discontinuation"
"SUNSET COLOUR CHUNKY KNITTED THROW","C",4,406.8,"Consider Discontinuation"
"TABLE LAMP WHITE SHADE WOOD BASE","C",4,388.3,"Consider Discontinuation"
"THE KING GIFT BAG 25x24x12cm","C",4,10.92,"Consider Discontinuation"
"WHITE BAROQUE WALL CLOCK","C",4,349.95,"Consider Discontinuation"
"WHITE CANDYSTUFT ARTIFICIAL FLOWER","C",4,394.16,"Consider Discontinuation"
"WOVEN BUBBLE GUM CUSHION COVER","C",4,69.3,"Consider Discontinuation"
"YELLOW/PINK FLOWER DESIGN BIG MUG","C",4,14.43,"Consider Discontinuation"
"ZINC WIRE KITCHEN ORGANISER","C",4,156.8,"Consider Discontinuation"
"A4 WALL TIDY BLUE OFFICE","C",3,61.86,"Consider Discontinuation"
"ACRYLIC GEOMETRIC LAMP","C",3,221.4,"Consider Discontinuation"
"ARMY CAMO BOOKCOVER TAPE","C",3,7.14,"Consider Discontinuation"
"BEADED CRYSTAL HEART PINK LARGE","C",3,526.38,"Consider Discontinuation"
"BLUE  VOILE LAMPSHADE","C",3,234.5,"Consider Discontinuation"
"BLUE DAISY MOBILE","C",3,138.76,"Consider Discontinuation"
"BLUE GLASS GEMS IN BAG","C",3,291.25,"Consider Discontinuation"
"DAISY FOLKART HEART DECORATION","C",3,120,"Consider Discontinuation"
"DECORATION WHITE CHICK MAGIC GARDEN","C",3,530.49,"Consider Discontinuation"
"DECORATIVE PLANT POT WITH FRIEZE","C",3,544.5,"Consider Discontinuation"
"EAU DE NIL LOVE BIRD CANDLE","C",3,353.72,"Consider Discontinuation"
"FOLK FELT HANGING MULTICOL GARLAND","C",3,90,"Consider Discontinuation"
"FRENCH STYLE EMBOSSED HEART CABINET","C",3,485.9,"Consider Discontinuation"
"GREEN WIRE STANDING CANDLE HOLDER","C",3,127.5,"Consider Discontinuation"
"IVORY SCULPTED RND CANDLE","C",3,37.4,"Consider Discontinuation"
"LARGE APOTHECARY MEASURING JAR","C",3,587.2,"Consider Discontinuation"
"LARGE BLUE PROVENCAL CERAMIC BALL","C",3,92.4,"Consider Discontinuation"
"LILAC DIAMANTE PEN IN GIFT BOX","C",3,138.72,"Consider Discontinuation"
"LITTLE GREEN MONSTER SOFT TOY","C",3,43.35,"Consider Discontinuation"
"MIDNIGHT BLUE VINTAGE EARRINGS","C",3,60,"Consider Discontinuation"
"MIRRORED WALL ART POPPIES","C",3,274.65,"Consider Discontinuation"
"MOROCCAN BEATEN METAL DISH","C",3,139.3,"Consider Discontinuation"
"MOUSEY LONG LEGS SOFT TOY","C",3,73.95,"Consider Discontinuation"
"MR ROBOT SOFT TOY","C",3,626.45,"Consider Discontinuation"
"MULTICOLOUR RABBIT EGG WARMER","C",3,194.15,"Consider Discontinuation"
"NUMBER TILE VINTAGE FONT 3","C",3,110.29,"Consider Discontinuation"
"PAINTED YELLOW WOODEN DAISY","C",3,230.35,"Consider Discontinuation"
"PAIR OF ENAMEL BUTTERFLY HAIRCLIP","C",3,56.95,"Consider Discontinuation"
"PARTY TIME DESIGN FLANNEL","C",3,58.9,"Consider Discontinuation"
"PERIWINKLE T-LIGHT HOLDER","C",3,45,"Consider Discontinuation"
"PINK AND BLACK STRING CURTAIN","C",3,82.1,"Consider Discontinuation"
"PINK FLOWER FABRIC PONY","C",3,266.25,"Consider Discontinuation"
"PINK NEW BAROQUECANDLESTICK CANDLE","C",3,470.75,"Consider Discontinuation"
"PINK OVAL SHAPE TRINKET BOX","C",3,149.25,"Consider Discontinuation"
"PINK SMALL JEWELLED PHOTOFRAME","C",3,19.8,"Consider Discontinuation"
"PINK STOCKING CHRISTMAS DECORATION","C",3,84.36,"Consider Discontinuation"
"PINK/BLUE STRING CURTAIN","C",3,109.2,"Consider Discontinuation"
"RASTA IN BATH W SPLIFF ASHTRAY","C",3,5.95,"Consider Discontinuation"
"RED DRAGONFLY HELICOPTER","C",3,620.1,"Consider Discontinuation"
"RESIN NECKLACE W PASTEL BEADS","C",3,45,"Consider Discontinuation"
"RUBY GLASS CLUSTER BRACELET","C",3,47.6,"Consider Discontinuation"
"SET OF 2 TEA TOWELS PING MICROWAVE","C",3,127.42,"Consider Discontinuation"
"SET/12 FUNKY FELT FLOWER PEG IN BAG","C",3,296.64,"Consider Discontinuation"
"SILVER GLASS T-LIGHT SET","C",3,502.48,"Consider Discontinuation"
"SILVER HOOP EARRINGS WITH FLOWER","C",3,124.95,"Consider Discontinuation"
"SILVER M.O.P ORBIT DROP EARRINGS","C",3,72.25,"Consider Discontinuation"
"SILVER STANDING GNOME","C",3,142.75,"Consider Discontinuation"
"SPOTS ON RED BOOKCOVER TAPE","C",3,6.72,"Consider Discontinuation"
"TEATIME PEN CASE & PENS","C",3,54.4,"Consider Discontinuation"
"VINTAGE KITCHEN PRINT SEAFOOD","C",3,89.25,"Consider Discontinuation"
"WASH BAG VINTAGE ROSE PAISLEY","C",3,645.15,"Consider Discontinuation"
"ZINC HEART LATTICE CHARGER SMALL","C",3,61.95,"Consider Discontinuation"
"ZINC SWEETHEART SOAP DISH","C",3,104.41,"Consider Discontinuation"
"3D SHEET OF CAT STICKERS","C",2,183.6,"Consider Discontinuation"
"5 STRAND GLASS NECKLACE BLACK","C",2,50.8,"Consider Discontinuation"
"6PC WOOD PLATE SET DISPOSABLE","C",2,443.25,"Consider Discontinuation"
"A4 WALL TIDY RED FLOWERS","C",2,7.37,"Consider Discontinuation"
"ABSTRACT CIRCLE JOURNAL","C",2,256.65,"Consider Discontinuation"
"ACRYLIC JEWEL ICICLE, BLUE","C",2,11.78,"Consider Discontinuation"
"ASSORTED CAKES FRIDGE MAGNETS","C",2,35.75,"Consider Discontinuation"
"BATHROOM SCALES, TROPICAL BEACH","C",2,60,"Consider Discontinuation"
"BEACH HUT SHELF W 3 DRAWERS","C",2,376.5,"Consider Discontinuation"
"BIRD DECORATION GREEN POLKADOT","C",2,331.5,"Consider Discontinuation"
"BLACK BAROQUE WALL CLOCK","C",2,333.6,"Consider Discontinuation"
"BLACK CHUNKY BEAD BRACELET W STRAP","C",2,98.45,"Consider Discontinuation"
"BLACK VINT ART DEC CRYSTAL NECKLACE","C",2,68,"Consider Discontinuation"
"BLUE  TILE HOOK","C",2,213.15,"Consider Discontinuation"
"BLUE CHENILLE SHAGGY CUSHION COVER","C",2,43.15,"Consider Discontinuation"
"BLUE GLASS CHUNKY CHARM BRACELET","C",2,80.55,"Consider Discontinuation"
"Bank Charges","C",2,165.001,"Consider Discontinuation"
"CAKES AND RABBITS DESIGN FLANNEL","C",2,48.45,"Consider Discontinuation"
"CHILDS GARDEN RAKE BLUE","C",2,348,"Consider Discontinuation"
"DAISY HAIR BAND","C",2,75.9,"Consider Discontinuation"
"DANISH ROSE TRINKET TRAYS","C",2,483.05,"Consider Discontinuation"
"DIAMANTE HAIR GRIP PACK/2 RUBY","C",2,16.5,"Consider Discontinuation"
"DIAMANTE NECKLACE PURPLE","C",2,52.5,"Consider Discontinuation"
"EASTER TREE YELLOW BIRDS","C",2,642.6,"Consider Discontinuation"
"FILIGREE DIAMANTE EARRINGS","C",2,34,"Consider Discontinuation"
"FLAMES SUNGLASSES PINK LENSES","C",2,84.45,"Consider Discontinuation"
"FLORAL SOFT CAR TOY","C",2,120,"Consider Discontinuation"
"GOLDIE LOOKING MIRROR","C",2,79.2,"Consider Discontinuation"
"GREEN SWEETHEART BRACELET","C",2,311,"Consider Discontinuation"
"HAND TOWEL PINK FLOWER AND DAISY","C",2,281.95,"Consider Discontinuation"
"HILDA CANDY SPOT RABBIT","C",2,75,"Consider Discontinuation"
"JADE DROP EARRINGS W FILIGREE","C",2,113.85,"Consider Discontinuation"
"LARGE MINT DIAMANTE HAIRSLIDE","C",2,26.4,"Consider Discontinuation"
"LAZER CUT NECKLACE W PASTEL BEADS","C",2,421.75,"Consider Discontinuation"
"LETTER ""N"" BLING KEY RING","C",2,10.02,"Consider Discontinuation"
"LILY BROOCH AMETHYST COLOUR","C",2,74.25,"Consider Discontinuation"
"MIRRORED WALL ART SPLODGES","C",2,142.5,"Consider Discontinuation"
"MRS ROBOT SOFT TOY","C",2,428.85,"Consider Discontinuation"
"NUMBER TILE COTTAGE GARDEN 1","C",2,134.55,"Consider Discontinuation"
"NUMBER TILE VINTAGE FONT 1","C",2,84.94,"Consider Discontinuation"
"NUMBER TILE VINTAGE FONT 2","C",2,102.49,"Consider Discontinuation"
"NUMBER TILE VINTAGE FONT 5","C",2,94.69,"Consider Discontinuation"
"NUMBER TILE VINTAGE FONT 6","C",2,102.49,"Consider Discontinuation"
"NUMBER TILE VINTAGE FONT No","C",2,156.18,"Consider Discontinuation"
"PAIR OF PINK FLOWER CLUSTER SLIDE","C",2,25.5,"Consider Discontinuation"
"PURPLE GEMSTONE NECKLACE 45CM","C",2,102,"Consider Discontinuation"
"RASPBERRY ANT COPPER FLOWER NECKLAC","C",2,65.45,"Consider Discontinuation"
"RETROSPOT CANDLE  SMALL","C",2,311.84,"Consider Discontinuation"
"SET/3 POT PLANT CANDLES","C",2,294.3,"Consider Discontinuation"
"SILVER OVAL SHAPE TRINKET BOX","C",2,139.3,"Consider Discontinuation"
"SILVER ROCOCO CANDLE STICK","C",2,340.7,"Consider Discontinuation"
"SILVER VANILLA  FLOWER CANDLE POT","C",2,345,"Consider Discontinuation"
"TRIANGULAR POUFFE VINTAGE","C",2,605.45,"Consider Discontinuation"
"TRIPLE WIRE HOOK IVORY HEART","C",2,658.54,"Consider Discontinuation"
"UNION STRIPE CUSHION COVER","C",2,503.75,"Consider Discontinuation"
"VIP HOLIDAY PURSE","C",2,29.28,"Consider Discontinuation"
"WHITE FRANGIPANI NECKLACE","C",2,38.25,"Consider Discontinuation"
"WHITE STITCHED CUSHION COVER","C",2,308.48,"Consider Discontinuation"
"WHITE VINT ART DECO CRYSTAL NECKLAC","C",2,93.5,"Consider Discontinuation"
"WHITE/PINK CHICK EASTER DECORATION","C",2,28.9,"Consider Discontinuation"
"WOVEN CANDY CUSHION COVER","C",2,69.3,"Consider Discontinuation"
"15 PINK FLUFFY CHICKS IN BOX","C",1,29.5,"Consider Discontinuation"
"AMBER CHUNKY BEAD BRACELET W STRAP","C",1,71.6,"Consider Discontinuation"
"AMETHYST CHUNKY BEAD BRACELET W STR","C",1,187.95,"Consider Discontinuation"
"ANT COPPER RED BOUDICCA BRACELET","C",1,44.55,"Consider Discontinuation"
"ANTIQUE CREAM CUTLERY CUPBOARD","C",1,178.5,"Consider Discontinuation"
"ANTIQUE CREAM CUTLERY SHELF","C",1,238,"Consider Discontinuation"
"BEADED CRYSTAL HEART BLUE SMALL","C",1,99.88,"Consider Discontinuation"
"BLACK LOVE BIRD T-LIGHT HOLDER","C",1,247.46,"Consider Discontinuation"
"BLACK SWEETHEART BRACELET","C",1,284.75,"Consider Discontinuation"
"BUTTONS AND STRIPES NOTEBOOK","C",1,48.75,"Consider Discontinuation"
"CAKE STAND VICTORIAN FILIGREE MED","C",1,466.95,"Consider Discontinuation"
"CAMOUFLAGE EAR MUFF HEADPHONES","C",1,215.87,"Consider Discontinuation"
"CLEAR CRYSTAL STAR PHONE CHARM","C",1,20.39,"Consider Discontinuation"
"CRYSTAL PAIR HEART HAIR SLIDES","C",1,67.5,"Consider Discontinuation"
"DIAMANTE BOW BROOCH GREEN COLOUR","C",1,133.35,"Consider Discontinuation"
"DIAMANTE BOW BROOCH RED COLOUR","C",1,158.75,"Consider Discontinuation"
"DIAMANTE HAIR GRIP PACK/2 BLACK DIA","C",1,14.85,"Consider Discontinuation"
"DIAMANTE HAIR GRIP PACK/2 LT ROSE","C",1,14.85,"Consider Discontinuation"
"DIAMANTE HAIR GRIP PACK/2 MONTANA","C",1,13.2,"Consider Discontinuation"
"FLORAL BLUE MONSTER","C",1,21.25,"Consider Discontinuation"
"GLASS BEAD HOOP NECKLACE AMETHYST","C",1,25.5,"Consider Discontinuation"
"GOLD DIAMANTE STAR BROOCH","C",1,29.7,"Consider Discontinuation"
"GOLD/M.O.P PENDANT ORBIT NECKLACE","C",1,76.5,"Consider Discontinuation"
"GREEN  DIAMANTE PEN IN GIFT BOX","C",1,44.55,"Consider Discontinuation"
"HANGING METAL CHICKEN DECORATION","C",1,152.5,"Consider Discontinuation"
"IVORY GOLD METAL BAG CHARM","C",1,34.77,"Consider Discontinuation"
"IVY HEART WREATH","C",1,81,"Consider Discontinuation"
"MIRRORED WALL ART PHOTO FRAMES","C",1,102,"Consider Discontinuation"
"MOROCCAN BEATEN METAL DISH LARGE","C",1,140.25,"Consider Discontinuation"
"NEW BAROQUE BLACK BOXES","C",1,38.25,"Consider Discontinuation"
"NUMBER TILE COTTAGE GARDEN 2","C",1,128.7,"Consider Discontinuation"
"NUMBER TILE VINTAGE FONT 9","C",1,71.29,"Consider Discontinuation"
"NURSE'S BAG SOFT TOY","C",1,608.6,"Consider Discontinuation"
"PINK & WHITE ROSEBUD RING","C",1,58.9,"Consider Discontinuation"
"PINK BUTTERFLY WASHBAG","C",1,34,"Consider Discontinuation"
"PINK FLOWERS RABBIT EASTER","C",1,48.95,"Consider Discontinuation"
"PINK GREEN EMBROIDERY COSMETIC BAG","C",1,23.6,"Consider Discontinuation"
"PINK HEARTS LIGHT CHAIN","C",1,381,"Consider Discontinuation"
"PINK PARTY SUNGLASSES","C",1,23.4,"Consider Discontinuation"
"PINK STRAWBERRY HANDBAG","C",1,38.35,"Consider Discontinuation"
"PLASMATRONIC LAMP","C",1,288.94,"Consider Discontinuation"
"PURPLE GEMSTONE BRACELET","C",1,95.2,"Consider Discontinuation"
"PURPLE SWEETHEART BRACELET","C",1,174.25,"Consider Discontinuation"
"RED BOUDICCA LARGE BRACELET","C",1,145.95,"Consider Discontinuation"
"S/2 ZINC HEART DESIGN PLANTERS","C",1,388.05,"Consider Discontinuation"
"S/6 SEW ON CROCHET FLOWERS","C",1,135,"Consider Discontinuation"
"SCOTTIES DESIGN WASHBAG","C",1,177.45,"Consider Discontinuation"
"SILVER BLACK ORBIT BRACELET","C",1,19.8,"Consider Discontinuation"
"SILVER ROCCOCO CHANDELIER","C",1,329.45,"Consider Discontinuation"
"SILVER/AMETHYST DROP EARRINGS LEAF","C",1,14.75,"Consider Discontinuation"
"SOFT PINK ROSE TOWEL","C",1,172.05,"Consider Discontinuation"
"SWEET PUDDING STICKER SHEET","C",1,55.25,"Consider Discontinuation"
"SWEETHEART CREAM STEEL TABLE RECT","C",1,438.9,"Consider Discontinuation"
"TURQ STONE/CRYSTAL EARRINGS","C",1,26.55,"Consider Discontinuation"
"TURQUOISE CHRISTMAS TREE","C",1,6.25,"Consider Discontinuation"
"VINTAGE BEAD COSMETIC BAG","C",1,51.82,"Consider Discontinuation"
"WALL MIRROR RECTANGLE DIAMANTE PINK","C",1,489.9,"Consider Discontinuation"
"WHITE SQUARE TABLE CLOCK","C",1,132.99,"Consider Discontinuation"
"WOOD AND GLASS MEDICINE CABINET","C",1,299.5,"Consider Discontinuation"
"YELLOW POT PLANT CANDLE","C",1,71.05,"Consider Discontinuation"
"ZINC HEART LATTICE CHARGER LARGE","C",1,172.5,"Consider Discontinuation"
"ZINC TOP  2 DOOR WOODEN SHELF","C",1,169.5,"Consider Discontinuation"
