"Description","StockCode","Year","MonthNum","Quantity_Sold","Revenue","Avg_Price","Orders","abc_class","lag1_qty","lag2_qty","roll3_avg","Log_Quantity","Actual_Quantity","RF_Predicted","XGB_Predicted","GBM_Predicted","Best_Predicted"
"10 COLOUR SPACEBOY PEN","22418",2011,10,825,689.55,0.937941176470588,34,"A",571,613,669.666666666667,6.71659477352098,825,767,786,665,786
"10 COLOUR SPACEBOY PEN","22418",2011,11,783,667.89,0.872285714285714,35,"A",825,571,726.333333333333,6.66440902035041,783,743,732,751,732
"10 COLOUR SPACEBOY PEN","22418",2011,12,99,86.49,0.98,6,"A",783,825,569,4.60517018598809,99,201,173,162,173
"12 COLOURED PARTY BALLOONS","22436",2011,10,142,92.3,0.65,12,"B",170,152,154.666666666667,4.96284463025991,142,151,152,174,152
"12 COLOURED PARTY BALLOONS","22436",2011,11,327,213.75,0.702173913043478,22,"B",142,170,213,5.79301360838414,327,307,373,309,373
"12 COLOURED PARTY BALLOONS","22436",2011,12,43,27.95,0.65,4,"B",327,142,170.666666666667,3.78418963391826,43,70,70,64,70
"12 DAISY PEGS IN WOOD BOX","21448",2011,10,5,8.25,1.65,3,"C",6,14,8.33333333333333,1.79175946922805,5,6,7,7,7
"12 EGG HOUSE PAINTED WOOD","22282",2011,10,15,215.67,14.27625,8,"B",8,4,9,2.77258872223978,15,13,15,15,15
"12 EGG HOUSE PAINTED WOOD","22282",2011,11,19,227.85,12.4928571428571,7,"B",15,8,14,2.99573227355399,19,16,18,16,18
"12 EGG HOUSE PAINTED WOOD","22282",2011,12,2,25.5,12.75,1,"B",19,15,12,1.09861228866811,2,3,3,3,3
"12 MESSAGE CARDS WITH ENVELOPES","22906",2011,10,132,217.8,1.65,25,"A",103,121,118.666666666667,4.89034912822175,132,136,137,152,137
"12 MESSAGE CARDS WITH ENVELOPES","22906",2011,11,226,348.9,1.63787878787879,29,"A",132,103,153.666666666667,5.4249500174814,226,237,261,257,261
"12 MESSAGE CARDS WITH ENVELOPES","22906",2011,12,136,212.4,1.63571428571429,13,"A",226,132,164.666666666667,4.91998092582813,136,144,127,124,127
"12 PENCIL SMALL TUBE WOODLAND","20973",2011,10,512,338.2,0.686734693877551,48,"A",102,5,206.333333333333,6.24027584517077,512,429,545,536,545
"12 PENCIL SMALL TUBE WOODLAND","20973",2011,11,1318,833.9,0.674468085106383,89,"A",512,102,644,7.18462915271731,1318,1000,1448,1141,1448
"12 PENCIL SMALL TUBE WOODLAND","20973",2011,12,260,177.4,0.672222222222222,26,"A",1318,512,696.666666666667,5.56452040732269,260,460,433,534,433
"12 PENCILS SMALL TUBE RED RETROSPOT","20975",2011,10,1507,926.75,0.646363636363636,53,"A",271,570,782.666666666667,7.3185395485679,1507,1072,1419,1271,1419
"12 PENCILS SMALL TUBE RED RETROSPOT","20975",2011,11,871,566.15,0.65,75,"A",1507,271,883,6.77078942390898,871,884,731,879,731
"12 PENCILS SMALL TUBE RED RETROSPOT","20975",2011,12,300,195,0.65,18,"A",871,1507,892.666666666667,5.70711026474888,300,612,266,545,266
"12 PENCILS SMALL TUBE SKULL","20974",2011,10,870,563.9,0.648039215686275,50,"A",348,1088,768.666666666667,6.7696419768525,870,850,836,1046,836
"12 PENCILS SMALL TUBE SKULL","20974",2011,11,610,358.1,0.646,24,"A",870,348,609.333333333333,6.4150969591716,610,577,583,531,583
"12 PENCILS SMALL TUBE SKULL","20974",2011,12,12,7.8,0.65,3,"A",610,870,497.333333333333,2.56494935746154,12,69,59,66,59
"12 PENCILS TALL TUBE POSY","20984",2011,10,194,56.26,0.29,17,"B",1046,567,602.333333333333,5.27299955856375,194,425,328,468,328
"12 PENCILS TALL TUBE RED RETROSPOT","20983",2011,10,227,192.95,0.85,28,"B",363,231,273.666666666667,5.42934562895444,227,260,247,284,247
"12 PENCILS TALL TUBE RED RETROSPOT","20983",2011,11,542,460.7,0.85,51,"B",227,363,377.333333333333,6.29710931993394,542,514,534,581,534
"12 PENCILS TALL TUBE RED RETROSPOT","20983",2011,12,52,44.2,0.85,4,"B",542,227,273.666666666667,3.97029191355212,52,94,74,72,74
"12 PENCILS TALL TUBE SKULLS","20982",2011,10,256,217.6,0.85,22,"B",221,128,201.666666666667,5.54907608489522,256,216,234,215,234
"12 PENCILS TALL TUBE SKULLS","20982",2011,11,638,542.3,0.85,62,"B",256,221,371.666666666667,6.45990445437753,638,582,590,679,590
"12 PENCILS TALL TUBE SKULLS","20982",2011,12,94,79.9,0.85,10,"B",638,256,329.333333333333,4.55387689160054,94,206,183,163,183
"12 PENCILS TALL TUBE WOODLAND","20981",2011,10,131,111.35,0.85,18,"B",277,152,186.666666666667,4.88280192258637,131,161,157,177,157
"12 PENCILS TALL TUBE WOODLAND","20981",2011,11,381,323.85,0.85,44,"B",131,277,263,5.94542060860658,381,353,357,364,357
"12 PENCILS TALL TUBE WOODLAND","20981",2011,12,51,43.35,0.85,5,"B",381,131,187.666666666667,3.95124371858143,51,66,72,84,72
"12 RED ROSE PEG PLACE SETTINGS","21446",2011,10,13,16.25,1.25,4,"C",85,5,34.3333333333333,2.63905732961526,13,22,14,20,14
"12 RED ROSE PEG PLACE SETTINGS","21446",2011,11,49,61.25,1.25,10,"C",13,85,49,3.91202300542815,49,51,54,46,54
"12 RED ROSE PEG PLACE SETTINGS","21446",2011,12,12,15,1.25,4,"C",49,13,24.6666666666667,2.56494935746154,12,16,14,17,14
"15 PINK FLUFFY CHICKS IN BOX","84465",2011,11,1,2.95,2.95,1,"C",6,1,2.66666666666667,0.693147180559945,1,2,1,2,1
"15CM CHRISTMAS GLASS BALL 20 LIGHTS","85048",2011,10,177,1335.15,7.78333333333333,36,"A",325,14,172,5.18178355029209,177,173,177,180,177
"15CM CHRISTMAS GLASS BALL 20 LIGHTS","85048",2011,11,604,4423.8,7.7316091954023,85,"A",177,325,368.666666666667,6.40522845803084,604,531,590,524,590
"15CM CHRISTMAS GLASS BALL 20 LIGHTS","85048",2011,12,38,302.1,7.95,11,"A",604,177,273,3.66356164612965,38,76,63,85,63
"16 PIECE CUTLERY SET PANTRY DESIGN","23253",2011,10,9,143.55,15.95,5,"A",30,17,18.6666666666667,2.30258509299405,9,12,11,11,11
"16 PIECE CUTLERY SET PANTRY DESIGN","23253",2011,11,13,207.35,15.95,5,"A",9,30,17.3333333333333,2.63905732961526,13,13,15,12,15
"16 PIECE CUTLERY SET PANTRY DESIGN","23253",2011,12,2,31.9,15.95,1,"A",13,9,8,1.09861228866811,2,2,2,2,2
"18PC WOODEN CUTLERY SET DISPOSABLE","23124",2011,10,1,1.25,1.25,1,"C",16,32,16.3333333333333,0.693147180559945,1,4,2,4,2
"2 PICTURE BOOK EGGS EASTER BUNNY","21458",2011,11,12,15,1.25,1,"C",15,72,33,2.56494935746154,12,8,8,6,8
"2 PICTURE BOOK EGGS EASTER CHICKS","21456",2011,12,12,15,1.25,1,"C",3,74,29.6666666666667,2.56494935746154,12,4,6,5,6
"2 PICTURE BOOK EGGS EASTER DUCKS","21457",2011,11,12,15,1.25,1,"C",17,33,20.6666666666667,2.56494935746154,12,7,9,7,9
"20 DOLLY PEGS RETROSPOT","22567",2011,10,206,279.5,1.43947368421053,18,"A",116,198,173.333333333333,5.33271879326537,206,189,178,209,178
"20 DOLLY PEGS RETROSPOT","22567",2011,11,115,166.75,1.45,24,"A",206,116,145.666666666667,4.75359019110636,115,149,122,160,122
"20 DOLLY PEGS RETROSPOT","22567",2011,12,33,47.85,1.45,6,"A",115,206,118,3.52636052461616,33,49,42,50,42
"200 BENDY SKULL STRAWS","22316",2011,11,27,33.75,1.25,4,"C",2,101,43.3333333333333,3.3322045101752,27,25,28,28,28
"200 BENDY SKULL STRAWS","22316",2011,12,3,3.75,1.25,2,"C",27,2,10.6666666666667,1.38629436111989,3,6,4,7,4
"200 RED + WHITE BENDY STRAWS","22315",2011,10,29,36.25,1.25,7,"B",99,116,81.3333333333333,3.40119738166216,29,47,37,49,37
"200 RED + WHITE BENDY STRAWS","22315",2011,11,42,52.5,1.25,15,"B",29,99,56.6666666666667,3.76120011569356,42,56,45,72,45
"200 RED + WHITE BENDY STRAWS","22315",2011,12,2,2.5,1.25,2,"B",42,29,24.3333333333333,1.09861228866811,2,10,9,12,9
"3 DRAWER ANTIQUE WHITE WOOD CABINET","82486",2011,10,164,1439,8.91923076923077,52,"A",159,11,111.333333333333,5.10594547390058,164,160,155,136,155
"3 DRAWER ANTIQUE WHITE WOOD CABINET","82486",2011,11,283,2427.25,8.85985915492958,71,"A",164,159,202,5.64897423816121,283,259,266,230,266
"3 DRAWER ANTIQUE WHITE WOOD CABINET","82486",2011,12,90,774.78,9.23,16,"A",283,164,179,4.51085950651685,90,104,82,100,82
"3 GARDENIA MORRIS BOXED CANDLES","85034A",2011,10,328,434,1.4593023255814,38,"B",16,4,116,5.79605775076537,328,300,278,511,278
"3 GARDENIA MORRIS BOXED CANDLES","85034A",2011,11,95,125.79,1.954,9,"B",328,16,146.333333333333,4.56434819146784,95,90,118,107,118
"3 HEARTS HANGING DECORATION RUSTIC","22158",2011,10,683,1908.89,2.9743137254902,50,"A",304,413,466.666666666667,6.52795791762255,683,604,669,509,669
"3 HEARTS HANGING DECORATION RUSTIC","22158",2011,11,793,2265.39,2.96885057471264,87,"A",683,304,593.333333333333,6.67708346124714,793,704,765,645,765
"3 HEARTS HANGING DECORATION RUSTIC","22158",2011,12,127,351.89,3.13769230769231,13,"A",793,683,534.333333333333,4.85203026391962,127,225,120,195,120
"3 HOOK PHOTO SHELF ANTIQUE WHITE","22171",2011,10,9,76.5,8.5,7,"A",29,103,47,2.30258509299405,9,21,13,17,13
"3 HOOK PHOTO SHELF ANTIQUE WHITE","22171",2011,11,96,785.4,8.425,34,"A",9,29,44.6666666666667,4.57471097850338,96,88,110,98,110
"3 HOOK PHOTO SHELF ANTIQUE WHITE","22171",2011,12,38,323,8.5,16,"A",96,9,47.6666666666667,3.66356164612965,38,44,40,42,40
"3 PIECE SPACEBOY COOKIE CUTTER SET","22964",2011,10,156,335.72,2.23096774193548,30,"A",244,128,176,5.05624580534831,156,182,146,188,146
"3 PIECE SPACEBOY COOKIE CUTTER SET","22964",2011,11,261,552.16,2.19441860465116,43,"A",156,244,220.333333333333,5.5683445037611,261,293,284,323,284
"3 PIECE SPACEBOY COOKIE CUTTER SET","22964",2011,12,95,201.53,2.25615384615385,13,"A",261,156,170.666666666667,4.56434819146784,95,117,104,117,104
"3 RAFFIA RIBBONS 50'S CHRISTMAS","23434",2011,11,726,604.5,0.812241379310345,58,"B",510,460,565.333333333333,6.58892647753352,726,707,699,777,699
"3 RAFFIA RIBBONS 50'S CHRISTMAS","23434",2011,12,86,67.94,0.79,9,"B",726,510,440.666666666667,4.46590811865458,86,235,216,212,216
"3 RAFFIA RIBBONS VINTAGE CHRISTMAS","23435",2011,11,132,104.28,0.79,12,"C",165,346,214.333333333333,4.89034912822175,132,159,138,162,138
"3 RAFFIA RIBBONS VINTAGE CHRISTMAS","23435",2011,12,33,26.07,0.79,4,"C",132,165,110,3.52636052461616,33,51,39,45,39
"3 ROSE MORRIS BOXED CANDLES","85034C",2011,10,270,364.86,1.43533333333333,30,"B",4,1,91.6666666666667,5.6021188208797,270,243,223,576,223
"3 ROSE MORRIS BOXED CANDLES","85034C",2011,11,571,741.91,1.53931506849315,66,"B",270,4,281.666666666667,6.3491389913798,571,527,591,692,591
"3 ROSE MORRIS BOXED CANDLES","85034C",2011,12,72,150.12,2.18142857142857,14,"B",571,270,304.333333333333,4.29045944114839,72,158,135,158,135
"3 STRIPEY MICE FELTCRAFT","22150",2011,10,294,552.24,1.97612244897959,49,"A",268,305,289,5.68697535633982,294,324,291,372,291
"3 STRIPEY MICE FELTCRAFT","22150",2011,11,393,763.07,2.00413333333333,75,"A",294,268,318.333333333333,5.97635090929793,393,438,408,469,408
"3 STRIPEY MICE FELTCRAFT","22150",2011,12,202,374.26,2.00851851851852,26,"A",393,294,296.333333333333,5.31320597904179,202,234,235,264,235
"3 TIER CAKE TIN GREEN AND CREAM","22839",2011,10,15,224.25,14.95,11,"A",67,18,33.3333333333333,2.77258872223978,15,25,18,20,18
"3 TIER CAKE TIN GREEN AND CREAM","22839",2011,11,32,457.38,15.602,15,"A",15,67,38,3.49650756146648,32,39,35,32,35
"3 TIER CAKE TIN GREEN AND CREAM","22839",2011,12,2,29.9,14.95,2,"A",32,15,16.3333333333333,1.09861228866811,2,5,3,4,3
"3 TIER CAKE TIN RED AND CREAM","22838",2011,10,26,388.7,14.95,13,"A",71,14,37,3.29583686600433,26,33,29,25,29
"3 TIER CAKE TIN RED AND CREAM","22838",2011,11,83,1131.83,15.56125,16,"A",26,71,60,4.43081679884331,83,70,76,63,76
"3 TIER CAKE TIN RED AND CREAM","22838",2011,12,5,74.75,14.95,4,"A",83,26,38,1.79175946922805,5,16,10,14,10
"3 TIER SWEETHEART GARDEN SHELF","22824",2011,10,1,35.95,35.95,1,"B",5,5,3.66666666666667,0.693147180559945,1,1,1,1,1
"3 TIER SWEETHEART GARDEN SHELF","22824",2011,11,1,35.95,35.95,1,"B",1,5,2.33333333333333,0.693147180559945,1,1,1,2,1
"3 TRADITIONAl BISCUIT CUTTERS  SET","22965",2011,10,91,195.16,2.19227272727273,22,"B",119,57,89,4.52178857704904,91,102,96,98,96
"3 TRADITIONAl BISCUIT CUTTERS  SET","22965",2011,11,174,367.43,2.18826086956522,23,"B",91,119,128,5.16478597392351,174,164,174,180,174
"3 TRADITIONAl BISCUIT CUTTERS  SET","22965",2011,12,21,44.1,2.1,4,"B",174,91,95.3333333333333,3.09104245335832,21,38,25,27,25
"3 WHITE CHOC MORRIS BOXED CANDLES","85034B",2011,10,197,289.29,1.8775,16,"B",15,5,72.3333333333333,5.28826703069454,197,174,207,251,207
"3 WHITE CHOC MORRIS BOXED CANDLES","85034B",2011,11,459,644.15,1.87577777777778,44,"B",197,15,223.666666666667,6.13122648948314,459,407,483,425,483
"3 WHITE CHOC MORRIS BOXED CANDLES","85034B",2011,12,68,85,1.25,10,"B",459,197,241.333333333333,4.23410650459726,68,118,118,114,118
"36 DOILIES DOLLY GIRL","22949",2011,10,62,89.9,1.45,6,"B",111,49,74,4.14313472639153,62,50,56,50,56
"36 DOILIES DOLLY GIRL","22949",2011,11,24,34.8,1.45,2,"B",62,111,65.6666666666667,3.2188758248682,24,16,15,16,15
"36 DOILIES VINTAGE CHRISTMAS","22950",2011,10,937,1329.85,1.44661016949153,59,"A",2340,770,1349,6.84374994900622,937,1064,1374,1065,1374
"36 DOILIES VINTAGE CHRISTMAS","22950",2011,11,12,17.4,1.45,1,"A",937,2340,1096.33333333333,2.56494935746154,12,56,30,15,30
"36 FOIL HEART CAKE CASES","22956",2011,10,84,180.46,2.26916666666667,12,"A",147,320,183.666666666667,4.44265125649032,84,110,104,111,104
"36 FOIL HEART CAKE CASES","22956",2011,11,69,136.96,2.4175,12,"A",84,147,100,4.24849524204936,69,79,70,87,70
"36 FOIL HEART CAKE CASES","22956",2011,12,105,82.95,0.79,8,"A",69,84,86,4.66343909411207,105,94,96,115,96
"36 FOIL STAR CAKE CASES","22955",2011,10,53,111.3,2.1,8,"B",121,34,69.3333333333333,3.98898404656427,53,50,50,52,50
"36 FOIL STAR CAKE CASES","22955",2011,11,261,500.1,2.07222222222222,18,"B",53,121,145,5.5683445037611,261,217,244,233,244
"36 FOIL STAR CAKE CASES","22955",2011,12,56,44.24,0.79,5,"B",261,53,123.333333333333,4.04305126783455,56,70,57,65,57
"36 PENCILS TUBE RED RETROSPOT","20979",2011,10,358,423.18,1.24136363636364,22,"A",546,357,420.333333333333,5.88332238848828,358,358,347,365,347
"36 PENCILS TUBE RED RETROSPOT","20979",2011,11,451,563.75,1.25,39,"A",358,546,451.666666666667,6.11368217983223,451,461,453,490,453
"36 PENCILS TUBE RED RETROSPOT","20979",2011,12,25,31.25,1.25,5,"A",451,358,278,3.25809653802148,25,102,67,68,67
"36 PENCILS TUBE SKULLS","20978",2011,10,350,413.18,1.24095238095238,20,"B",119,94,187.666666666667,5.86078622346587,350,314,353,284,353
"36 PENCILS TUBE SKULLS","20978",2011,11,261,326.25,1.25,43,"B",350,119,243.333333333333,5.5683445037611,261,283,252,325,252
"36 PENCILS TUBE SKULLS","20978",2011,12,59,73.75,1.25,7,"B",261,350,223.333333333333,4.0943445622221,59,107,57,74,57
"36 PENCILS TUBE WOODLAND","20977",2011,10,70,87.5,1.25,10,"B",201,407,226,4.26267987704132,70,123,100,109,100
"3D CHRISTMAS STAMPS STICKERS","22731",2011,10,397,504.72,1.38828571428571,35,"B",262,58,239,5.98645200528444,397,353,384,365,384
"3D CHRISTMAS STAMPS STICKERS","22731",2011,11,167,228.11,1.40782608695652,22,"B",397,262,275.333333333333,5.12396397940326,167,213,199,231,199
"3D CHRISTMAS STAMPS STICKERS","22731",2011,12,36,52.26,1.40125,8,"B",167,397,200,3.61091791264422,36,70,68,81,68
"3D DOG PICTURE PLAYING CARDS","84558A",2011,10,41,120.95,2.95,4,"B",7,56,34.6666666666667,3.73766961828337,41,27,32,25,32
"3D DOG PICTURE PLAYING CARDS","84558A",2011,11,44,129.8,2.95,11,"B",41,7,30.6666666666667,3.80666248977032,44,43,45,45,45
"3D DOG PICTURE PLAYING CARDS","84558A",2011,12,1,2.95,2.95,1,"B",44,41,28.6666666666667,0.693147180559945,1,4,3,5,3
"3D SHEET OF CAT STICKERS","84559B",2011,10,13,11.05,0.85,7,"C",6,38,19,2.63905732961526,13,20,14,24,14
"3D SHEET OF CAT STICKERS","84559B",2011,11,1,0.85,0.85,1,"C",13,6,6.66666666666667,0.693147180559945,1,3,2,3,2
"3D SHEET OF DOG STICKERS","84559A",2011,10,46,39.1,0.85,6,"C",6,25,25.6666666666667,3.85014760171006,46,43,47,48,47
"3D SHEET OF DOG STICKERS","84559A",2011,11,40,34.78,0.98,6,"C",46,6,30.6666666666667,3.71357206670431,40,42,38,43,38
"3D TRADITIONAL CHRISTMAS STICKERS","22733",2011,10,447,569.64,1.37736842105263,37,"B",295,91,277.666666666667,6.10479323241498,447,396,422,396,422
"3D TRADITIONAL CHRISTMAS STICKERS","22733",2011,11,459,596.74,1.34877551020408,48,"B",447,295,400.333333333333,6.13122648948314,459,495,475,491,475
"3D TRADITIONAL CHRISTMAS STICKERS","22733",2011,12,31,38.75,1.25,7,"B",459,447,312.333333333333,3.46573590279973,31,113,77,80,77
"3D VINTAGE CHRISTMAS STICKERS","22732",2011,10,511,646.01,1.34075,40,"B",225,110,282,6.23832462503951,511,486,548,444,548
"3D VINTAGE CHRISTMAS STICKERS","22732",2011,11,494,627.23,1.37236842105263,38,"B",511,225,410,6.20455776256869,494,474,519,457,519
"3D VINTAGE CHRISTMAS STICKERS","22732",2011,12,41,57.3,1.40125,7,"B",494,511,348.666666666667,3.73766961828337,41,146,98,74,98
"4 BLUE DINNER CANDLES SILVER FLOCK","72800D",2011,10,3,7.65,2.55,3,"C",11,4,6,1.38629436111989,3,5,4,6,4
"4 BLUE DINNER CANDLES SILVER FLOCK","72800D",2011,11,9,22.95,2.55,5,"C",3,11,7.66666666666667,2.30258509299405,9,10,9,12,9
"4 BURGUNDY WINE DINNER CANDLES","72801G",2011,10,2,2.5,1.25,1,"C",1,13,5.33333333333333,1.09861228866811,2,2,2,2,2
"4 BURGUNDY WINE DINNER CANDLES","72801G",2011,11,7,8.75,1.25,2,"C",2,1,3.33333333333333,2.07944154167984,7,5,6,6,6
"4 IVORY DINNER CANDLES SILVER FLOCK","72800E",2011,10,51,119.25,2.50909090909091,11,"B",31,15,32.3333333333333,3.95124371858143,51,47,49,49,49
"4 IVORY DINNER CANDLES SILVER FLOCK","72800E",2011,11,64,157.8,2.52954545454545,21,"B",51,31,48.6666666666667,4.17438726989564,64,69,66,77,66
"4 IVORY DINNER CANDLES SILVER FLOCK","72800E",2011,12,96,75.84,0.79,11,"B",64,51,70.3333333333333,4.57471097850338,96,98,98,110,98
"4 LAVENDER BOTANICAL DINNER CANDLES","21615",2011,10,125,171.25,1.36363636363636,21,"B",10,6,47,4.83628190695148,125,116,125,176,125
"4 LAVENDER BOTANICAL DINNER CANDLES","21615",2011,11,458,572.5,1.25,50,"B",125,10,197.666666666667,6.12905021006055,458,365,491,484,491
"4 LAVENDER BOTANICAL DINNER CANDLES","21615",2011,12,14,22.5,2.91666666666667,3,"B",458,125,199,2.70805020110221,14,32,32,20,32
"4 LILY  BOTANICAL DINNER CANDLES","21617",2011,10,116,160,1.36904761904762,20,"B",11,5,44,4.76217393479776,116,111,120,173,120
"4 LILY  BOTANICAL DINNER CANDLES","21617",2011,11,155,193.75,1.25,17,"B",116,11,94,5.04985600724954,155,145,144,142,144
"4 PEAR BOTANICAL DINNER CANDLES","21616",2011,10,142,192.5,1.375,18,"B",1,3,48.6666666666667,4.96284463025991,142,126,131,275,131
"4 PEAR BOTANICAL DINNER CANDLES","21616",2011,11,439,548.75,1.25,61,"B",142,1,194,6.08677472691231,439,364,464,568,464
"4 PEAR BOTANICAL DINNER CANDLES","21616",2011,12,38,82.5,3.03571428571429,7,"B",439,142,206.333333333333,3.66356164612965,38,74,75,52,75
"4 PINK DINNER CANDLE SILVER FLOCK","72800C",2011,10,4,10.2,2.55,3,"C",6,2,4,1.6094379124341,4,5,5,5,5
"4 PINK DINNER CANDLE SILVER FLOCK","72800C",2011,11,28,71.4,2.55,10,"C",4,6,12.6666666666667,3.36729582998647,28,27,31,45,31
"4 PINK DINNER CANDLE SILVER FLOCK","72800C",2011,12,49,38.71,0.79,5,"C",28,4,27,3.91202300542815,49,43,44,41,44
"4 PINK FLOCK CHRISTMAS BALLS","35833P",2011,10,2,2.5,1.25,2,"C",1,1,1.33333333333333,1.09861228866811,2,3,2,3,2
"4 PINK FLOCK CHRISTMAS BALLS","35833P",2011,11,19,23.75,1.25,5,"C",2,1,7.33333333333333,2.99573227355399,19,15,19,22,19
"4 PURPLE FLOCK DINNER CANDLES","72800B",2011,10,3,7.65,2.55,3,"C",9,1,4.33333333333333,1.38629436111989,3,5,4,5,4
"4 PURPLE FLOCK DINNER CANDLES","72800B",2011,11,44,112.2,2.55,11,"C",3,9,18.6666666666667,3.80666248977032,44,40,46,62,46
"4 PURPLE FLOCK DINNER CANDLES","72800B",2011,12,49,38.71,0.79,5,"C",44,3,32,3.91202300542815,49,44,48,49,48
"4 ROSE PINK DINNER CANDLES","72801C",2011,10,2,2.5,1.25,1,"C",15,24,13.6666666666667,1.09861228866811,2,5,3,4,3
"4 ROSE PINK DINNER CANDLES","72801C",2011,12,3,3.75,1.25,1,"C",2,15,6.66666666666667,1.38629436111989,3,3,3,3,3
"4 SKY BLUE DINNER CANDLES","72801D",2011,10,7,8.75,1.25,3,"C",11,7,8.33333333333333,2.07944154167984,7,7,7,8,7
"4 SKY BLUE DINNER CANDLES","72801D",2011,12,3,3.75,1.25,1,"C",7,11,7,1.38629436111989,3,3,3,3,3
"4 TRADITIONAL SPINNING TOPS","22620",2011,10,433,635.93,1.50509090909091,52,"A",244,215,297.333333333333,6.07304453410041,433,422,409,423,409
"4 TRADITIONAL SPINNING TOPS","22620",2011,11,587,865.29,1.5069014084507,70,"A",433,244,421.333333333333,6.37672694789863,587,581,583,599,583
"4 TRADITIONAL SPINNING TOPS","22620",2011,12,151,226.02,1.50315789473684,19,"A",587,433,390.333333333333,5.02388052084628,151,233,173,239,173
"4 VANILLA BOTANICAL CANDLES","21619",2011,10,183,236.25,1.44230769230769,25,"B",4,6,64.3333333333333,5.21493575760899,183,175,166,391,166
"4 VANILLA BOTANICAL CANDLES","21619",2011,11,487,608.75,1.25,61,"B",183,4,224.666666666667,6.19031540585315,487,431,497,615,497
"4 VANILLA BOTANICAL CANDLES","21619",2011,12,63,91.25,1.66666666666667,12,"B",487,183,244.333333333333,4.15888308335967,63,120,102,105,102
"4 WILDFLOWER BOTANICAL CANDLES","21618",2011,10,90,115,1.41666666666667,14,"C",1,9,33.3333333333333,4.51085950651685,90,85,98,112,98
"4 WILDFLOWER BOTANICAL CANDLES","21618",2011,11,90,112.5,1.25,15,"C",90,1,60.3333333333333,4.51085950651685,90,93,90,99,90
"5 HOOK HANGER RED MAGIC TOADSTOOL","22243",2011,10,2,3.3,1.65,1,"A",20,6,9.33333333333333,1.09861228866811,2,4,3,3,3
"5 HOOK HANGER RED MAGIC TOADSTOOL","22243",2011,11,27,44.55,1.65,3,"A",2,20,16.3333333333333,3.3322045101752,27,20,25,21,25
"5 STRAND GLASS NECKLACE BLACK","90199A",2011,11,2,12.7,6.35,1,"C",4,2,2.66666666666667,1.09861228866811,2,2,2,2,2
"5 STRAND GLASS NECKLACE CRYSTAL","90199C",2011,11,4,25.4,6.35,2,"C",3,1,2.66666666666667,1.6094379124341,4,4,4,3,4
"50'S CHRISTMAS GIFT BAG LARGE","23437",2011,10,993,1157.25,1.24571428571429,49,"B",329,24,448.666666666667,6.90173720665657,993,807,1132,966,1132
"50'S CHRISTMAS GIFT BAG LARGE","23437",2011,11,485,606.25,1.25,31,"B",993,329,602.333333333333,6.18620862390049,485,505,466,499,466
"50'S CHRISTMAS GIFT BAG LARGE","23437",2011,12,54,67.5,1.25,6,"B",485,993,510.666666666667,4.00733318523247,54,121,112,94,112
"50'S CHRISTMAS PAPER GIFT BAG","23375",2011,10,652,514.64,0.817297297297297,37,"B",261,30,314.333333333333,6.48157712927643,652,575,682,633,682
"50'S CHRISTMAS PAPER GIFT BAG","23375",2011,11,340,278.8,0.82,25,"B",652,261,417.666666666667,5.83188247728352,340,361,336,388,336
"50'S CHRISTMAS PAPER GIFT BAG","23375",2011,12,34,27.88,0.82,4,"B",340,652,342,3.55534806148941,34,95,56,76,56
"50CM METAL STRING WITH  7 CLIPS","47481",2011,10,4,3.4,0.85,3,"C",2,12,6,1.6094379124341,4,5,4,9,4
"50CM METAL STRING WITH  7 CLIPS","47481",2011,11,8,6.8,0.85,3,"C",4,2,4.66666666666667,2.19722457733622,8,8,8,10,8
"6 CHOCOLATE LOVE HEART T-LIGHTS","85038",2011,10,95,196.15,2.481,10,"B",17,51,54.3333333333333,4.56434819146784,95,83,95,82,95
"6 CHOCOLATE LOVE HEART T-LIGHTS","85038",2011,11,346,662.63,2.18052631578947,19,"B",95,17,152.666666666667,5.84932477994686,346,296,368,299,368
"6 CHOCOLATE LOVE HEART T-LIGHTS","85038",2011,12,126,234.6,1.95,5,"B",346,95,189,4.84418708645859,126,68,74,76,74
"6 EGG HOUSE PAINTED WOOD","22283",2011,10,23,182.85,7.95,11,"B",11,13,15.6666666666667,3.17805383034795,23,22,24,25,24
"6 EGG HOUSE PAINTED WOOD","22283",2011,11,17,142.99,8.82111111111111,9,"B",23,11,17,2.89037175789616,17,19,18,23,18
"6 EGG HOUSE PAINTED WOOD","22283",2011,12,6,47.7,7.95,2,"B",17,23,15.3333333333333,1.94591014905531,6,6,5,5,5
"6 GIFT TAGS 50'S CHRISTMAS","23354",2011,10,1292,1048.6,0.828854166666667,93,"A",732,204,742.666666666667,7.16472037877186,1292,1059,1324,1239,1324
"6 GIFT TAGS 50'S CHRISTMAS","23354",2011,11,991,822.53,0.83,88,"A",1292,732,1005,6.89972310728487,991,1053,1150,1093,1150
"6 GIFT TAGS 50'S CHRISTMAS","23354",2011,12,124,102.92,0.83,15,"A",991,1292,802.333333333333,4.8283137373023,124,546,446,543,446
"6 GIFT TAGS VINTAGE CHRISTMAS","23353",2011,10,1255,1041.65,0.83,90,"A",738,408,800.333333333333,7.13568734702814,1255,1137,1410,1124,1410
"6 GIFT TAGS VINTAGE CHRISTMAS","23353",2011,11,1151,955.33,0.83,77,"A",1255,738,1048,7.04925484125584,1151,1163,1142,1228,1142
"6 GIFT TAGS VINTAGE CHRISTMAS","23353",2011,12,174,144.42,0.83,19,"A",1151,1255,860,5.16478597392351,174,617,521,588,521
"6 RIBBONS ELEGANT CHRISTMAS","22075",2011,10,48,102.16,2.19666666666667,12,"B",236,136,140,3.89182029811063,48,91,71,101,71
"6 RIBBONS ELEGANT CHRISTMAS","22075",2011,11,259,474.91,1.83742857142857,34,"B",48,236,181,5.56068163101553,259,235,239,308,239
"6 RIBBONS ELEGANT CHRISTMAS","22075",2011,12,462,267.76,0.663793103448276,29,"B",259,48,256.333333333333,6.13772705408623,462,395,472,404,472
"6 RIBBONS EMPIRE","22076",2011,10,90,141.7,1.48333333333333,12,"B",92,75,85.6666666666667,4.51085950651685,90,87,80,95,80
"6 RIBBONS EMPIRE","22076",2011,11,85,132.65,1.575,16,"B",90,92,89,4.45434729625351,85,90,92,101,92
"6 RIBBONS EMPIRE","22076",2011,12,326,151.72,0.507777777777778,18,"B",85,90,167,5.78996017089725,326,309,315,321,315
"6 RIBBONS RUSTIC CHARM","22077",2011,10,1181,2277.17,2.01808510638298,93,"A",1081,810,1024,7.07496319796604,1181,1096,1161,1149,1161
"6 RIBBONS RUSTIC CHARM","22077",2011,11,1061,2013.37,2.00883720930233,85,"A",1181,1081,1107.66666666667,6.96790920180188,1061,1160,1079,1343,1079
"6 RIBBONS RUSTIC CHARM","22077",2011,12,261,526.37,2.017,19,"A",1061,1181,834.333333333333,5.5683445037611,261,445,375,505,375
"6 RIBBONS SHIMMERING PINKS","22074",2011,10,66,102.14,1.62230769230769,12,"B",38,30,44.6666666666667,4.20469261939097,66,66,68,71,68
"6 RIBBONS SHIMMERING PINKS","22074",2011,11,51,72.95,1.49,10,"B",66,38,51.6666666666667,3.95124371858143,51,55,52,58,52
"6 RIBBONS SHIMMERING PINKS","22074",2011,12,170,74.44,0.566666666666667,12,"B",51,66,95.6666666666667,5.14166355650266,170,169,184,169,184
"6 ROCKET BALLOONS","22439",2011,10,93,69.45,0.821428571428571,14,"B",290,66,149.666666666667,4.54329478227,93,128,122,165,122
"6 ROCKET BALLOONS","22439",2011,11,178,130.1,0.725,30,"B",93,290,187,5.18738580584075,178,195,185,217,185
"6 ROCKET BALLOONS","22439",2011,12,65,45.25,0.725,7,"B",178,93,112,4.18965474202643,65,78,74,82,74
"60 CAKE CASES DOLLY GIRL DESIGN","22951",2011,10,786,403.2,0.594772727272727,43,"A",889,675,783.333333333333,6.6682282484174,786,827,738,894,738
"60 CAKE CASES DOLLY GIRL DESIGN","22951",2011,11,718,365.48,0.590888888888889,43,"A",786,889,797.666666666667,6.57786135772105,718,744,730,909,730
"60 CAKE CASES DOLLY GIRL DESIGN","22951",2011,12,133,73.85,0.613636363636364,11,"A",718,786,545.666666666667,4.89783979995091,133,309,256,320,256
"60 CAKE CASES VINTAGE CHRISTMAS","22952",2011,10,3723,1907.25,0.543627450980392,100,"A",3668,793,2728,8.22255363839696,3723,2788,2735,2535,2735
"60 CAKE CASES VINTAGE CHRISTMAS","22952",2011,11,3503,1801.85,0.545063291139241,151,"A",3723,3668,3631.33333333333,8.16166045205628,3503,3447,3060,2968,3060
"60 CAKE CASES VINTAGE CHRISTMAS","22952",2011,12,638,350.9,0.55,34,"A",3503,3723,2621.33333333333,6.45990445437753,638,2095,1827,1715,1827
"60 TEATIME FAIRY CAKE CASES","84991",2011,10,1510,722.7,0.569803921568627,49,"A",2378,1384,1757.33333333333,7.32052696227274,1510,1641,1996,1956,1996
"60 TEATIME FAIRY CAKE CASES","84991",2011,11,1405,698.95,0.570789473684211,74,"A",1510,2378,1764.33333333333,7.24850407237061,1405,1778,2078,2198,2078
"60 TEATIME FAIRY CAKE CASES","84991",2011,12,124,70.3,0.591176470588235,15,"A",1405,1510,1013,4.8283137373023,124,629,537,663,537
"6PC WOOD PLATE SET DISPOSABLE","23125",2011,10,1,1.25,1.25,1,"C",13,357,123.666666666667,0.693147180559945,1,7,4,5,4
"6PC WOOD PLATE SET DISPOSABLE","23125",2011,11,3,3.75,1.25,1,"C",1,13,5.66666666666667,1.38629436111989,3,2,2,2,2
"72 SWEETHEART FAIRY CAKE CASES","84992",2011,10,860,430.4,0.574782608695652,45,"A",1496,584,980,6.75809450442773,860,808,620,859,620
"72 SWEETHEART FAIRY CAKE CASES","84992",2011,11,873,423.03,0.584029850746269,62,"A",860,1496,1076.33333333333,6.77308037565554,873,1031,958,1111,958
"72 SWEETHEART FAIRY CAKE CASES","84992",2011,12,202,114.6,0.585,20,"A",873,860,645,5.31320597904179,202,459,375,431,375
"75 GREEN FAIRY CAKE CASES","84989A",2011,10,1,0.55,0.55,1,"C",4,3,2.66666666666667,0.693147180559945,1,2,1,2,1
"75 GREEN FAIRY CAKE CASES","84989A",2011,11,7,3.85,0.55,4,"C",1,4,4,2.07944154167984,7,7,7,10,7
"75 GREEN FAIRY CAKE CASES","84989A",2011,12,1,0.55,0.55,1,"C",7,1,3,0.693147180559945,1,2,2,2,2
"75 GREEN PETIT FOUR CASES","84993A",2011,10,24,10.08,0.42,1,"C",26,28,26,3.2188758248682,24,18,22,12,22
"75 GREEN PETIT FOUR CASES","84993A",2011,11,48,20.16,0.42,2,"C",24,26,32.6666666666667,3.89182029811063,48,41,45,40,45
"75 GREEN PETIT FOUR CASES","84993A",2011,12,28,11.76,0.42,4,"C",48,24,33.3333333333333,3.36729582998647,28,33,32,37,32
"A4 WALL TIDY BLUE OFFICE","71496A",2011,10,5,2.65,0.53,1,"C",48,48,33.6666666666667,1.79175946922805,5,11,7,9,7
"A4 WALL TIDY BLUE OFFICE","71496A",2011,11,1,0.53,0.53,1,"C",5,48,18,0.693147180559945,1,4,3,5,3
"A4 WALL TIDY RED FLOWERS","71496B",2011,11,1,0.53,0.53,1,"C",8,4,4.33333333333333,0.693147180559945,1,2,2,2,2
"ABC TREASURE BOOK BOX","23176",2011,10,158,333.9,2.23636363636364,22,"A",273,201,210.666666666667,5.06890420222023,158,178,152,189,152
"ABC TREASURE BOOK BOX","23176",2011,11,553,1109.25,2.22777777777778,26,"A",158,273,328,6.31716468674728,553,476,490,396,490
"ABC TREASURE BOOK BOX","23176",2011,12,10,22.5,2.25,3,"A",553,158,240.333333333333,2.39789527279837,10,27,11,20,11
"ABSTRACT CIRCLE JOURNAL","20770",2011,10,3,7.65,2.55,3,"C",1,12,5.33333333333333,1.38629436111989,3,5,4,5,4
"ABSTRACT CIRCLE JOURNAL","20770",2011,11,2,5.1,2.55,2,"C",3,1,2,1.09861228866811,2,3,2,3,2
"ABSTRACT CIRCLES POCKET BOOK","20758",2011,10,12,10.2,0.85,4,"C",11,3,8.66666666666667,2.56494935746154,12,11,12,16,12
"ABSTRACT CIRCLES POCKET BOOK","20758",2011,11,37,31.45,0.85,9,"C",12,11,20,3.63758615972639,37,34,43,54,43
"ABSTRACT CIRCLES POCKET BOOK","20758",2011,12,7,5.95,0.85,3,"C",37,12,18.6666666666667,2.07944154167984,7,12,10,17,10
"ABSTRACT CIRCLES SKETCHBOOK","20764",2011,10,9,37.46,4.36833333333333,5,"C",10,15,11.3333333333333,2.30258509299405,9,12,10,11,10
"ABSTRACT CIRCLES SKETCHBOOK","20764",2011,11,21,86.17,4.32076923076923,13,"C",9,10,13.3333333333333,3.09104245335832,21,22,22,31,22
"ABSTRACT CIRCLES SKETCHBOOK","20764",2011,12,4,15,3.75,2,"C",21,9,11.3333333333333,1.6094379124341,4,6,5,6,5
"ACRYLIC GEOMETRIC LAMP","85161",2011,11,3,56.85,18.95,2,"C",2,2,2.33333333333333,1.38629436111989,3,3,3,3,3
"ACRYLIC HANGING JEWEL,BLUE","35819B",2011,10,101,38.38,0.38,8,"C",65,10,58.6666666666667,4.62497281328427,101,91,109,105,109
"ACRYLIC HANGING JEWEL,BLUE","35819B",2011,11,90,34.2,0.38,10,"C",101,65,85.3333333333333,4.51085950651685,90,99,85,105,85
"ACRYLIC HANGING JEWEL,PINK","35819P",2011,11,14,5.32,0.38,2,"C",46,35,31.6666666666667,2.70805020110221,14,22,16,25,16
"ACRYLIC JEWEL ICICLE, BLUE","35818B",2011,11,1,0.38,0.38,1,"C",6,24,10.3333333333333,0.693147180559945,1,4,2,5,2
"ACRYLIC JEWEL ICICLE, PINK","35818P",2011,10,26,9.88,0.38,3,"C",71,37,44.6666666666667,3.29583686600433,26,32,31,40,31
"ACRYLIC JEWEL ICICLE, PINK","35818P",2011,11,125,47.5,0.38,9,"C",26,71,74,4.83628190695148,125,124,123,117,123
"ACRYLIC JEWEL ICICLE, PINK","35818P",2011,12,2,0.76,0.38,1,"C",125,26,51,1.09861228866811,2,18,13,13,13
"ADULT APRON APPLE DELIGHT","22939",2011,10,42,213.74,5.534,10,"B",9,22,24.3333333333333,3.76120011569356,42,36,38,40,38
"ADULT APRON APPLE DELIGHT","22939",2011,11,56,294.72,5.59888888888889,18,"B",42,9,35.6666666666667,4.04305126783455,56,52,55,53,55
"ADULT APRON APPLE DELIGHT","22939",2011,12,50,212.5,4.25,1,"B",56,42,49.3333333333333,3.93182563272433,50,7,10,8,10
"ADVENT CALENDAR GINGHAM SACK","22580",2011,10,240,1380,5.92674418604651,43,"A",172,28,146.666666666667,5.48479693349065,240,215,264,232,264
"ADVENT CALENDAR GINGHAM SACK","22580",2011,11,323,1862.29,6.25338461538462,65,"A",240,172,245,5.78074351579233,323,292,338,287,338
"ADVENT CALENDAR GINGHAM SACK","22580",2011,12,12,88.44,7.84333333333333,3,"A",323,240,191.666666666667,2.56494935746154,12,21,9,19,9
"AFGHAN SLIPPER SOCK PAIR","51008",2011,10,22,75.9,3.45,2,"B",1,2,8.33333333333333,3.13549421592915,22,16,24,15,24
"AFGHAN SLIPPER SOCK PAIR","51008",2011,11,6,20.7,3.45,3,"B",22,1,9.66666666666667,1.94591014905531,6,7,6,7,6
"AGED GLASS SILVER T-LIGHT HOLDER","21326",2011,10,668,405.4,0.645833333333333,23,"A",1524,423,871.666666666667,6.50578406012823,668,669,601,636,601
"AGED GLASS SILVER T-LIGHT HOLDER","21326",2011,11,1107,690.75,0.645833333333333,47,"A",668,1524,1099.66666666667,7.01031186730723,1107,1011,1143,1164,1143
"AGED GLASS SILVER T-LIGHT HOLDER","21326",2011,12,600,361.2,0.636666666666667,15,"A",1107,668,791.666666666667,6.39859493453521,600,624,595,618,595
"AIRLINE BAG VINTAGE JET SET BROWN","22375",2011,10,32,136,4.25,9,"B",52,16,33.3333333333333,3.49650756146648,32,33,32,28,32
"AIRLINE BAG VINTAGE JET SET BROWN","22375",2011,11,25,103.85,4.225,12,"B",32,52,36.3333333333333,3.25809653802148,25,31,26,34,26
"AIRLINE BAG VINTAGE JET SET BROWN","22375",2011,12,6,25.5,4.25,3,"B",25,32,21,1.94591014905531,6,10,9,11,9
"AIRLINE BAG VINTAGE JET SET RED","22374",2011,10,79,335.75,4.25,22,"B",57,41,59,4.38202663467388,79,80,75,84,75
"AIRLINE BAG VINTAGE JET SET RED","22374",2011,11,63,265.35,4.23636363636364,22,"B",79,57,66.3333333333333,4.15888308335967,63,68,67,79,67
"AIRLINE BAG VINTAGE JET SET RED","22374",2011,12,7,33.79,5.058,5,"B",63,79,49.6666666666667,2.07944154167984,7,21,11,19,11
"AIRLINE BAG VINTAGE JET SET WHITE","22376",2011,10,38,161.5,4.25,14,"B",27,6,23.6666666666667,3.66356164612965,38,35,35,39,35
"AIRLINE BAG VINTAGE JET SET WHITE","22376",2011,11,25,109.09,4.59,11,"B",38,27,30,3.25809653802148,25,31,29,37,29
"AIRLINE BAG VINTAGE JET SET WHITE","22376",2011,12,7,29.75,4.25,3,"B",25,38,23.3333333333333,2.07944154167984,7,9,9,11,9
"AIRLINE BAG VINTAGE TOKYO 78","22371",2011,10,122,512.62,4.51592592592593,27,"A",73,51,82,4.81218435537242,122,117,116,125,116
"AIRLINE BAG VINTAGE TOKYO 78","22371",2011,11,134,591.02,4.62951219512195,40,"A",122,73,109.666666666667,4.90527477843843,134,139,134,149,134
"AIRLINE BAG VINTAGE TOKYO 78","22371",2011,12,37,165.91,4.63222222222222,9,"A",134,122,97.6666666666667,3.63758615972639,37,56,45,49,45
"AIRLINE BAG VINTAGE WORLD CHAMPION","22372",2011,10,28,119.44,4.7175,8,"B",29,13,23.3333333333333,3.36729582998647,28,26,25,28,25
"AIRLINE BAG VINTAGE WORLD CHAMPION","22372",2011,11,42,180.14,4.44684210526316,19,"B",28,29,33,3.76120011569356,42,43,41,45,41
"AIRLINE BAG VINTAGE WORLD CHAMPION","22372",2011,12,10,42.5,4.25,5,"B",42,28,26.6666666666667,2.39789527279837,10,14,14,17,14
"AIRLINE LOUNGE,METAL SIGN","82567",2011,10,31,58.99,1.953125,16,"B",52,57,46.6666666666667,3.46573590279973,31,45,37,54,37
"AIRLINE LOUNGE,METAL SIGN","82567",2011,11,68,131.52,2.00105263157895,19,"B",31,52,50.3333333333333,4.23410650459726,68,74,77,94,77
"AIRLINE LOUNGE,METAL SIGN","82567",2011,12,41,81.4,2.053,10,"B",68,31,46.6666666666667,3.73766961828337,41,44,43,44,43
"ALARM CLOCK BAKELIKE CHOCOLATE","22725",2011,10,356,1288.42,3.884,50,"A",164,108,209.333333333333,5.87773578177964,356,322,331,310,331
"ALARM CLOCK BAKELIKE CHOCOLATE","22725",2011,11,225,836.88,3.89408163265306,49,"A",356,164,248.333333333333,5.42053499927229,225,249,246,245,246
"ALARM CLOCK BAKELIKE CHOCOLATE","22725",2011,12,80,300,3.75,14,"A",225,356,220.333333333333,4.39444915467244,80,122,107,115,107
"ALARM CLOCK BAKELIKE GREEN","22726",2011,10,932,3344.35,3.83625,104,"A",615,600,715.666666666667,6.83840520084734,932,855,918,692,918
"ALARM CLOCK BAKELIKE GREEN","22726",2011,11,755,2839.77,3.85778625954198,129,"A",932,615,767.333333333333,6.62804137617953,755,872,778,706,778
"ALARM CLOCK BAKELIKE GREEN","22726",2011,12,301,1169.56,3.83431818181818,43,"A",755,932,662.666666666667,5.71042701737487,301,471,347,447,347
"ALARM CLOCK BAKELIKE IVORY","22730",2011,10,485,1809.63,3.74290909090909,55,"A",307,404,398.666666666667,6.18620862390049,485,492,496,455,496
"ALARM CLOCK BAKELIKE IVORY","22730",2011,11,403,1534.52,3.80871428571429,70,"A",485,307,398.333333333333,6.00141487796115,403,472,402,411,402
"ALARM CLOCK BAKELIKE IVORY","22730",2011,12,93,348.75,3.75,20,"A",403,485,327,4.54329478227,93,159,132,173,132
"ALARM CLOCK BAKELIKE ORANGE","22729",2011,10,131,458.96,3.94705882352941,16,"A",262,283,225.333333333333,4.88280192258637,131,142,127,137,127
"ALARM CLOCK BAKELIKE PINK","22728",2011,10,1054,3818.43,3.87814814814815,79,"A",437,825,772,6.96129604591017,1054,936,1028,846,1028
"ALARM CLOCK BAKELIKE PINK","22728",2011,11,507,1905.47,3.83145833333333,96,"A",1054,437,666,6.23048144757848,507,656,594,550,594
"ALARM CLOCK BAKELIKE PINK","22728",2011,12,203,758.09,3.86964285714286,28,"A",507,1054,588,5.31811999384422,203,357,330,351,330
"ALARM CLOCK BAKELIKE RED","22727",2011,10,1081,3841.46,3.77467391304348,92,"A",642,719,814,6.98656645940643,1081,1003,904,821,904
"ALARM CLOCK BAKELIKE RED","22727",2011,11,783,2908.22,3.79731343283582,132,"A",1081,642,835.333333333333,6.66440902035041,783,934,810,731,810
"ALARM CLOCK BAKELIKE RED","22727",2011,12,983,3193.89,3.80510638297872,46,"A",783,1081,949,6.89162589705225,983,715,690,736,690
"ALPHABET HEARTS STICKER SHEET","21723",2011,10,12,10.2,0.85,1,"C",12,25,16.3333333333333,2.56494935746154,12,10,11,7,11
"ALPHABET HEARTS STICKER SHEET","21723",2011,11,16,13.6,0.85,4,"C",12,12,13.3333333333333,2.83321334405622,16,17,18,26,18
"ALPHABET HEARTS STICKER SHEET","21723",2011,12,1,0.85,0.85,1,"C",16,12,9.66666666666667,0.693147180559945,1,3,2,4,2
"ALPHABET STENCIL CRAFT","22564",2011,10,92,105.88,1.23538461538462,13,"A",119,968,393,4.53259949315326,92,226,125,122,125
"ALPHABET STENCIL CRAFT","22564",2011,11,546,606.47,1.31375,32,"A",92,119,252.333333333333,6.30444880242198,546,470,584,463,584
"ALPHABET STENCIL CRAFT","22564",2011,12,55,71.17,1.40125,8,"A",546,92,231,4.02535169073515,55,87,68,79,68
"ALUMINIUM STAMPED HEART","23068",2011,10,104,234.36,2.45583333333333,11,"B",135,50,96.3333333333333,4.65396035015752,104,87,100,93,100
"ALUMINIUM STAMPED HEART","23068",2011,11,105,261.45,2.49,21,"B",104,135,114.666666666667,4.66343909411207,105,115,108,123,108
"ALUMINIUM STAMPED HEART","23068",2011,12,17,42.33,2.49,3,"B",105,104,75.3333333333333,2.89037175789616,17,16,13,18,13
"AMBER CHUNKY BEAD BRACELET W STRAP","90184A",2011,11,1,8.95,8.95,1,"C",2,5,2.66666666666667,0.693147180559945,1,2,1,2,1
"AMBER CHUNKY GLASS+BEAD NECKLACE","90178A",2011,10,1,11.95,11.95,1,"C",1,4,2,0.693147180559945,1,1,1,1,1
"AMBER DROP EARRINGS W LONG BEADS","90183A",2011,12,1,2.95,2.95,1,"C",1,18,6.66666666666667,0.693147180559945,1,2,2,3,2
"AMBER GLASS/SILVER BRACELET","90010E",2011,10,3,26.85,8.95,2,"C",2,3,2.66666666666667,1.38629436111989,3,3,3,3,3
"AMETHYST CHUNKY BEAD BRACELET W STR","90184B",2011,11,1,8.95,8.95,1,"C",7,2,3.33333333333333,0.693147180559945,1,2,1,2,1
"AMETHYST CHUNKY BEAD BRACELET W STR","90184B",2011,12,2,17.9,8.95,1,"C",1,7,3.33333333333333,1.09861228866811,2,2,2,2,2
"ANGEL DECORATION 3 BUTTONS","22154",2011,10,525,220.5,0.42,18,"B",374,243,380.666666666667,6.26530121273771,525,446,487,445,487
"ANGEL DECORATION 3 BUTTONS","22154",2011,11,1038,435.96,0.42,39,"B",525,374,645.666666666667,6.94601399109923,1038,882,1067,753,1067
"ANGEL DECORATION 3 BUTTONS","22154",2011,12,227,95.34,0.42,11,"B",1038,525,596.666666666667,5.42934562895444,227,291,266,306,266
"ANGEL DECORATION PAINTED ZINC","22337",2011,10,126,81.9,0.741666666666667,11,"C",32,288,148.666666666667,4.84418708645859,126,134,129,142,129
"ANGEL DECORATION PAINTED ZINC","22337",2011,11,109,70.85,0.65,8,"C",126,32,89,4.70048036579242,109,89,97,90,97
"ANGEL DECORATION PAINTED ZINC","22337",2011,12,4,2.6,0.65,1,"C",109,126,79.6666666666667,1.6094379124341,4,11,9,14,9
"ANGEL DECORATION STARS ON DRESS","22153",2011,10,477,197.46,0.416470588235294,16,"B",424,291,397.333333333333,6.16961073249146,477,440,444,456,444
"ANGEL DECORATION STARS ON DRESS","22153",2011,11,793,315.78,0.417857142857143,26,"B",477,424,564.666666666667,6.67708346124714,793,713,800,691,800
"ANGEL DECORATION STARS ON DRESS","22153",2011,12,218,91.56,0.42,10,"B",793,477,496,5.3890717298165,218,252,194,240,194
"ANIMAL STICKERS","16011",2011,10,119,24.99,0.21,4,"C",48,192,119.666666666667,4.78749174278205,119,111,118,114,118
"ANIMAL STICKERS","16011",2011,11,359,75.39,0.21,10,"C",119,48,175.333333333333,5.88610403145016,359,323,381,388,381
"ANIMAL STICKERS","16011",2011,12,25,5.25,0.21,1,"C",359,119,167.666666666667,3.25809653802148,25,54,61,30,61
"ANT COPPER LIME BOUDICCA BRACELET","90161C",2011,10,9,44.55,4.95,3,"C",9,1,6.33333333333333,2.30258509299405,9,7,8,7,8
"ANT COPPER LIME BOUDICCA BRACELET","90161C",2011,11,13,64.35,4.95,3,"C",9,9,10.3333333333333,2.63905732961526,13,11,11,8,11
"ANT COPPER LIME BOUDICCA BRACELET","90161C",2011,12,5,24.75,4.95,2,"C",13,9,9,1.79175946922805,5,6,5,5,5
"ANT COPPER PINK BOUDICCA BRACELET","90161D",2011,10,8,39.6,4.95,1,"C",6,2,5.33333333333333,2.19722457733622,8,5,6,4,6
"ANT COPPER PINK BOUDICCA BRACELET","90161D",2011,12,8,39.6,4.95,3,"C",8,6,7.33333333333333,2.19722457733622,8,8,8,7,8
"ANT COPPER RED BOUDICCA BRACELET","90161A",2011,10,1,4.95,4.95,1,"C",3,1,1.66666666666667,0.693147180559945,1,1,1,2,1
"ANT COPPER RED BOUDICCA BRACELET","90161A",2011,11,1,4.95,4.95,1,"C",1,3,1.66666666666667,0.693147180559945,1,1,1,2,1
"ANT COPPER RED BOUDICCA BRACELET","90161A",2011,12,2,9.9,4.95,1,"C",1,1,1.33333333333333,1.09861228866811,2,2,2,1,2
"ANT COPPER TURQ BOUDICCA BRACELET","90161B",2011,10,7,34.65,4.95,1,"C",12,2,7,2.07944154167984,7,5,6,4,6
"ANT COPPER TURQ BOUDICCA BRACELET","90161B",2011,11,10,49.5,4.95,2,"C",7,12,9.66666666666667,2.39789527279837,10,8,9,7,9
"ANT COPPER TURQ BOUDICCA BRACELET","90161B",2011,12,5,24.75,4.95,2,"C",10,7,7.33333333333333,1.79175946922805,5,4,4,4,4
"ANT SILVER FUSCHIA BOUDICCA RING","90162C",2011,10,4,11.8,2.95,2,"C",3,3,3.33333333333333,1.6094379124341,4,4,4,4,4
"ANT SILVER LIME GREEN BOUDICCA RING","90162B",2011,10,4,11.8,2.95,2,"C",1,4,3,1.6094379124341,4,4,4,4,4
"ANT SILVER LIME GREEN BOUDICCA RING","90162B",2011,11,12,35.4,2.95,2,"C",4,1,5.66666666666667,2.56494935746154,12,11,12,8,12
"ANT SILVER PURPLE BOUDICCA RING","90162D",2011,10,4,11.8,2.95,2,"C",3,3,3.33333333333333,1.6094379124341,4,4,4,4,4
"ANT WHITE WIRE HEART SPIRAL","84884A",2011,10,7,36.33,5.035,4,"B",9,28,14.6666666666667,2.07944154167984,7,10,8,10,8
"ANT WHITE WIRE HEART SPIRAL","84884A",2011,11,9,44.23,4.67333333333333,6,"B",7,9,8.33333333333333,2.30258509299405,9,10,8,11,8
"ANT WHITE WIRE HEART SPIRAL","84884A",2011,12,10,19.5,1.95,1,"B",9,7,8.66666666666667,2.39789527279837,10,6,7,5,7
"ANTIQUE ALL GLASS CANDLESTICK","21012",2011,10,51,102.18,2.06583333333333,12,"B",46,58,51.6666666666667,3.95124371858143,51,56,53,65,53
"ANTIQUE ALL GLASS CANDLESTICK","21012",2011,11,124,260.4,2.1,22,"B",51,46,73.6666666666667,4.8283137373023,124,118,121,113,121
"ANTIQUE ALL GLASS CANDLESTICK","21012",2011,12,119,223.66,2.074375,15,"B",124,51,98,4.78749174278205,119,117,120,115,120
"ANTIQUE CREAM CUTLERY CUPBOARD","21270",2011,10,1,12.75,12.75,1,"C",3,2,2,0.693147180559945,1,1,1,1,1
"ANTIQUE CREAM CUTLERY CUPBOARD","21270",2011,11,1,12.75,12.75,1,"C",1,3,1.66666666666667,0.693147180559945,1,1,1,1,1
"ANTIQUE CREAM CUTLERY CUPBOARD","21270",2011,12,1,12.75,12.75,1,"C",1,1,1,0.693147180559945,1,1,1,1,1
"ANTIQUE CREAM CUTLERY SHELF","21269",2011,10,4,34,8.5,3,"C",4,2,3.33333333333333,1.6094379124341,4,5,4,4,4
"ANTIQUE CREAM CUTLERY SHELF","21269",2011,11,1,8.5,8.5,1,"C",4,4,3,0.693147180559945,1,2,1,2,1
"ANTIQUE GLASS DRESSING TABLE POT","22798",2011,10,256,697.6,2.9,24,"A",132,117,168.333333333333,5.54907608489522,256,249,262,245,262
"ANTIQUE GLASS DRESSING TABLE POT","22798",2011,11,123,355.37,3.214,20,"A",256,132,170.333333333333,4.82028156560504,123,142,123,140,123
"ANTIQUE GLASS DRESSING TABLE POT","22798",2011,12,177,505.79,3.15333333333333,12,"A",123,256,185.333333333333,5.18178355029209,177,131,134,116,134
"ANTIQUE GLASS PEDESTAL BOWL","22801",2011,10,136,475.44,3.69,17,"A",27,72,78.3333333333333,4.91998092582813,136,119,141,113,141
"ANTIQUE GLASS PEDESTAL BOWL","22801",2011,11,120,437.87,3.865,25,"A",136,27,94.3333333333333,4.79579054559674,120,120,105,111,105
"ANTIQUE GLASS PEDESTAL BOWL","22801",2011,12,43,157.15,4.24833333333333,6,"A",120,136,99.6666666666667,3.78418963391826,43,46,37,44,37
"ANTIQUE GLASS PLACE SETTING","21145",2011,11,10,12.5,1.25,1,"C",36,16,20.6666666666667,2.39789527279837,10,8,6,6,6
"ANTIQUE HEART SHELF UNIT","23486",2011,12,158,2135.7,16.1785714285714,7,"A",72,37,89,5.06890420222023,158,89,96,63,96
"ANTIQUE IVORY WIRE BOWL SMALL","23149",2011,10,9,22.41,2.49,3,"C",6,12,9,2.30258509299405,9,9,10,10,10
"ANTIQUE IVORY WIRE BOWL SMALL","23149",2011,11,9,22.41,2.49,2,"C",9,6,8,2.30258509299405,9,8,8,7,8
"ANTIQUE OLIVE GREEN FLOWER EARRINGS","90001D",2011,10,1,4.25,4.25,1,"C",2,2,1.66666666666667,0.693147180559945,1,1,1,2,1
"ANTIQUE SILVER BAUBLE LAMP","23085",2011,10,72,697.2,10.1952380952381,18,"A",119,13,68,4.29045944114839,72,65,69,54,69
"ANTIQUE SILVER BAUBLE LAMP","23085",2011,11,115,1105.7,10.1611111111111,26,"A",72,119,102,4.75359019110636,115,114,117,111,117
"ANTIQUE SILVER BAUBLE LAMP","23085",2011,12,36,322.8,9.8625,7,"A",115,72,74.3333333333333,3.61091791264422,36,35,24,26,24
"ANTIQUE SILVER T-LIGHT GLASS","84946",2011,10,1625,1919.53,1.231,89,"A",1292,1470,1462.33333333333,7.39387829010776,1625,1433,1562,1364,1562
"ANTIQUE SILVER T-LIGHT GLASS","84946",2011,11,2888,3491.08,1.26950354609929,140,"A",1625,1292,1935,7.96866570046623,2888,2395,2231,2633,2231
"ANTIQUE SILVER T-LIGHT GLASS","84946",2011,12,583,709.86,1.27305555555556,36,"A",2888,1625,1698.66666666667,6.36990098282823,583,1346,1299,1072,1299
"ANTIQUE SILVER TEA GLASS ENGRAVED","84947",2011,10,602,712.81,1.31833333333333,42,"A",1624,540,922,6.40191719672719,602,627,594,731,594
"ANTIQUE SILVER TEA GLASS ENGRAVED","84947",2011,11,1214,1371.86,1.26651162790698,41,"A",602,1624,1146.66666666667,7.10249935577465,1214,1138,1197,1045,1197
"ANTIQUE SILVER TEA GLASS ENGRAVED","84947",2011,12,565,642.69,1.26130434782609,23,"A",1214,602,793.666666666667,6.33859407820318,565,702,606,605,606
"ANTIQUE TALL SWIRLGLASS TRINKET POT","22800",2011,10,58,219.77,3.94705882352941,17,"A",49,31,46,4.07753744390572,58,61,55,59,55
"ANTIQUE TALL SWIRLGLASS TRINKET POT","22800",2011,11,74,281.21,3.96823529411765,17,"A",58,49,60.3333333333333,4.31748811353631,74,77,71,76,71
"ANTIQUE TALL SWIRLGLASS TRINKET POT","22800",2011,12,21,78.75,3.75,6,"A",74,58,51,3.09104245335832,21,25,24,29,24
"APOTHECARY MEASURING JAR","23017",2011,10,10,116.9,12.05,3,"B",16,6,10.6666666666667,2.39789527279837,10,8,9,7,9
"APOTHECARY MEASURING JAR","23017",2011,11,11,129.4,12.1625,4,"B",10,16,12.3333333333333,2.484906649788,11,10,10,9,10
"APPLE BATH SPONGE","20963",2011,10,76,102.26,1.42285714285714,14,"B",78,56,70,4.34380542185368,76,76,81,93,81
"APPLE BATH SPONGE","20963",2011,11,254,329.6,1.43615384615385,25,"B",76,78,136,5.54126354515843,254,232,229,254,229
"APPLE BATH SPONGE","20963",2011,12,53,68.67,1.492,5,"B",254,76,127.666666666667,3.98898404656427,53,54,40,50,40
"AQUA BERTIE GLASS BEAD BAG CHARM","90125B",2011,12,6,12.6,2.1,1,"C",1,12,6.33333333333333,1.94591014905531,6,5,5,4,5
"AREA PATROLLED METAL SIGN","82582",2011,10,421,832.13,2.13555555555556,36,"A",535,415,457,6.04500531403601,421,437,399,424,399
"AREA PATROLLED METAL SIGN","82582",2011,11,562,1112.26,2.1847619047619,42,"A",421,535,506,6.33327962813969,562,540,566,568,566
"AREA PATROLLED METAL SIGN","82582",2011,12,198,397.8,2.08611111111111,18,"A",562,421,393.666666666667,5.29330482472449,198,241,176,260,176
"ARMY CAMO BOOKCOVER TAPE","10124G",2011,11,4,1.68,0.42,1,"C",4,4,4,1.6094379124341,4,3,3,3,3
"ART LIGHTS,FUNK MONKEY","79302M",2011,10,49,130.95,2.81666666666667,6,"B",67,3,39.6666666666667,3.91202300542815,49,35,43,37,43
"ART LIGHTS,FUNK MONKEY","79302M",2011,11,66,173.9,2.79,5,"B",49,67,60.6666666666667,4.20469261939097,66,54,57,44,57
"ART LIGHTS,FUNK MONKEY","79302M",2011,12,30,80.5,2.85,4,"B",66,49,48.3333333333333,3.43398720448515,30,31,25,30,25
"ASS COLOUR GLOWING TIARAS","84051",2011,10,24,20.4,0.85,4,"C",138,2,54.6666666666667,3.2188758248682,24,34,28,48,28
"ASS COLOUR GLOWING TIARAS","84051",2011,11,15,12.75,0.85,3,"C",24,138,59,2.77258872223978,15,23,18,24,18
"ASS COLOUR GLOWING TIARAS","84051",2011,12,24,20.4,0.85,3,"C",15,24,21,3.2188758248682,24,23,23,24,23
"ASS DES PHONE SPONGE CRAFT STICKER","84827",2011,10,14,9.1,0.65,2,"C",60,1,25,2.70805020110221,14,15,13,14,13
"ASS DES PHONE SPONGE CRAFT STICKER","84827",2011,12,71,6.39,0.09,2,"C",14,60,48.3333333333333,4.27666611901606,71,51,69,59,69
"ASS FLORAL PRINT MULTI SCREWDRIVER","47503A",2011,10,438,183.96,0.42,25,"B",446,513,465.666666666667,6.08449941307517,438,424,407,421,407
"ASS FLORAL PRINT MULTI SCREWDRIVER","47503A",2011,11,391,164.22,0.42,39,"B",438,446,425,5.97126183979046,391,415,426,414,426
"ASS FLORAL PRINT SPIRIT LEVEL","47503H",2011,10,43,33.97,0.79,7,"C",9,2,18,3.78418963391826,43,40,46,51,46
"ASS FLORAL PRINT SPIRIT LEVEL","47503H",2011,11,23,18.17,0.79,6,"C",43,9,25,3.17805383034795,23,28,25,33,25
"ASS FLORAL PRINT SPIRIT LEVEL","47503H",2011,12,1,0.79,0.79,1,"C",23,43,22.3333333333333,0.693147180559945,1,7,3,7,3
"ASSORTED BOTTLE TOP  MAGNETS","22915",2011,10,178,74.76,0.42,11,"B",73,315,188.666666666667,5.18738580584075,178,165,170,174,170
"ASSORTED BOTTLE TOP  MAGNETS","22915",2011,11,195,81.9,0.42,13,"B",178,73,148.666666666667,5.27811465923052,195,190,192,190,192
"ASSORTED BOTTLE TOP  MAGNETS","22915",2011,12,492,110.04,0.251333333333333,15,"B",195,178,288.333333333333,6.20050917404269,492,415,463,489,463
"ASSORTED CAKES FRIDGE MAGNETS","85216",2011,10,6,3.9,0.65,1,"C",12,6,8,1.94591014905531,6,6,6,5,6
"ASSORTED CAKES FRIDGE MAGNETS","85216",2011,11,1,0.65,0.65,1,"C",6,12,6.33333333333333,0.693147180559945,1,3,2,3,2
"ASSORTED CIRCULAR MOBILE","44234",2011,11,37,7.77,0.21,3,"C",19,48,34.6666666666667,3.63758615972639,37,36,36,48,36
"ASSORTED CIRCULAR MOBILE","44234",2011,12,4,0.84,0.21,3,"C",37,19,20,1.6094379124341,4,13,8,20,8
"ASSORTED COLOUR BIRD ORNAMENT","84879",2011,10,2647,4358.23,1.685,141,"A",3016,6417,4026.66666666667,7.8815599170569,2647,3402,3642,2908,3642
"ASSORTED COLOUR BIRD ORNAMENT","84879",2011,11,5155,8193.55,1.68168316831683,200,"A",2647,3016,3606,8.54791636405908,5155,3897,3831,3194,3831
"ASSORTED COLOUR BIRD ORNAMENT","84879",2011,12,1274,1999.46,1.66714285714286,42,"A",5155,2647,3025.33333333333,7.15070145759253,1274,2358,2335,2364,2335
"ASSORTED COLOUR LIZARD SUCTION HOOK","47421",2011,10,113,47.46,0.42,9,"C",89,14,72,4.7361984483945,113,99,102,104,102
"ASSORTED COLOUR LIZARD SUCTION HOOK","47421",2011,11,190,72.6,0.414,8,"C",113,89,130.666666666667,5.25227342804663,190,179,181,167,181
"ASSORTED COLOUR LIZARD SUCTION HOOK","47421",2011,12,26,10.92,0.42,2,"C",190,113,109.666666666667,3.29583686600433,26,28,28,20,28
"ASSORTED COLOUR METAL CAT","84192",2011,10,6,7.5,1.25,2,"C",1,9,5.33333333333333,1.94591014905531,6,6,5,6,5
"ASSORTED COLOUR METAL CAT","84192",2011,11,27,33.75,1.25,5,"C",6,1,11.3333333333333,3.3322045101752,27,23,27,34,27
"ASSORTED COLOUR METAL CAT","84192",2011,12,5,6.25,1.25,2,"C",27,6,12.6666666666667,1.79175946922805,5,6,4,7,4
"ASSORTED COLOUR MINI CASES","20749",2011,10,126,905.7,7.72931034482759,29,"A",148,121,131.666666666667,4.84418708645859,126,136,125,137,125
"ASSORTED COLOUR MINI CASES","20749",2011,11,277,1917.11,7.90245283018868,53,"A",126,148,183.666666666667,5.62762111369064,277,257,313,246,313
"ASSORTED COLOUR MINI CASES","20749",2011,12,148,975,7.51363636363636,11,"A",277,126,183.666666666667,5.00394630594546,148,121,100,105,100
"ASSORTED COLOUR SUCTION CUP HOOK","47420",2011,11,4,0.76,0.19,2,"C",41,24,23,1.6094379124341,4,13,10,21,10
"ASSORTED COLOUR SUCTION CUP HOOK","47420",2011,12,1,0.19,0.19,1,"C",4,41,15.3333333333333,0.693147180559945,1,7,4,7,4
"ASSORTED COLOUR T-LIGHT HOLDER","84950",2011,10,192,121.2,0.6375,8,"B",204,102,166,5.26269018890489,192,160,172,145,172
"ASSORTED COLOUR T-LIGHT HOLDER","84950",2011,11,198,141.84,0.786875,16,"B",192,204,198,5.29330482472449,198,201,192,199,192
"ASSORTED COLOUR T-LIGHT HOLDER","84950",2011,12,78,55.08,0.796,5,"B",198,192,156,4.36944785246702,78,83,75,89,75
"ASSORTED COLOURED CIRCLE MOBILE","44235",2011,11,8,3.36,0.42,2,"C",5,48,20.3333333333333,2.19722457733622,8,9,7,10,7
"ASSORTED COLOURED CIRCLE MOBILE","44235",2011,12,3,1.26,0.42,2,"C",8,5,5.33333333333333,1.38629436111989,3,4,4,6,4
"ASSORTED COLOURS SILK FAN","15036",2011,10,1212,939.96,0.825416666666667,24,"A",444,1212,956,7.10085190894405,1212,928,892,817,892
"ASSORTED COLOURS SILK FAN","15036",2011,11,564,468.12,0.83,26,"A",1212,444,740,6.33682573114644,564,669,512,658,512
"ASSORTED COLOURS SILK FAN","15036",2011,12,48,39.84,0.83,2,"A",564,1212,608,3.89182029811063,48,69,66,64,66
"ASSORTED CREEPY CRAWLIES","21830",2011,10,100,43.64,0.625,6,"B",192,264,185.333333333333,4.61512051684126,100,101,87,104,87
"ASSORTED CREEPY CRAWLIES","21830",2011,11,1,0.83,0.83,1,"B",100,192,97.6666666666667,0.693147180559945,1,8,8,10,8
"ASSORTED EASTER DECORATIONS  BELLS","22856",2011,11,26,32.5,1.25,2,"C",22,6,18,3.29583686600433,26,22,21,17,21
"ASSORTED EASTER GIFT TAGS","22857",2011,10,12,10.2,0.85,1,"B",12,89,37.6666666666667,2.56494935746154,12,10,9,9,9
"ASSORTED FLOWER COLOUR ""LEIS""","84212",2011,10,534,236.7,0.573333333333333,3,"A",1512,612,886,6.28226674689601,534,104,118,91,118
"ASSORTED FLOWER COLOUR ""LEIS""","84212",2011,11,563,255.55,0.611666666666667,6,"A",534,1512,869.666666666667,6.33505425149806,563,337,239,199,239
"ASSORTED FLOWER COLOUR ""LEIS""","84212",2011,12,48,31.2,0.65,1,"A",563,534,381.666666666667,3.89182029811063,48,20,26,19,26
"ASSORTED INCENSE PACK","17084R",2011,10,216,41.76,0.193333333333333,3,"B",504,216,312,5.37989735354046,216,167,145,168,145
"ASSORTED INCENSE PACK","17084R",2011,11,216,45.36,0.21,2,"B",216,504,312,5.37989735354046,216,85,145,112,145
"ASSORTED INCENSE PACK","17084R",2011,12,72,15.12,0.21,1,"B",216,216,168,4.29045944114839,72,66,72,48,72
"ASSORTED MINI MADRAS NOTEBOOK","21634",2011,10,48,18.72,0.39,1,"C",24,24,32,3.89182029811063,48,27,46,26,46
"ASSORTED MONKEY SUCTION CUP HOOK","47422",2011,10,43,18.06,0.42,4,"C",127,56,75.3333333333333,3.78418963391826,43,54,42,49,42
"ASSORTED MONKEY SUCTION CUP HOOK","47422",2011,11,48,20.16,0.42,6,"C",43,127,72.6666666666667,3.89182029811063,48,55,47,58,47
"ASSORTED MONKEY SUCTION CUP HOOK","47422",2011,12,1,0.42,0.42,1,"C",48,43,30.6666666666667,0.693147180559945,1,5,6,8,6
"ASSORTED SANSKRIT MINI NOTEBOOK","21637",2011,10,1,1.25,1.25,1,"C",18,18,12.3333333333333,0.693147180559945,1,4,4,4,4
"ASSORTED SHAPES PHOTO CLIP SILVER","47469",2011,10,1,0.65,0.65,1,"C",12,2,5,0.693147180559945,1,2,2,3,2
"ASSORTED SHAPES PHOTO CLIP SILVER","47469",2011,11,28,18.2,0.65,3,"C",1,12,13.6666666666667,3.36729582998647,28,25,29,29,29
"ASSORTED SHAPES PHOTO CLIP SILVER","47469",2011,12,2,1.3,0.65,1,"C",28,1,10.3333333333333,1.09861228866811,2,4,3,4,3
"ASSORTED TUTTI FRUTTI  FOB NOTEBOOK","21640",2011,10,163,126.07,0.83375,7,"C",5,24,64,5.0998664278242,163,139,175,199,175
"ASSORTED TUTTI FRUTTI  FOB NOTEBOOK","21640",2011,11,93,79.05,0.85,10,"C",163,5,87,4.54329478227,93,84,90,93,90
"ASSORTED TUTTI FRUTTI  FOB NOTEBOOK","21640",2011,12,30,25.5,0.85,4,"C",93,163,95.3333333333333,3.43398720448515,30,40,33,37,33
"ASSORTED TUTTI FRUTTI BRACELET","21650",2011,10,284,53.96,0.19,7,"C",224,467,325,5.65248918026865,284,217,236,235,236
"ASSORTED TUTTI FRUTTI BRACELET","21650",2011,11,269,51.11,0.19,11,"C",284,224,259,5.59842195899838,269,274,244,291,244
"ASSORTED TUTTI FRUTTI BRACELET","21650",2011,12,24,4.56,0.19,1,"C",269,284,192.333333333333,3.2188758248682,24,51,47,34,47
"ASSORTED TUTTI FRUTTI HEART BOX","21644",2011,10,4,5,1.25,2,"C",6,6,5.33333333333333,1.6094379124341,4,5,5,6,5
"ASSORTED TUTTI FRUTTI HEART BOX","21644",2011,11,18,22.5,1.25,3,"C",4,6,9.33333333333333,2.94443897916644,18,16,17,19,17
"ASSORTED TUTTI FRUTTI LARGE PURSE","21647",2011,10,1,2.1,2.1,1,"C",18,18,12.3333333333333,0.693147180559945,1,4,4,4,4
"ASSORTED TUTTI FRUTTI LARGE PURSE","21647",2011,11,8,16.8,2.1,3,"C",1,18,9,2.19722457733622,8,6,7,8,7
"ASSORTED TUTTI FRUTTI MIRROR","21643",2011,10,14,17.5,1.25,2,"C",42,93,49.6666666666667,2.70805020110221,14,13,9,13,9
"ASSORTED TUTTI FRUTTI MIRROR","21643",2011,11,106,118.82,1.18666666666667,3,"C",14,42,54,4.67282883446191,106,76,105,81,105
"ASSORTED TUTTI FRUTTI NOTEBOOK","21638",2011,10,8,16.8,2.1,2,"C",60,14,27.3333333333333,2.19722457733622,8,9,7,8,7
"ASSORTED TUTTI FRUTTI NOTEBOOK","21638",2011,11,58,121.8,2.1,9,"C",8,60,42,4.07753744390572,58,49,55,49,55
"ASSORTED TUTTI FRUTTI NOTEBOOK","21638",2011,12,3,6.3,2.1,2,"C",58,8,23,1.38629436111989,3,8,7,8,7
"ASSORTED TUTTI FRUTTI PEN","21642",2011,10,667,193.43,0.29,18,"B",240,168,358.333333333333,6.50428817353665,667,574,703,531,703
"ASSORTED TUTTI FRUTTI PEN","21642",2011,11,457,132.53,0.29,27,"B",667,240,454.666666666667,6.12686918411419,457,462,473,495,473
"ASSORTED TUTTI FRUTTI PEN","21642",2011,12,14,4.06,0.29,3,"B",457,667,379.333333333333,2.70805020110221,14,87,52,90,52
"ASSORTED TUTTI FRUTTI SMALL PURSE","21648",2011,10,169,211.25,1.25,7,"B",76,30,91.6666666666667,5.13579843705026,169,114,142,111,142
"ASSORTED TUTTI FRUTTI SMALL PURSE","21648",2011,11,79,98.75,1.25,4,"B",169,76,108,4.38202663467388,79,53,48,40,48
"ASSTD COL BUTTERFLY/CRYSTAL W/CHIME","75178",2011,10,10,12.5,1.25,1,"C",147,4,53.6666666666667,2.39789527279837,10,10,11,10,11
"ASSTD COL BUTTERFLY/CRYSTAL W/CHIME","75178",2011,12,1,1.25,1.25,1,"C",10,147,52.6666666666667,0.693147180559945,1,8,5,5,5
"ASSTD DESIGN 3D PAPER STICKERS","84826",2011,10,9,7.65,0.85,2,"C",72,2,27.6666666666667,2.30258509299405,9,12,9,13,9
"ASSTD DESIGN 3D PAPER STICKERS","84826",2011,11,11,9.35,0.85,3,"C",9,72,30.6666666666667,2.484906649788,11,15,11,19,11
"ASSTD DESIGN 3D PAPER STICKERS","84826",2011,12,92,17.48,0.19,2,"C",11,9,37.3333333333333,4.53259949315326,92,65,131,122,131
"ASSTD DESIGN RACING CAR PEN","11001",2011,10,112,208.48,2.22333333333333,11,"B",79,498,229.666666666667,4.72738781871234,112,122,91,109,91
"ASSTD DESIGN RACING CAR PEN","11001",2011,11,101,175.49,1.91857142857143,7,"B",112,79,97.3333333333333,4.62497281328427,101,80,78,71,78
"ASSTD DESIGN RACING CAR PEN","11001",2011,12,20,38.6,2.22333333333333,3,"B",101,112,77.6666666666667,3.04452243772342,20,24,16,20,16
"ASSTD FRUIT+FLOWERS FRIDGE MAGNETS","84929",2011,10,144,27.36,0.19,6,"C",144,780,356,4.97673374242057,144,181,123,134,123
"ASSTD FRUIT+FLOWERS FRIDGE MAGNETS","84929",2011,11,126,23.94,0.19,7,"C",144,144,138,4.84418708645859,126,122,118,131,118
"ASSTD MULTICOLOUR CIRCLES MUG","37327",2011,10,6,2.34,0.39,1,"C",120,192,106,1.94591014905531,6,16,12,14,12
"ASSTD MULTICOLOUR CIRCLES MUG","37327",2011,11,16,6.24,0.39,1,"C",6,120,47.3333333333333,2.83321334405622,16,10,9,10,9
"BABUSHKA LIGHTS STRING OF 10","22468",2011,10,46,305.84,7.16,14,"A",42,9,32.3333333333333,3.85014760171006,46,43,48,41,48
"BABUSHKA LIGHTS STRING OF 10","22468",2011,11,80,509.6,6.63571428571429,14,"A",46,42,56,4.39444915467244,80,67,71,62,71
"BABUSHKA LIGHTS STRING OF 10","22468",2011,12,6,40.5,6.75,2,"A",80,46,44,1.94591014905531,6,7,6,10,6
"BABY MOUSE RED GINGHAM DRESS","21841",2011,10,39,165.75,4.25,5,"C",12,1,17.3333333333333,3.68887945411394,39,31,38,28,38
"BABY MOUSE RED GINGHAM DRESS","21841",2011,11,15,63.75,4.25,8,"C",39,12,22,2.77258872223978,15,22,16,23,16
"BAG 125g SWIRLY MARBLES","21703",2011,10,448,183.63,0.448148148148148,26,"A",1622,503,857.666666666667,6.10702288774225,448,635,605,645,605
"BAG 125g SWIRLY MARBLES","21703",2011,11,1672,571.39,0.432708333333333,47,"A",448,1622,1247.33333333333,7.42237370098682,1672,1374,1655,1241,1655
"BAG 125g SWIRLY MARBLES","21703",2011,12,129,54.59,0.449285714285714,14,"A",1672,448,749.666666666667,4.86753445045558,129,477,414,532,414
"BAG 250g SWIRLY MARBLES","21704",2011,10,565,453.73,0.898148148148148,27,"A",396,305,422,6.33859407820318,565,528,567,517,567
"BAG 250g SWIRLY MARBLES","21704",2011,11,714,579.6,0.900555555555556,53,"A",565,396,558.333333333333,6.57228254269401,714,642,690,647,690
"BAG 250g SWIRLY MARBLES","21704",2011,12,62,55.04,0.936666666666667,9,"A",714,565,447,4.14313472639153,62,247,198,188,198
"BAG 500g SWIRLY MARBLES","21705",2011,10,83,154.99,2.11857142857143,14,"B",51,93,75.6666666666667,4.43081679884331,83,84,78,82,78
"BAG 500g SWIRLY MARBLES","21705",2011,11,129,219.41,1.855,24,"B",83,51,87.6666666666667,4.86753445045558,129,131,130,146,130
"BAG 500g SWIRLY MARBLES","21705",2011,12,796,325.56,0.447272727272727,22,"B",129,83,336,6.68085467879022,796,659,843,690,843
"BAKING MOULD CHOCOLATE CUPCAKES","22937",2011,10,57,174.27,2.92076923076923,12,"B",44,28,43,4.06044301054642,57,58,56,57,56
"BAKING MOULD CHOCOLATE CUPCAKES","22937",2011,11,8,22.81,3.35333333333333,3,"B",57,44,36.3333333333333,2.19722457733622,8,14,11,13,11
"BAKING MOULD CHOCOLATE CUPCAKES","22937",2011,12,13,35.56,3.755,2,"B",8,57,26,2.63905732961526,13,8,9,7,9
"BAKING MOULD EASTER EGG MILK CHOC","22933",2011,10,2,5.9,2.95,2,"B",1,3,2,1.09861228866811,2,3,2,3,2
"BAKING MOULD EASTER EGG MILK CHOC","22933",2011,11,1,2.95,2.95,1,"B",2,1,1.33333333333333,0.693147180559945,1,1,1,1,1
"BAKING MOULD EASTER EGG MILK CHOC","22933",2011,12,1,2.95,2.95,1,"B",1,2,1.33333333333333,0.693147180559945,1,1,1,1,1
"BAKING MOULD EASTER EGG WHITE CHOC","22934",2011,10,1,2.95,2.95,1,"B",7,6,4.66666666666667,0.693147180559945,1,2,2,2,2
"BAKING MOULD HEART MILK CHOCOLATE","22930",2011,10,59,154.26,2.796,10,"B",44,44,49,4.0943445622221,59,56,57,59,57
"BAKING MOULD HEART MILK CHOCOLATE","22930",2011,11,83,216.46,2.77363636363636,11,"B",59,44,62,4.43081679884331,83,79,72,74,72
"BAKING MOULD HEART MILK CHOCOLATE","22930",2011,12,11,28.05,2.55,4,"B",83,59,51,2.484906649788,11,24,18,25,18
"BAKING MOULD HEART WHITE CHOCOLATE","22931",2011,10,21,53.55,2.55,6,"B",13,9,14.3333333333333,3.09104245335832,21,20,19,21,19
"BAKING MOULD HEART WHITE CHOCOLATE","22931",2011,11,13,35.56,2.89428571428571,7,"B",21,13,15.6666666666667,2.63905732961526,13,20,13,20,13
"BAKING MOULD HEART WHITE CHOCOLATE","22931",2011,12,15,38.25,2.55,3,"B",13,21,16.3333333333333,2.77258872223978,15,13,12,12,12
"BAKING MOULD ROSE MILK CHOCOLATE","22935",2011,10,5,15.25,3.08333333333333,3,"B",7,12,8,1.79175946922805,5,6,7,7,7
"BAKING MOULD ROSE MILK CHOCOLATE","22935",2011,11,8,26,3.25,2,"B",5,7,6.66666666666667,2.19722457733622,8,7,8,8,8
"BAKING MOULD ROSE MILK CHOCOLATE","22935",2011,12,4,13,3.25,1,"B",8,5,5.66666666666667,1.6094379124341,4,4,2,3,2
"BAKING MOULD ROSE WHITE CHOCOLATE","22936",2011,10,10,32.5,3.25,4,"B",6,27,14.3333333333333,2.39789527279837,10,12,11,12,11
"BAKING MOULD ROSE WHITE CHOCOLATE","22936",2011,11,1,6.63,6.63,1,"B",10,6,5.66666666666667,0.693147180559945,1,2,2,2,2
"BAKING MOULD ROSE WHITE CHOCOLATE","22936",2011,12,4,13,3.25,1,"B",1,10,5,1.6094379124341,4,3,3,3,3
"BAKING MOULD TOFFEE CUP CHOCOLATE","22932",2011,10,11,28.05,2.55,4,"B",20,29,20,2.484906649788,11,14,12,15,12
"BAKING MOULD TOFFEE CUP CHOCOLATE","22932",2011,11,5,12.75,2.55,4,"B",11,20,12,1.79175946922805,5,10,7,12,7
"BAKING MOULD TOFFEE CUP CHOCOLATE","22932",2011,12,16,40.8,2.55,3,"B",5,11,10.6666666666667,2.83321334405622,16,14,15,14,15
"BAKING SET 9 PIECE RETROSPOT","22138",2011,10,606,2969.7,5.10395348837209,129,"A",780,232,539.333333333333,6.4085287910595,606,588,593,535,593
"BAKING SET 9 PIECE RETROSPOT","22138",2011,11,1101,5293.75,5.02711340206186,191,"A",606,780,829,7.00488198971286,1101,993,1114,878,1114
"BAKING SET 9 PIECE RETROSPOT","22138",2011,12,265,1240.15,5.03216216216216,37,"A",1101,606,657.333333333333,5.5834963087817,265,485,372,386,372
"BAKING SET SPACEBOY DESIGN","22617",2011,10,195,977.65,5.25581818181818,55,"A",131,127,151,5.27811465923052,195,202,205,211,205
"BAKING SET SPACEBOY DESIGN","22617",2011,11,661,3060.15,5.17279069767442,85,"A",195,131,329,6.49526555593701,661,617,726,486,726
"BAKING SET SPACEBOY DESIGN","22617",2011,12,99,502.45,5.207,18,"A",661,195,318.333333333333,4.60517018598809,99,194,162,177,162
"BALLOON ART MAKE YOUR OWN FLOWERS","22438",2011,10,13,25.35,1.95,2,"B",1,10,8,2.63905732961526,13,9,11,10,11
"BALLOON ART MAKE YOUR OWN FLOWERS","22438",2011,11,38,74.1,1.95,11,"B",13,1,17.3333333333333,3.66356164612965,38,36,41,57,41
"BALLOON ART MAKE YOUR OWN FLOWERS","22438",2011,12,595,232.05,0.39,18,"B",38,13,215.333333333333,6.39024066706535,595,524,621,829,621
"BALLOON PUMP WITH 10 BALLOONS","22434",2011,10,84,163.8,1.95,13,"B",44,28,52,4.44265125649032,84,78,86,80,86
"BALLOON PUMP WITH 10 BALLOONS","22434",2011,11,58,113.1,1.95,14,"B",84,44,62,4.07753744390572,58,67,55,76,55
"BALLOON PUMP WITH 10 BALLOONS","22434",2011,12,24,48.98,2.19222222222222,9,"B",58,84,55.3333333333333,3.2188758248682,24,41,35,42,35
"BALLOON WATER BOMB PACK OF 35","22440",2011,10,126,51.12,0.4125,7,"B",79,101,102,4.84418708645859,126,132,136,160,136
"BALLOON WATER BOMB PACK OF 35","22440",2011,11,296,124.32,0.42,16,"B",126,79,167,5.6937321388027,296,280,289,248,289
"BALLOON WATER BOMB PACK OF 35","22440",2011,12,40,16.8,0.42,3,"B",296,126,154,3.71357206670431,40,64,67,45,67
"BALLOONS  WRITING SET","21328",2011,10,94,158.38,1.69969696969697,33,"B",125,11,76.6666666666667,4.55387689160054,94,114,94,132,94
"BALLOONS  WRITING SET","21328",2011,11,192,318.44,1.68153846153846,51,"B",94,125,137,5.26269018890489,192,181,179,239,179
"BALLOONS  WRITING SET","21328",2011,12,12,21.44,1.88428571428571,7,"B",192,94,99.3333333333333,2.56494935746154,12,51,36,47,36
"BANQUET BIRTHDAY  CARD","22026",2011,10,96,40.32,0.42,7,"C",156,180,144,4.57471097850338,96,98,93,87,93
"BANQUET BIRTHDAY  CARD","22026",2011,11,132,55.44,0.42,10,"C",96,156,128,4.89034912822175,132,125,119,122,119
"BANQUET BIRTHDAY  CARD","22026",2011,12,12,5.04,0.42,1,"C",132,96,80,2.56494935746154,12,17,13,16,13
"BASKET OF FLOWERS SEWING KIT","85177",2011,10,100,85,0.85,6,"C",24,18,47.3333333333333,4.61512051684126,100,83,121,97,121
"BASKET OF FLOWERS SEWING KIT","85177",2011,11,31,27.13,0.936666666666667,9,"C",100,24,51.6666666666667,3.46573590279973,31,45,38,54,38
"BASKET OF FLOWERS SEWING KIT","85177",2011,12,3,4.11,1.24,2,"C",31,100,44.6666666666667,1.38629436111989,3,12,8,13,8
"BASKET OF TOADSTOOLS","21439",2011,10,27,33.75,1.25,5,"B",3,35,21.6666666666667,3.3322045101752,27,21,25,26,25
"BASKET OF TOADSTOOLS","21439",2011,11,185,231.25,1.25,12,"B",27,3,71.6666666666667,5.2257466737132,185,162,201,177,201
"BASKET OF TOADSTOOLS","21439",2011,12,19,23.75,1.25,4,"B",185,27,77,2.99573227355399,19,33,23,32,23
"BATH BUILDING BLOCK WORD","21756",2011,10,39,243.75,6.25,14,"A",37,29,35,3.68887945411394,39,41,44,39,44
"BATH BUILDING BLOCK WORD","21756",2011,11,59,374.13,6.4652,25,"A",39,37,45,4.0943445622221,59,61,59,74,59
"BATH BUILDING BLOCK WORD","21756",2011,12,24,135.6,6.09,5,"A",59,39,40.6666666666667,3.2188758248682,24,26,23,21,23
"BATHROOM HOOK","23417",2011,11,17,28.05,1.65,3,"C",16,33,22,2.89037175789616,17,16,18,17,18
"BATHROOM HOOK","23417",2011,12,74,28.86,0.39,9,"C",17,16,35.6666666666667,4.31748811353631,74,72,71,94,71
"BATHROOM METAL SIGN","82580",2011,10,313,174.25,0.586842105263158,37,"A",690,512,505,5.74939298590825,313,414,426,471,426
"BATHROOM METAL SIGN","82580",2011,11,372,255.76,0.608888888888889,45,"A",313,690,458.333333333333,5.92157841964382,372,461,437,527,437
"BATHROOM METAL SIGN","82580",2011,12,183,118.89,0.571111111111111,9,"A",372,313,289.333333333333,5.21493575760899,183,206,209,189,209
"BATHROOM SCALES FOOTPRINTS IN SAND","82011C",2011,10,17,52.55,3.48333333333333,3,"C",2,4,7.66666666666667,2.89037175789616,17,14,16,14,16
"BATHROOM SCALES FOOTPRINTS IN SAND","82011C",2011,11,12,37,3.35,2,"C",17,2,10.3333333333333,2.56494935746154,12,10,11,8,11
"BATHROOM SCALES RUBBER DUCKS","82011B",2011,10,12,38.6,3.55,4,"C",2,2,5.33333333333333,2.56494935746154,12,10,12,12,12
"BATHROOM SCALES RUBBER DUCKS","82011B",2011,11,12,37,3.35,2,"C",12,2,8.66666666666667,2.56494935746154,12,10,11,9,11
"BATHROOM SCALES, TROPICAL BEACH","82011A",2011,11,2,7.5,3.75,1,"C",1,2,1.66666666666667,1.09861228866811,2,2,2,2,2
"BEACH HUT SHELF W 3 DRAWERS","84687",2011,10,20,103,5.45,4,"C",14,2,12,3.04452243772342,20,15,18,13,18
"BEACH HUT SHELF W 3 DRAWERS","84687",2011,11,1,5.95,5.95,1,"C",20,14,11.6666666666667,0.693147180559945,1,3,2,3,2
"BEADED CHANDELIER T-LIGHT HOLDER","23057",2011,10,341,613.79,3.55571428571429,7,"B",41,5,129,5.8348107370626,341,232,380,250,380
"BEADED CHANDELIER T-LIGHT HOLDER","23057",2011,11,145,148.95,2.975,2,"B",341,41,175.666666666667,4.98360662170834,145,26,26,29,26
"BEADED CRYSTAL HEART BLUE  LARGE","85130C",2011,10,8,6.32,0.79,3,"C",189,96,97.6666666666667,2.19722457733622,8,33,23,32,23
"BEADED CRYSTAL HEART BLUE  LARGE","85130C",2011,11,11,8.69,0.79,4,"C",8,189,69.3333333333333,2.484906649788,11,30,26,40,26
"BEADED CRYSTAL HEART BLUE  LARGE","85130C",2011,12,8,6.32,0.79,3,"C",11,8,9,2.19722457733622,8,9,8,12,8
"BEADED CRYSTAL HEART BLUE ON STICK","85131C",2011,10,16,18.32,1.04,2,"C",22,3,13.6666666666667,2.83321334405622,16,12,13,13,13
"BEADED CRYSTAL HEART BLUE ON STICK","85131C",2011,11,5,4.15,0.83,2,"C",16,22,14.3333333333333,1.79175946922805,5,8,6,9,6
"BEADED CRYSTAL HEART BLUE SMALL","85129C",2011,10,25,32.46,1.855,2,"C",1,2,9.33333333333333,3.25809653802148,25,20,30,23,30
"BEADED CRYSTAL HEART BLUE SMALL","85129C",2011,11,1,2.46,2.46,1,"C",25,1,9,0.693147180559945,1,2,1,3,1
"BEADED CRYSTAL HEART GREEN LARGE","85130B",2011,10,53,41.87,0.79,4,"C",225,169,149,3.98898404656427,53,51,43,55,43
"BEADED CRYSTAL HEART GREEN LARGE","85130B",2011,11,37,29.23,0.79,4,"C",53,225,105,3.63758615972639,37,49,41,43,41
"BEADED CRYSTAL HEART GREEN LARGE","85130B",2011,12,1,0.79,0.79,1,"C",37,53,30.3333333333333,0.693147180559945,1,5,4,8,4
"BEADED CRYSTAL HEART GREEN ON STICK","85131B",2011,10,20,16.6,0.83,3,"C",45,3,22.6666666666667,3.04452243772342,20,20,21,22,21
"BEADED CRYSTAL HEART GREEN ON STICK","85131B",2011,11,61,50.63,0.83,4,"C",20,45,42,4.12713438504509,61,52,57,64,57
"BEADED CRYSTAL HEART GREEN ON STICK","85131B",2011,12,10,8.3,0.83,1,"C",61,20,30.3333333333333,2.39789527279837,10,5,5,8,5
"BEADED CRYSTAL HEART GREEN SMALL","85129B",2011,12,1,2.46,2.46,1,"C",1,3,1.66666666666667,0.693147180559945,1,1,1,2,1
"BEADED CRYSTAL HEART PINK LARGE","85130D",2011,10,22,17.38,0.79,5,"C",10,122,51.3333333333333,3.13549421592915,22,32,18,39,18
"BEADED CRYSTAL HEART PINK LARGE","85130D",2011,11,3,2.37,0.79,2,"C",22,10,11.6666666666667,1.38629436111989,3,6,3,9,3
"BEADED CRYSTAL HEART PINK LARGE","85130D",2011,12,8,6.32,0.79,3,"C",3,22,11,2.19722457733622,8,8,7,11,7
"BEADED CRYSTAL HEART PINK ON STICK","85131D",2011,10,26,21.58,0.83,4,"C",48,3,25.6666666666667,3.29583686600433,26,27,27,28,27
"BEADED CRYSTAL HEART PINK ON STICK","85131D",2011,11,11,9.13,0.83,1,"C",26,48,28.3333333333333,2.484906649788,11,7,8,9,8
"BEADED CRYSTAL HEART PINK ON STICK","85131D",2011,12,12,15,1.25,1,"C",11,26,16.3333333333333,2.56494935746154,12,8,7,6,7
"BEADED CRYSTAL HEART PINK SMALL","85129D",2011,10,1,2.46,2.46,1,"C",4,1,2,0.693147180559945,1,1,1,2,1
"BEADED CRYSTAL HEART PINK SMALL","85129D",2011,11,9,14.88,2.1575,4,"C",1,4,4.66666666666667,2.30258509299405,9,7,8,10,8
"BEADED CRYSTAL HEART PINK SMALL","85129D",2011,12,21,51.66,2.46,1,"C",9,1,10.3333333333333,3.09104245335832,21,11,15,8,15
"BEADED PEARL HEART WHITE ON STICK","85131A",2011,10,3,3.75,1.25,1,"C",33,204,80,1.38629436111989,3,10,5,8,5
"BELLE JARDINIERE CUSHION COVER","23395",2011,11,215,800.73,3.74206896551724,57,"A",215,206,212,5.37527840768417,215,246,243,258,243
"BELLE JARDINIERE CUSHION COVER","23395",2011,12,47,176.25,3.75,11,"A",215,215,159,3.87120101090789,47,83,68,90,68
"BEST DAD CANDLE LETTERS","72140E",2011,10,7,5.95,0.85,2,"C",6,9,7.33333333333333,2.07944154167984,7,7,6,9,6
"BEWARE OF THE CAT METAL SIGN","21165",2011,10,182,296.06,1.6825,32,"A",652,404,412.666666666667,5.20948615284142,182,333,275,321,275
"BEWARE OF THE CAT METAL SIGN","21165",2011,11,397,624.85,1.66942857142857,34,"A",182,652,410.333333333333,5.98645200528444,397,417,414,426,414
"BEWARE OF THE CAT METAL SIGN","21165",2011,12,119,189.59,1.66,8,"A",397,182,232.666666666667,4.78749174278205,119,123,123,116,123
"BIG DOUGHNUT FRIDGE MAGNETS","21700",2011,10,27,22.95,0.85,2,"B",6,84,39,3.3322045101752,27,18,23,18,23
"BIG DOUGHNUT FRIDGE MAGNETS","21700",2011,11,2,1.7,0.85,2,"B",27,6,11.6666666666667,1.09861228866811,2,5,3,9,3
"BIG DOUGHNUT FRIDGE MAGNETS","21700",2011,12,14,11.9,0.85,2,"B",2,27,14.3333333333333,2.70805020110221,14,11,11,11,11
"BILI NUT AND WOOD NECKLACE","90031",2011,11,6,6,1,1,"C",30,6,14,1.94591014905531,6,5,5,6,5
"BINGO SET","21888",2011,10,171,652.38,3.90458333333333,48,"A",358,51,193.333333333333,5.14749447681345,171,191,168,188,168
"BINGO SET","21888",2011,11,266,1014.22,3.98354838709677,62,"A",171,358,265,5.58724865840025,266,263,245,278,245
"BINGO SET","21888",2011,12,1,3.75,3.75,1,"A",266,171,146,0.693147180559945,1,10,6,5,6
"BIRD DECORATION GREEN POLKADOT","22322",2011,10,12,10.2,0.85,1,"C",15,14,13.6666666666667,2.56494935746154,12,10,11,7,11
"BIRD DECORATION GREEN POLKADOT","22322",2011,11,2,1.7,0.85,1,"C",12,15,9.66666666666667,1.09861228866811,2,4,2,4,2
"BIRD DECORATION RED RETROSPOT","22321",2011,10,24,20.4,0.85,2,"C",72,48,48,3.2188758248682,24,22,25,24,25
"BIRD DECORATION RED RETROSPOT","22321",2011,11,76,64.6,0.85,6,"C",24,72,57.3333333333333,4.34380542185368,76,71,69,72,69
"BIRD HOUSE HOT WATER BOTTLE","22110",2011,10,103,262.65,2.55,32,"B",70,50,74.3333333333333,4.64439089914137,103,106,94,118,94
"BIRD HOUSE HOT WATER BOTTLE","22110",2011,11,232,580.31,2.62559322033898,56,"B",103,70,135,5.4510384535657,232,214,226,253,226
"BIRD HOUSE HOT WATER BOTTLE","22110",2011,12,47,119.85,2.55,5,"B",232,103,127.333333333333,3.87120101090789,47,44,41,50,41
"BIRDCAGE DECORATION TEALIGHT HOLDER","22252",2011,10,63,78.75,1.25,7,"B",34,68,55,4.15888308335967,63,54,54,51,54
"BIRDCAGE DECORATION TEALIGHT HOLDER","22252",2011,11,82,102.5,1.25,9,"B",63,34,59.6666666666667,4.4188406077966,82,76,85,75,85
"BIRDCAGE DECORATION TEALIGHT HOLDER","22252",2011,12,12,15,1.25,1,"B",82,63,52.3333333333333,2.56494935746154,12,8,7,7,7
"BIRDHOUSE DECORATION MAGIC GARDEN","22251",2011,10,3,3.75,1.25,1,"C",1,21,8.33333333333333,1.38629436111989,3,3,2,3,2
"BIRDHOUSE DECORATION MAGIC GARDEN","22251",2011,11,16,20,1.25,3,"C",3,1,6.66666666666667,2.83321334405622,16,14,16,16,16
"BIRDHOUSE GARDEN MARKER","22478",2011,10,36,45,1.25,7,"B",90,22,49.3333333333333,3.61091791264422,36,35,41,39,41
"BIRDHOUSE GARDEN MARKER","22478",2011,11,47,58.75,1.25,7,"B",36,90,57.6666666666667,3.87120101090789,47,50,43,48,43
"BIRDHOUSE GARDEN MARKER","22478",2011,12,40,50,1.25,2,"B",47,36,41,3.71357206670431,40,24,23,18,23
"BIRDS MOBILE VINTAGE DESIGN","22320",2011,10,41,249.63,6.35571428571429,14,"B",10,19,23.3333333333333,3.73766961828337,41,36,42,41,42
"BIRDS MOBILE VINTAGE DESIGN","22320",2011,11,23,136.85,5.95,10,"B",41,10,24.6666666666667,3.17805383034795,23,30,25,27,25
"BIRDS MOBILE VINTAGE DESIGN","22320",2011,12,3,17.85,5.95,3,"B",23,41,22.3333333333333,1.38629436111989,3,8,6,9,6
"BIRTHDAY BANQUET GIFT WRAP","22048",2011,10,50,21,0.42,2,"C",125,250,141.666666666667,3.93182563272433,50,37,52,33,52
"BIRTHDAY BANQUET GIFT WRAP","22048",2011,11,75,31.5,0.42,3,"C",50,125,83.3333333333333,4.33073334028633,75,57,82,59,82
"BIRTHDAY BANQUET GIFT WRAP","22048",2011,12,25,10.5,0.42,1,"C",75,50,50,3.25809653802148,25,19,16,15,16
"BIRTHDAY CARD, RETRO SPOT","22819",2011,10,239,91.74,0.414545454545455,11,"B",208,132,193,5.48063892334199,239,217,245,221,245
"BIRTHDAY CARD, RETRO SPOT","22819",2011,11,247,103.74,0.42,15,"B",239,208,231.333333333333,5.51342874616498,247,229,262,241,262
"BIRTHDAY CARD, RETRO SPOT","22819",2011,12,38,15.96,0.42,4,"B",247,239,174.666666666667,3.66356164612965,38,75,63,58,63
"BIRTHDAY PARTY CORDON BARRIER TAPE","22953",2011,10,15,18.75,1.25,5,"C",39,12,22,2.77258872223978,15,21,16,22,16
"BIRTHDAY PARTY CORDON BARRIER TAPE","22953",2011,11,39,51.17,1.36,11,"C",15,39,31,3.68887945411394,39,41,38,46,38
"BIRTHDAY PARTY CORDON BARRIER TAPE","22953",2011,12,1,1.25,1.25,1,"C",39,15,18.3333333333333,0.693147180559945,1,6,4,5,4
"BISCUIT TIN 50'S CHRISTMAS","23247",2011,10,620,1728.5,2.96052631578947,95,"A",368,103,363.666666666667,6.43133108193348,620,544,549,528,549
"BISCUIT TIN 50'S CHRISTMAS","23247",2011,11,572,1664.68,3.04466666666667,75,"A",620,368,520,6.35088571671474,572,575,617,544,617
"BISCUIT TIN 50'S CHRISTMAS","23247",2011,12,114,315.06,2.865,16,"A",572,620,435.333333333333,4.74493212836325,114,228,181,249,181
"BISCUIT TIN VINTAGE CHRISTMAS","23234",2011,10,410,1185,2.96605633802817,71,"A",424,301,378.333333333333,6.01859321449623,410,430,412,435,412
"BISCUIT TIN VINTAGE CHRISTMAS","23234",2011,11,291,852.59,2.98354838709677,62,"A",410,424,375,5.67675380226828,291,375,329,381,329
"BISCUIT TIN VINTAGE CHRISTMAS","23234",2011,12,86,248.54,2.89,15,"A",291,410,262.333333333333,4.46590811865458,86,140,119,153,119
"BISCUIT TIN VINTAGE GREEN","22843",2011,10,18,111.9,6.55,4,"A",53,21,30.6666666666667,2.94443897916644,18,14,15,14,15
"BISCUIT TIN VINTAGE GREEN","22843",2011,11,15,101.25,6.75,10,"A",18,53,28.6666666666667,2.77258872223978,15,25,21,25,21
"BISCUIT TIN VINTAGE RED","22842",2011,10,26,175.5,6.75,10,"A",71,13,36.6666666666667,3.29583686600433,26,32,28,26,28
"BISCUIT TIN VINTAGE RED","22842",2011,11,42,273.9,6.70789473684211,19,"A",26,71,46.3333333333333,3.76120011569356,42,50,42,50,42
"BLACK AND WHITE CAT BOWL","22702",2011,10,7,14.7,2.1,2,"A",6,20,11,2.07944154167984,7,8,8,8,8
"BLACK AND WHITE CAT BOWL","22702",2011,11,4,8.4,2.1,2,"A",7,6,5.66666666666667,1.6094379124341,4,5,5,5,5
"BLACK AND WHITE DOG BOWL","22700",2011,10,3,8.85,2.95,1,"A",1,2,2,1.38629436111989,3,2,3,2,3
"BLACK BAROQUE CARRIAGE CLOCK","85168B",2011,10,8,68,8.5,1,"C",1,2,3.66666666666667,2.19722457733622,8,5,6,3,6
"BLACK BAROQUE CARRIAGE CLOCK","85168B",2011,11,4,36.9,9.46666666666667,3,"C",8,1,4.33333333333333,1.6094379124341,4,5,4,4,4
"BLACK BAROQUE CARRIAGE CLOCK","85168B",2011,12,2,16.58,8.29,1,"C",4,8,4.66666666666667,1.09861228866811,2,2,2,2,2
"BLACK BAROQUE WALL CLOCK","85163B",2011,11,3,32.85,10.95,1,"C",1,1,1.66666666666667,1.38629436111989,3,2,2,1,2
"BLACK BIRD GARDEN DESIGN MUG","85160B",2011,11,24,9.36,0.39,2,"C",3,6,11,3.2188758248682,24,21,28,23,28
"BLACK CANDELABRA T-LIGHT HOLDER","85116",2011,10,10,6.5,0.65,3,"C",26,5,13.6666666666667,2.39789527279837,10,12,10,15,10
"BLACK CHRISTMAS TREE 120CM","35599B",2011,10,28,54.6,1.95,6,"C",16,12,18.6666666666667,3.36729582998647,28,28,31,30,31
"BLACK CHRISTMAS TREE 120CM","35599B",2011,11,80,156,1.95,10,"C",28,16,41.3333333333333,4.39444915467244,80,71,79,68,79
"BLACK CHRISTMAS TREE 120CM","35599B",2011,12,72,140.4,1.95,1,"C",80,28,60,4.29045944114839,72,17,24,13,24
"BLACK CHRISTMAS TREE 60CM","35598B",2011,10,27,17.55,0.65,3,"C",318,18,121,3.3322045101752,27,29,31,38,31
"BLACK CHRISTMAS TREE 60CM","35598B",2011,11,135,87.75,0.65,9,"C",27,318,160,4.91265488573605,135,141,152,132,152
"BLACK CHUNKY BEAD BRACELET W STRAP","90184C",2011,11,2,17.9,8.95,2,"C",4,1,2.33333333333333,1.09861228866811,2,3,2,3,2
"BLACK EAR MUFF HEADPHONES","20780",2011,10,1,10.79,10.79,1,"C",1,1,1,0.693147180559945,1,1,1,1,1
"BLACK EAR MUFF HEADPHONES","20780",2011,11,7,38.43,5.49,5,"C",1,1,3,2.07944154167984,7,7,8,8,8
"BLACK ENAMEL FLOWER RING","90201B",2011,10,6,17.7,2.95,1,"C",24,12,14,1.94591014905531,6,5,5,5,5
"BLACK ENAMEL FLOWER RING","90201B",2011,12,6,17.7,2.95,1,"C",6,24,12,1.94591014905531,6,5,6,5,6
"BLACK ENCHANTED FOREST PLACEMAT","85114A",2011,10,11,18.15,1.65,3,"B",132,77,73.3333333333333,2.484906649788,11,15,12,18,12
"BLACK ENCHANTED FOREST PLACEMAT","85114A",2011,11,13,21.45,1.65,4,"B",11,132,52,2.63905732961526,13,23,17,25,17
"BLACK ENCHANTED FOREST PLACEMAT","85114A",2011,12,8,13.2,1.65,1,"B",13,11,10.6666666666667,2.19722457733622,8,4,6,6,6
"BLACK HEART CARD HOLDER","22188",2011,10,154,411.5,3.80090909090909,11,"A",365,79,199.333333333333,5.04342511691925,154,118,119,107,119
"BLACK HEART CARD HOLDER","22188",2011,11,230,610.02,3.75705882352941,17,"A",154,365,249.666666666667,5.44241771052179,230,212,189,154,189
"BLACK HEART CARD HOLDER","22188",2011,12,344,811.04,3.40333333333333,6,"A",230,154,242.666666666667,5.84354441703136,344,178,274,112,274
"BLACK KITCHEN SCALES","22626",2011,10,59,479.03,9.16181818181818,11,"A",22,50,43.6666666666667,4.0943445622221,59,52,53,41,53
"BLACK KITCHEN SCALES","22626",2011,11,24,204,8.5,8,"A",59,22,35,3.2188758248682,24,23,21,21,21
"BLACK KITCHEN SCALES","22626",2011,12,23,185.3,8.39375,8,"A",24,59,35.3333333333333,3.17805383034795,23,24,22,23,22
"BLACK LOVE BIRD CANDLE","85169B",2011,10,5,6.25,1.25,2,"C",24,3,10.6666666666667,1.79175946922805,5,5,5,7,5
"BLACK LOVE BIRD CANDLE","85169B",2011,11,3,3.75,1.25,2,"C",5,24,10.6666666666667,1.38629436111989,3,7,5,7,5
"BLACK LOVE BIRD T-LIGHT HOLDER","84952B",2011,10,4,15,3.75,2,"C",6,2,4,1.6094379124341,4,4,4,4,4
"BLACK LOVE BIRD T-LIGHT HOLDER","84952B",2011,11,1,7.46,7.46,1,"C",4,6,3.66666666666667,0.693147180559945,1,2,1,2,1
"BLACK MINI TAPE MEASURE","20735",2011,10,8,6.8,0.85,5,"C",3,1,4,2.19722457733622,8,8,9,11,9
"BLACK MINI TAPE MEASURE","20735",2011,11,6,5.1,0.85,3,"C",8,3,5.66666666666667,1.94591014905531,6,7,6,8,6
"BLACK MINI TAPE MEASURE","20735",2011,12,6,5.1,0.85,2,"C",6,8,6.66666666666667,1.94591014905531,6,6,7,9,7
"BLACK ORANGE SQUEEZER","71406C",2011,10,5,2.1,0.42,1,"C",30,10,15,1.79175946922805,5,7,7,6,7
"BLACK ORANGE SQUEEZER","71406C",2011,11,26,10.92,0.42,5,"C",5,30,20.3333333333333,3.29583686600433,26,24,25,27,25
"BLACK PIRATE TREASURE CHEST","22068",2011,10,71,117.15,1.65,9,"C",28,34,44.3333333333333,4.27666611901606,71,68,71,63,71
"BLACK PIRATE TREASURE CHEST","22068",2011,11,43,70.95,1.65,11,"C",71,28,47.3333333333333,3.78418963391826,43,50,49,47,49
"BLACK PIRATE TREASURE CHEST","22068",2011,12,167,65.13,0.39,14,"C",43,71,93.6666666666667,5.12396397940326,167,174,151,186,151
"BLACK RECORD COVER FRAME","21137",2011,10,620,2152.2,3.64090909090909,33,"A",707,363,563.333333333333,6.43133108193348,620,543,569,484,569
"BLACK RECORD COVER FRAME","21137",2011,11,2170,7458.48,3.8275,60,"A",620,707,1165.66666666667,7.68294316987829,2170,1304,1586,1132,1586
"BLACK RECORD COVER FRAME","21137",2011,12,1464,4988.27,3.755,22,"A",2170,620,1418,7.28961052145117,1464,728,705,654,705
"BLACK SILOUETTE CANDLE PLATE","72780",2011,10,18,15.3,0.85,2,"C",24,12,18,2.94443897916644,18,15,16,18,16
"BLACK SILOUETTE CANDLE PLATE","72780",2011,11,13,11.05,0.85,2,"C",18,24,18.3333333333333,2.63905732961526,13,10,12,14,12
"BLACK SILOUETTE CANDLE PLATE","72780",2011,12,6,5.1,0.85,2,"C",13,18,12.3333333333333,1.94591014905531,6,7,7,10,7
"BLACK SQUARE TABLE CLOCK","84661B",2011,10,39,99.45,2.55,2,"C",1,6,15.3333333333333,3.68887945411394,39,30,43,27,43
"BLACK SQUARE TABLE CLOCK","84661B",2011,11,34,93.93,3.755,4,"C",39,1,24.6666666666667,3.55534806148941,34,23,28,21,28
"BLACK SQUARE TABLE CLOCK","84661B",2011,12,15,11.85,0.79,4,"C",34,39,29.3333333333333,2.77258872223978,15,21,18,28,18
"BLACK SWEETHEART BRACELET","90200B",2011,10,4,17,4.25,3,"C",6,6,5.33333333333333,1.6094379124341,4,5,5,6,5
"BLACK SWEETHEART BRACELET","90200B",2011,11,1,4.25,4.25,1,"C",4,6,3.66666666666667,0.693147180559945,1,2,1,2,1
"BLACK SWEETHEART BRACELET","90200B",2011,12,9,38.25,4.25,2,"C",1,4,4.66666666666667,2.30258509299405,9,8,8,6,8
"BLACK TEA TOWEL CLASSIC DESIGN","22481",2011,10,55,68.75,1.25,13,"C",28,53,45.3333333333333,4.02535169073515,55,58,59,59,59
"BLACK TEA TOWEL CLASSIC DESIGN","22481",2011,11,42,52.5,1.25,9,"C",55,28,41.6666666666667,3.76120011569356,42,48,40,44,40
"BLACK TEA TOWEL CLASSIC DESIGN","22481",2011,12,137,53.43,0.39,12,"C",42,55,78,4.92725368515721,137,137,145,138,145
"BLACK TEA,COFFEE,SUGAR JARS","85159A",2011,10,12,23.4,1.95,1,"B",5,25,14,2.56494935746154,12,6,10,6,10
"BLACK TEA,COFFEE,SUGAR JARS","85159A",2011,11,30,58.5,1.95,5,"B",12,5,15.6666666666667,3.43398720448515,30,28,31,31,31
"BLACK TEA,COFFEE,SUGAR JARS","85159A",2011,12,1,1.95,1.95,1,"B",30,12,14.3333333333333,0.693147180559945,1,5,3,5,3
"BLACK VINT ART DEC CRYSTAL NECKLACE","90063B",2011,10,2,17,8.5,1,"C",1,2,1.66666666666667,1.09861228866811,2,2,2,1,2
"BLACK VINT ART DEC CRYSTAL NECKLACE","90063B",2011,11,2,17,8.5,1,"C",2,1,1.66666666666667,1.09861228866811,2,2,2,1,2
"BLACK VINTAGE  CRYSTAL EARRINGS","90064B",2011,10,3,11.25,3.75,2,"C",1,4,2.66666666666667,1.38629436111989,3,3,3,4,3
"BLACK WINE GLASS","79164",2011,10,6,2.34,0.39,1,"C",2,930,312.666666666667,1.94591014905531,6,22,19,9,19
"BLACK WINE GLASS","79164",2011,11,18,7.02,0.39,1,"C",6,2,8.66666666666667,2.94443897916644,18,12,19,10,19
"BLACK+WHITE NECKLACE W TASSEL","90180A",2011,10,6,17.7,2.95,1,"C",5,1,4,1.94591014905531,6,4,4,2,4
"BLACK/BLUE POLKADOT UMBRELLA","85014A",2011,10,166,904.72,6.34357142857143,28,"A",132,69,122.333333333333,5.11799381241676,166,150,151,155,151
"BLACK/BLUE POLKADOT UMBRELLA","85014A",2011,11,119,686.09,6.5290625,32,"A",166,132,139,4.78749174278205,119,131,109,138,109
"BLACK/BLUE POLKADOT UMBRELLA","85014A",2011,12,4,30.31,8.12,3,"A",119,166,96.3333333333333,1.6094379124341,4,13,6,12,6
"BLOND DOLL DOORSTOP","21117",2011,10,7,8.75,1.25,3,"C",12,12,10.3333333333333,2.07944154167984,7,9,7,11,7
"BLOND DOLL DOORSTOP","21117",2011,11,41,51.25,1.25,5,"C",7,12,20,3.73766961828337,41,38,41,38,41
"BLOSSOM  IMAGES NOTEBOOK SET","85019B",2011,10,168,210,1.25,5,"C",74,48,96.6666666666667,5.12989871492307,168,109,119,98,119
"BLOSSOM  IMAGES NOTEBOOK SET","85019B",2011,11,54,67.5,1.25,4,"C",168,74,98.6666666666667,4.00733318523247,54,44,36,35,36
"BLOSSOM  IMAGES NOTEBOOK SET","85019B",2011,12,2,2.5,1.25,1,"C",54,168,74.6666666666667,1.09861228866811,2,8,5,6,5
"BLOSSOM IMAGES GIFT WRAP SET","85032B",2011,10,98,63.7,0.65,21,"C",76,77,83.6666666666667,4.59511985013459,98,118,103,137,103
"BLOSSOM IMAGES GIFT WRAP SET","85032B",2011,11,71,46.15,0.65,17,"C",98,76,81.6666666666667,4.27666611901606,71,100,88,111,88
"BLOSSOM IMAGES GIFT WRAP SET","85032B",2011,12,50,32.5,0.65,5,"C",71,98,73,3.93182563272433,50,52,52,63,52
"BLUE  DIAMANTE PEN IN GIFT BOX","21850",2011,10,4,19.8,4.95,4,"C",1,37,14,1.6094379124341,4,9,9,10,9
"BLUE  DIAMANTE PEN IN GIFT BOX","21850",2011,11,5,24.75,4.95,5,"C",4,1,3.33333333333333,1.79175946922805,5,7,6,7,6
"BLUE  DIAMANTE PEN IN GIFT BOX","21850",2011,12,2,9.9,4.95,2,"C",5,4,3.66666666666667,1.09861228866811,2,3,3,3,3
"BLUE  TILE HOOK","20794",2011,10,7,17.85,2.55,2,"C",8,8,7.66666666666667,2.07944154167984,7,6,7,7,7
"BLUE  TILE HOOK","20794",2011,11,2,5.1,2.55,1,"C",7,8,5.66666666666667,1.09861228866811,2,2,2,2,2
"BLUE  TILE HOOK","20794",2011,12,4,10.2,2.55,2,"C",2,7,4.33333333333333,1.6094379124341,4,5,4,5,4
"BLUE  VOILE LAMPSHADE","47351B",2011,10,4,11.8,2.95,1,"C",52,2,19.3333333333333,1.6094379124341,4,4,4,4,4
"BLUE  VOILE LAMPSHADE","47351B",2011,11,4,11.8,2.95,1,"C",4,52,20,1.6094379124341,4,4,3,3,3
"BLUE BIRDHOUSE DECORATION","21441",2011,10,15,12.75,0.85,2,"C",8,2,8.33333333333333,2.77258872223978,15,12,13,12,13
"BLUE BIRDHOUSE DECORATION","21441",2011,11,18,16.86,1.045,4,"C",15,8,13.6666666666667,2.94443897916644,18,19,18,24,18
"BLUE BIRDHOUSE DECORATION","21441",2011,12,140,26.6,0.19,7,"C",18,15,57.6666666666667,4.94875989037817,140,126,142,195,142
"BLUE CALCULATOR RULER","20986",2011,10,215,234.38,1.454,10,"C",8,6,76.3333333333333,5.37527840768417,215,196,211,265,211
"BLUE CALCULATOR RULER","20986",2011,11,154,194.92,1.305,21,"C",215,8,125.666666666667,5.04342511691925,154,144,149,182,149
"BLUE CALCULATOR RULER","20986",2011,12,14,18.71,1.45166666666667,6,"C",154,215,127.666666666667,2.70805020110221,14,41,34,44,34
"BLUE CHARLIE+LOLA PERSONAL DOORSIGN","85071A",2011,10,181,70.59,0.39,17,"C",159,152,164,5.2040066870768,181,202,183,210,183
"BLUE CHARLIE+LOLA PERSONAL DOORSIGN","85071A",2011,11,148,57.72,0.39,25,"C",181,159,162.666666666667,5.00394630594546,148,190,146,198,146
"BLUE CHARLIE+LOLA PERSONAL DOORSIGN","85071A",2011,12,13,5.07,0.39,4,"C",148,181,114,2.63905732961526,13,54,35,52,35
"BLUE CHENILLE SHAGGY CUSHION COVER","46138B",2011,10,2,1.7,0.85,1,"C",19,10,10.3333333333333,1.09861228866811,2,3,3,4,3
"BLUE CHENILLE SHAGGY CUSHION COVER","46138B",2011,11,2,1.7,0.85,1,"C",2,19,7.66666666666667,1.09861228866811,2,3,2,3,2
"BLUE CIRCLES DESIGN MONKEY DOLL","84507C",2011,10,5,12.75,2.55,1,"C",2,3,3.33333333333333,1.79175946922805,5,5,5,3,5
"BLUE CIRCLES DESIGN TEDDY","84508C",2011,10,6,15.3,2.55,1,"C",6,3,5,1.94591014905531,6,4,5,4,5
"BLUE CIRCLES DESIGN TEDDY","84508C",2011,11,18,45.9,2.55,5,"C",6,6,10,2.94443897916644,18,17,19,23,19
"BLUE COAT RACK PARIS FASHION","22914",2011,10,14,69.3,4.95,8,"B",11,26,17,2.70805020110221,14,17,17,20,17
"BLUE COAT RACK PARIS FASHION","22914",2011,11,10,49.5,4.95,7,"B",14,11,11.6666666666667,2.39789527279837,10,13,10,14,10
"BLUE COAT RACK PARIS FASHION","22914",2011,12,6,29.7,4.95,2,"B",10,14,10,1.94591014905531,6,6,6,6,6
"BLUE DAISY MOBILE","75011",2011,10,24,18.96,0.79,2,"C",15,73,37.3333333333333,3.2188758248682,24,20,18,19,18
"BLUE DAISY MOBILE","75011",2011,11,1,0.79,0.79,1,"C",24,15,13.3333333333333,0.693147180559945,1,5,3,4,3
"BLUE DELPHINIUM ARTIFICIAL FLOWER","84804B",2011,12,48,37.92,0.79,2,"C",3,24,25,3.89182029811063,48,36,57,34,57
"BLUE DINER WALL CLOCK","22192",2011,10,84,693.6,8.44516129032258,31,"A",120,86,96.6666666666667,4.44265125649032,84,102,100,99,100
"BLUE DINER WALL CLOCK","22192",2011,11,65,560.63,8.74636363636364,33,"A",84,120,89.6666666666667,4.18965474202643,65,90,74,86,74
"BLUE DINER WALL CLOCK","22192",2011,12,31,263.5,8.5,11,"A",65,84,60,3.46573590279973,31,35,34,39,34
"BLUE DISCO HANDBAG","84859B",2011,10,1,1.95,1.95,1,"C",4,12,5.66666666666667,0.693147180559945,1,2,1,2,1
"BLUE DISCO HANDBAG","84859B",2011,11,6,13.88,2.67666666666667,3,"C",1,4,3.66666666666667,1.94591014905531,6,5,6,5,6
"BLUE DRAGONFLY HELICOPTER","85135B",2011,11,5,39.75,7.95,3,"C",3,3,3.66666666666667,1.79175946922805,5,5,4,4,4
"BLUE DRAWER KNOB ACRYLIC EDWARDIAN","22805",2011,10,84,105,1.25,9,"B",76,95,85,4.44265125649032,84,76,76,88,76
"BLUE DRAWER KNOB ACRYLIC EDWARDIAN","22805",2011,11,122,152.5,1.25,6,"B",84,76,94,4.81218435537242,122,80,88,78,88
"BLUE DRAWER KNOB ACRYLIC EDWARDIAN","22805",2011,12,13,16.25,1.25,2,"B",122,84,73,2.63905732961526,13,14,7,13,7
"BLUE EGG  SPOON","21403",2011,10,62,7.44,0.12,5,"C",153,171,128.666666666667,4.14313472639153,62,93,65,98,65
"BLUE EGG  SPOON","21403",2011,11,267,32.04,0.12,8,"C",62,153,160.666666666667,5.59098698051086,267,227,256,326,256
"BLUE EGG  SPOON","21403",2011,12,3,0.36,0.12,1,"C",267,62,110.666666666667,1.38629436111989,3,27,20,19,20
"BLUE FLY SWAT","84673B",2011,10,14,19.88,1.434,5,"C",6,4,8,2.70805020110221,14,13,14,20,14
"BLUE FLY SWAT","84673B",2011,11,19,27.05,1.21,7,"C",14,6,13,2.99573227355399,19,22,20,31,20
"BLUE FLY SWAT","84673B",2011,12,1,1.63,1.63,1,"C",19,14,11.3333333333333,0.693147180559945,1,4,3,4,3
"BLUE GIANT GARDEN THERMOMETER","22925",2011,10,34,215.32,6.384,14,"B",31,12,25.6666666666667,3.55534806148941,34,34,34,34,34
"BLUE GLASS CHUNKY CHARM BRACELET","90175C",2011,11,2,17.9,8.95,1,"C",3,2,2.33333333333333,1.09861228866811,2,2,2,2,2
"BLUE GLASS GEMS IN BAG","17129F",2011,10,36,25.56,0.745,2,"C",4,79,39.6666666666667,3.61091791264422,36,26,24,21,24
"BLUE GLASS GEMS IN BAG","17129F",2011,11,1,1.63,1.63,1,"C",36,4,13.6666666666667,0.693147180559945,1,4,3,5,3
"BLUE HAPPY BIRTHDAY BUNTING","47590A",2011,10,145,760.93,5.79068965517241,29,"A",194,182,173.666666666667,4.98360662170834,145,156,147,159,147
"BLUE HAPPY BIRTHDAY BUNTING","47590A",2011,11,124,635.8,5.41923076923077,26,"A",145,194,154.333333333333,4.8283137373023,124,140,149,172,149
"BLUE HAPPY BIRTHDAY BUNTING","47590A",2011,12,4,21.8,5.45,2,"A",124,145,91,1.6094379124341,4,13,10,13,10
"BLUE HARMONICA IN BOX","21914",2011,10,864,1112.67,1.32378048780488,81,"A",795,472,710.333333333333,6.76272950693188,864,824,870,948,870
"BLUE HARMONICA IN BOX","21914",2011,11,1373,1767.07,1.28872,123,"A",864,795,1010.66666666667,7.22548147278229,1373,1224,1356,1127,1356
"BLUE HARMONICA IN BOX","21914",2011,12,448,579.36,1.27469387755102,46,"A",1373,864,895,6.10702288774225,448,683,595,795,595
"BLUE HOLE PUNCH","16248B",2011,10,7,8.75,1.25,3,"C",2,1,3.33333333333333,2.07944154167984,7,6,7,7,7
"BLUE JUICY FRUIT PHOTO FRAME","85124B",2011,10,10,25.5,2.55,3,"C",3,9,7.33333333333333,2.39789527279837,10,9,9,9,9
"BLUE JUICY FRUIT PHOTO FRAME","85124B",2011,11,4,10.2,2.55,2,"C",10,3,5.66666666666667,1.6094379124341,4,4,4,5,4
"BLUE MURANO TWIST BRACELET","90120B",2011,11,10,42.5,4.25,1,"C",4,1,5,2.39789527279837,10,7,9,4,9
"BLUE NETTING STORAGE HANGER","78034B",2011,10,1,1.95,1.95,1,"C",1,3,1.66666666666667,0.693147180559945,1,1,1,2,1
"BLUE ORGANDY ROUND LAMPSHADE W BEA","40005B",2011,11,9,7.65,0.85,2,"C",2,1,4,2.30258509299405,9,7,9,8,9
"BLUE OWL SOFT TOY","22176",2011,10,138,387.9,2.92647058823529,17,"B",47,37,74,4.93447393313069,138,119,130,114,130
"BLUE PAISLEY JOURNAL","20767",2011,10,18,45.9,2.55,8,"C",14,56,29.3333333333333,2.94443897916644,18,23,22,26,22
"BLUE PAISLEY JOURNAL","20767",2011,11,19,48.45,2.55,9,"C",18,14,17,2.99573227355399,19,23,20,31,20
"BLUE PAISLEY JOURNAL","20767",2011,12,8,22.81,3.35333333333333,3,"C",19,18,15,2.19722457733622,8,9,9,9,9
"BLUE PAISLEY POCKET BOOK","20755",2011,10,29,24.65,0.85,7,"C",28,12,23,3.40119738166216,29,31,31,35,31
"BLUE PAISLEY POCKET BOOK","20755",2011,11,80,68,0.85,14,"C",29,28,45.6666666666667,4.39444915467244,80,79,79,83,79
"BLUE PAISLEY POCKET BOOK","20755",2011,12,12,10.2,0.85,1,"C",80,29,40.3333333333333,2.56494935746154,12,7,7,9,7
"BLUE PAISLEY SKETCHBOOK","20761",2011,10,11,41.25,3.75,6,"C",15,2,9.33333333333333,2.484906649788,11,12,12,12,12
"BLUE PAISLEY SKETCHBOOK","20761",2011,11,10,44.92,4.36833333333333,6,"C",11,15,12,2.39789527279837,10,13,10,13,10
"BLUE PAISLEY SKETCHBOOK","20761",2011,12,3,11.25,3.75,3,"C",10,11,8,1.38629436111989,3,5,5,5,5
"BLUE PAISLEY TISSUE BOX","22092",2011,10,72,28.08,0.39,15,"C",163,80,105,4.29045944114839,72,129,78,108,78
"BLUE PAISLEY TISSUE BOX","22092",2011,11,154,60.06,0.39,25,"C",72,163,129.666666666667,5.04342511691925,154,176,151,165,151
"BLUE PAISLEY TISSUE BOX","22092",2011,12,7,2.73,0.39,3,"C",154,72,77.6666666666667,2.07944154167984,7,47,36,43,36
"BLUE PARTY BAGS","47599B",2011,10,82,172.2,2.1,8,"A",28,143,84.3333333333333,4.4188406077966,82,69,68,65,68
"BLUE PARTY BAGS","47599B",2011,11,186,331.56,2.04142857142857,7,"A",82,28,98.6666666666667,5.23110861685459,186,134,162,106,162
"BLUE PARTY BAGS","47599B",2011,12,12,25.2,2.1,1,"A",186,82,93.3333333333333,2.56494935746154,12,5,6,7,6
"BLUE POLKADOT BEAKER","21395",2011,10,15,5.85,0.39,3,"B",471,655,380.333333333333,2.77258872223978,15,80,45,71,45
"BLUE POLKADOT BEAKER","21395",2011,11,8,3.12,0.39,2,"B",15,471,164.666666666667,2.19722457733622,8,48,50,38,50
"BLUE POLKADOT BOWL","20675",2011,10,162,188.82,1.23642857142857,14,"A",233,173,189.333333333333,5.09375020080676,162,172,165,167,165
"BLUE POLKADOT BOWL","20675",2011,11,156,182.53,1.29857142857143,21,"A",162,233,183.666666666667,5.05624580534831,156,180,172,181,172
"BLUE POLKADOT BOWL","20675",2011,12,32,40,1.25,4,"A",156,162,116.666666666667,3.49650756146648,32,37,31,31,31
"BLUE POLKADOT CUP","21240",2011,10,72,61.2,0.85,11,"B",84,224,126.666666666667,4.29045944114839,72,92,89,100,89
"BLUE POLKADOT CUP","21240",2011,11,155,119.27,0.840714285714286,14,"B",72,84,103.666666666667,5.04985600724954,155,147,148,162,148
"BLUE POLKADOT CUP","21240",2011,12,33,28.05,0.85,4,"B",155,72,86.6666666666667,3.52636052461616,33,46,38,50,38
"BLUE POLKADOT GARDEN PARASOL","15058A",2011,10,1,7.95,7.95,1,"B",2,19,7.33333333333333,0.693147180559945,1,2,2,2,2
"BLUE POLKADOT GARDEN PARASOL","15058A",2011,11,2,15.9,7.95,1,"B",1,2,1.66666666666667,1.09861228866811,2,2,2,1,2
"BLUE POLKADOT KIDS BAG","22324",2011,10,31,71.35,3.04,6,"C",79,12,40.6666666666667,3.46573590279973,31,30,34,30,34
"BLUE POLKADOT KIDS BAG","22324",2011,11,5,20.65,4.13,2,"C",31,79,38.3333333333333,1.79175946922805,5,7,6,7,6
"BLUE POLKADOT KIDS BAG","22324",2011,12,1,4.13,4.13,1,"C",5,31,12.3333333333333,0.693147180559945,1,3,3,3,3
"BLUE POLKADOT LUGGAGE TAG","20652",2011,10,7,12.38,1.976,5,"C",3,28,12.6666666666667,2.07944154167984,7,12,10,12,10
"BLUE POLKADOT LUGGAGE TAG","20652",2011,11,42,56.13,1.59571428571429,7,"C",7,3,17.3333333333333,3.76120011569356,42,38,45,51,45
"BLUE POLKADOT LUGGAGE TAG","20652",2011,12,1,1.25,1.25,1,"C",42,7,16.6666666666667,0.693147180559945,1,6,5,5,5
"BLUE POLKADOT PASSPORT COVER","20615",2011,10,25,22.13,1.595,4,"C",2,46,24.3333333333333,3.25809653802148,25,21,22,22,22
"BLUE POLKADOT PASSPORT COVER","20615",2011,11,70,59.26,1.31333333333333,6,"C",25,2,32.3333333333333,4.26267987704132,70,61,75,69,75
"BLUE POLKADOT PASSPORT COVER","20615",2011,12,1,0.75,0.75,1,"C",70,25,32,0.693147180559945,1,7,4,8,4
"BLUE POLKADOT PLATE","21244",2011,10,7,11.83,1.69,2,"A",22,251,93.3333333333333,2.07944154167984,7,15,18,15,18
"BLUE POLKADOT PURSE","20661",2011,10,6,20.54,4.37,2,"C",2,1,3,1.94591014905531,6,5,6,5,6
"BLUE POLKADOT WASHING UP GLOVES","20752",2011,10,16,33.6,2.1,8,"B",29,29,24.6666666666667,2.83321334405622,16,24,20,29,20
"BLUE POLKADOT WASHING UP GLOVES","20752",2011,11,24,50.4,2.1,14,"B",16,29,23,3.2188758248682,24,31,26,39,26
"BLUE POLKADOT WRAP","21499",2011,10,425,178.5,0.42,17,"A",800,525,583.333333333333,6.05443934626937,425,432,432,472,432
"BLUE POLKADOT WRAP","21499",2011,11,825,330,0.414782608695652,23,"A",425,800,683.333333333333,6.71659477352098,825,775,804,716,804
"BLUE POLKADOT WRAP","21499",2011,12,100,42,0.42,4,"A",825,425,450,4.61512051684126,100,111,50,101,50
"BLUE POT PLANT CANDLE","20931",2011,10,1,2.95,2.95,1,"B",18,13,10.6666666666667,0.693147180559945,1,3,2,3,2
"BLUE POT PLANT CANDLE","20931",2011,11,103,303.85,2.95,10,"B",1,18,40.6666666666667,4.64439089914137,103,89,118,96,118
"BLUE POT PLANT CANDLE","20931",2011,12,15,20.45,1.675,4,"B",103,1,39.6666666666667,2.77258872223978,15,26,16,28,16
"BLUE PUDDING SPOON","21401",2011,10,89,10.68,0.12,8,"C",131,96,105.333333333333,4.49980967033027,89,124,86,124,86
"BLUE PUDDING SPOON","21401",2011,11,62,7.44,0.12,4,"C",89,131,94,4.14313472639153,62,81,59,76,59
"BLUE PUDDING SPOON","21401",2011,12,32,3.84,0.12,3,"C",62,89,61,3.49650756146648,32,51,35,50,35
"BLUE REFECTORY CLOCK","23317",2011,10,39,366.45,9.81153846153846,13,"B",21,26,28.6666666666667,3.68887945411394,39,34,35,35,35
"BLUE REFECTORY CLOCK","23317",2011,11,36,358.2,9.95,16,"B",39,21,32,3.61091791264422,36,39,39,35,39
"BLUE REFECTORY CLOCK","23317",2011,12,7,69.65,9.95,4,"B",36,39,27.3333333333333,2.07944154167984,7,11,9,11,9
"BLUE ROSE FABRIC MIRROR","20866",2011,10,66,82.5,1.25,7,"C",103,5,58,4.20469261939097,66,50,48,56,48
"BLUE ROSE FABRIC MIRROR","20866",2011,11,36,46.21,1.42285714285714,7,"C",66,103,68.3333333333333,3.61091791264422,36,49,44,43,44
"BLUE ROSE FABRIC MIRROR","20866",2011,12,3,4.96,1.65333333333333,3,"C",36,66,35,1.38629436111989,3,13,13,14,13
"BLUE SCANDINAVIAN PAISLEY WRAP","22051",2011,10,75,31.5,0.42,3,"C",25,50,50,4.33073334028633,75,64,79,71,79
"BLUE SCANDINAVIAN PAISLEY WRAP","22051",2011,11,125,52.5,0.42,5,"C",75,25,75,4.83628190695148,125,114,116,107,116
"BLUE SCOTTIE DOG W FLOWER PATTERN","84931B",2011,10,18,45.9,2.55,3,"C",10,7,11.6666666666667,2.94443897916644,18,16,17,15,17
"BLUE SCOTTIE DOG W FLOWER PATTERN","84931B",2011,11,65,165.75,2.55,7,"C",18,10,31,4.18965474202643,65,56,72,55,72
"BLUE SPOT CERAMIC DRAWER KNOB","21670",2011,10,228,330.6,1.45,22,"A",510,268,335.333333333333,5.43372200355424,228,272,236,257,236
"BLUE SPOT CERAMIC DRAWER KNOB","21670",2011,11,507,696.75,1.44310344827586,29,"A",228,510,415,6.23048144757848,507,476,497,435,497
"BLUE SPOT CERAMIC DRAWER KNOB","21670",2011,12,6,8.7,1.45,3,"A",507,228,247,1.94591014905531,6,20,16,23,16
"BLUE STONES ON WIRE FOR CANDLE","17136A",2011,10,9,0.72,0.08,2,"C",86,6,33.6666666666667,2.30258509299405,9,16,8,24,8
"BLUE STONES ON WIRE FOR CANDLE","17136A",2011,11,96,7.68,0.08,1,"C",9,86,63.6666666666667,4.57471097850338,96,33,66,44,66
"BLUE STRIPE CERAMIC DRAWER KNOB","21669",2011,10,280,410.96,1.49969696969697,32,"A",654,436,456.666666666667,5.63835466933375,280,369,348,379,348
"BLUE STRIPE CERAMIC DRAWER KNOB","21669",2011,11,430,604.3,1.44285714285714,28,"A",280,654,454.666666666667,6.06610809010375,430,437,434,421,434
"BLUE STRIPE CERAMIC DRAWER KNOB","21669",2011,12,43,73.39,1.91,4,"A",430,280,251,3.78418963391826,43,63,53,39,53
"BLUE TABLE RUN FLOWER","47341B",2011,10,3,3.75,1.25,2,"C",6,2,3.66666666666667,1.38629436111989,3,3,3,4,3
"BLUE TABLE RUN FLOWER","47341B",2011,11,6,7.5,1.25,2,"C",3,6,5,1.94591014905531,6,7,6,7,6
"BLUE VICTORIAN FABRIC OVAL BOX","35095A",2011,10,30,12.6,0.42,5,"C",3,36,23,3.43398720448515,30,28,30,33,30
"BLUE VICTORIAN FABRIC OVAL BOX","35095A",2011,11,176,73.92,0.42,9,"C",30,3,69.6666666666667,5.17614973257383,176,163,194,172,194
"BLUE VICTORIAN FABRIC OVAL BOX","35095A",2011,12,29,12.18,0.42,3,"C",176,30,78.3333333333333,3.40119738166216,29,44,37,40,37
"BLUE VINTAGE SPOT BEAKER","23286",2011,10,159,135.15,0.85,18,"A",2049,933,1047,5.07517381523383,159,755,615,695,615
"BLUE VINTAGE SPOT BEAKER","23286",2011,11,169,131.17,0.841333333333333,15,"A",159,2049,792.333333333333,5.13579843705026,169,330,204,401,204
"BLUE VINTAGE SPOT BEAKER","23286",2011,12,15,12.75,0.85,3,"A",169,159,114.333333333333,2.77258872223978,15,25,16,29,16
"BLUE/CREAM STRIPE CUSHION COVER","21927",2011,10,33,41.25,1.25,8,"B",87,75,65,3.52636052461616,33,43,42,49,42
"BLUE/CREAM STRIPE CUSHION COVER","21927",2011,11,38,47.5,1.25,10,"B",33,87,52.6666666666667,3.66356164612965,38,46,41,46,41
"BLUE/CREAM STRIPE CUSHION COVER","21927",2011,12,11,13.75,1.25,2,"B",38,33,27.3333333333333,2.484906649788,11,13,11,12,11
"BLUE/YELLOW FLOWER DESIGN BIG MUG","37489B",2011,11,4,1.56,0.39,2,"C",10,3,5.66666666666667,1.6094379124341,4,4,4,6,4
"BOHEMIAN COLLAGE STATIONERY SET","21991",2011,10,36,58.31,1.62230769230769,13,"C",43,83,54,3.61091791264422,36,47,46,53,46
"BOHEMIAN COLLAGE STATIONERY SET","21991",2011,11,118,172.91,1.41133333333333,30,"C",36,43,65.6666666666667,4.77912349311153,118,123,127,150,127
"BOHEMIAN COLLAGE STATIONERY SET","21991",2011,12,24,33.63,1.42285714285714,7,"C",118,36,59.3333333333333,3.2188758248682,24,32,31,38,31
"BOOM BOX SPEAKER BOYS","21064",2011,10,6,35.7,5.95,3,"B",41,3,16.6666666666667,1.94591014905531,6,10,8,10,8
"BOOM BOX SPEAKER BOYS","21064",2011,11,15,89.25,5.95,12,"B",6,41,20.6666666666667,2.77258872223978,15,23,20,23,20
"BOOM BOX SPEAKER BOYS","21064",2011,12,60,79.7,1.64166666666667,11,"B",15,6,27,4.11087386417331,60,51,72,72,72
"BOOM BOX SPEAKER GIRLS","21065",2011,10,4,23.8,5.95,1,"B",3,2,3,1.6094379124341,4,3,3,2,3
"BOOM BOX SPEAKER GIRLS","21065",2011,11,10,59.5,5.95,7,"B",4,3,5.66666666666667,2.39789527279837,10,13,10,13,10
"BOOM BOX SPEAKER GIRLS","21065",2011,12,6,7.5,1.25,4,"B",10,4,6.66666666666667,1.94591014905531,6,9,6,11,6
"BOOZE & WOMEN GREETING CARD","21520",2011,10,24,10.08,0.42,1,"C",36,36,32,3.2188758248682,24,14,18,14,18
"BOOZE & WOMEN GREETING CARD","21520",2011,11,12,5.04,0.42,1,"C",24,36,24,2.56494935746154,12,16,14,9,14
"BOTANICAL GARDENS WALL CLOCK","23485",2011,12,11,258.2,24.475,8,"A",76,172,86.3333333333333,2.484906649788,11,36,20,30,20
"BOTANICAL LAVENDER BIRTHDAY CARD","22031",2011,10,12,5.04,0.42,1,"C",26,36,24.6666666666667,2.56494935746154,12,15,12,10,12
"BOTANICAL LAVENDER BIRTHDAY CARD","22031",2011,11,49,25.91,0.625,6,"C",12,26,29,3.91202300542815,49,45,46,49,46
"BOTANICAL LAVENDER BIRTHDAY CARD","22031",2011,12,24,10.08,0.42,2,"C",49,12,28.3333333333333,3.2188758248682,24,20,21,19,21
"BOTANICAL LAVENDER GIFT WRAP","22038",2011,10,25,10.5,0.42,1,"C",50,75,50,3.25809653802148,25,24,21,15,21
"BOTANICAL LAVENDER GIFT WRAP","22038",2011,11,50,21,0.42,2,"C",25,50,41.6666666666667,3.93182563272433,50,44,46,34,46
"BOTANICAL LAVENDER GIFT WRAP","22038",2011,12,25,10.5,0.42,1,"C",50,25,33.3333333333333,3.25809653802148,25,16,21,13,21
"BOTANICAL LILY GIFT WRAP","22039",2011,10,25,10.5,0.42,1,"C",150,25,66.6666666666667,3.25809653802148,25,16,16,15,16
"BOTANICAL LILY GREETING CARD","22032",2011,10,36,15.12,0.42,3,"C",36,48,40,3.61091791264422,36,36,37,44,37
"BOTANICAL LILY GREETING CARD","22032",2011,11,48,20.16,0.42,4,"C",36,36,40,3.89182029811063,48,45,46,59,46
"BOTANICAL ROSE GIFT WRAP","22040",2011,10,50,21,0.42,2,"C",25,150,75,3.93182563272433,50,38,54,37,54
"BOTANICAL ROSE GIFT WRAP","22040",2011,11,50,21,0.42,2,"C",50,25,41.6666666666667,3.93182563272433,50,46,46,34,46
"BOTTLE BAG RETROSPOT","22377",2011,10,48,102.83,2.303,10,"B",59,58,55,3.89182029811063,48,51,49,49,49
"BOTTLE BAG RETROSPOT","22377",2011,11,16,37.66,2.912,5,"B",48,59,41,2.83321334405622,16,27,19,27,19
"BOTTLE BAG RETROSPOT","22377",2011,12,2,4.2,2.1,1,"B",16,48,22,1.09861228866811,2,4,3,4,3
"BOUDOIR SQUARE TISSUE BOX","22098",2011,10,845,335.76,0.528,26,"B",232,192,423,6.74051935960622,845,724,849,649,849
"BOUDOIR SQUARE TISSUE BOX","22098",2011,11,223,95.25,0.519375,30,"B",845,232,433.333333333333,5.41164605185504,223,357,269,365,269
"BOUDOIR SQUARE TISSUE BOX","22098",2011,12,62,28.32,0.64875,8,"B",223,845,376.666666666667,4.14313472639153,62,174,103,113,103
"BOX OF 24 COCKTAIL PARASOLS","84692",2011,10,484,200.25,0.489642857142857,28,"A",621,344,483,6.18414889093748,484,510,483,456,483
"BOX OF 24 COCKTAIL PARASOLS","84692",2011,11,629,278.53,0.451538461538461,51,"A",484,621,578,6.44571981938558,629,677,586,689,586
"BOX OF 24 COCKTAIL PARASOLS","84692",2011,12,206,95.95,0.454166666666667,12,"A",629,484,439.666666666667,5.33271879326537,206,289,240,282,240
"BOX OF 6 ASSORTED COLOUR TEASPOONS","84969",2011,10,37,155.33,4.09,6,"B",24,7,22.6666666666667,3.63758615972639,37,30,34,28,34
"BOX OF 6 ASSORTED COLOUR TEASPOONS","84969",2011,11,36,165.12,5.058,10,"B",37,24,32.3333333333333,3.61091791264422,36,35,40,34,40
"BOX OF 6 ASSORTED COLOUR TEASPOONS","84969",2011,12,3,12.75,4.25,2,"B",36,37,25.3333333333333,1.38629436111989,3,8,6,9,6
"BOX OF 6 CHRISTMAS CAKE DECORATIONS","23382",2011,12,310,1145.94,3.72125,16,"A",597,805,570.666666666667,5.73979291217923,310,314,258,318,258
"BOX OF 6 MINI 50'S CRACKERS","23319",2011,10,963,2240.43,2.46634615384615,101,"A",880,195,679.333333333333,6.87109129461055,963,801,871,799,871
"BOX OF 6 MINI 50'S CRACKERS","23319",2011,11,1211,2798.91,2.46905109489051,133,"A",963,880,1018,7.10002716662926,1211,1063,1151,965,1151
"BOX OF 6 MINI 50'S CRACKERS","23319",2011,12,174,433.26,2.49,31,"A",1211,963,782.666666666667,5.16478597392351,174,556,477,635,477
"BOX OF 6 MINI VINTAGE CRACKERS","23318",2011,10,1059,2440.11,2.46382978723404,94,"A",771,285,705,6.96602418710611,1059,908,984,873,984
"BOX OF 6 MINI VINTAGE CRACKERS","23318",2011,11,1188,2704.74,2.45525423728814,114,"A",1059,771,1006,7.08086789669078,1188,1029,1135,942,1135
"BOX OF 6 MINI VINTAGE CRACKERS","23318",2011,12,201,480.81,2.4771875,30,"A",1188,1059,816,5.30826769740121,201,547,492,674,492
"BOX OF 9 PEBBLE CANDLES","20886",2011,10,15,29.25,1.95,5,"B",18,24,19,2.77258872223978,15,18,17,22,17
"BOX OF 9 PEBBLE CANDLES","20886",2011,11,4,7.8,1.95,2,"B",15,18,12.3333333333333,1.6094379124341,4,7,6,8,6
"BOX OF VINTAGE ALPHABET BLOCKS","22622",2011,10,105,1158.75,11.8590909090909,22,"A",146,49,100,4.66343909411207,105,102,105,91,105
"BOX OF VINTAGE ALPHABET BLOCKS","22622",2011,11,191,2055.46,12.036,35,"A",105,146,147.333333333333,5.25749537202778,191,176,195,182,195
"BOX OF VINTAGE ALPHABET BLOCKS","22622",2011,12,37,394.15,11.3785714285714,7,"A",191,105,111,3.63758615972639,37,46,36,31,36
"BOX OF VINTAGE JIGSAW BLOCKS","22623",2011,10,153,910.35,5.95,42,"A",132,116,133.666666666667,5.03695260241363,153,165,146,165,146
"BOX OF VINTAGE JIGSAW BLOCKS","22623",2011,11,125,739.28,6.43763157894737,38,"A",153,132,136.666666666667,4.83628190695148,125,144,128,144,128
"BOX OF VINTAGE JIGSAW BLOCKS","22623",2011,12,15,95.76,6.76375,8,"A",125,153,97.6666666666667,2.77258872223978,15,42,29,39,29
"BOYS ALPHABET IRON ON PATCHES","84598",2011,11,288,60.48,0.21,1,"C",288,288,288,5.66642668811243,288,131,280,95,280
"BOYS VINTAGE TIN SEASIDE BUCKET","21716",2011,10,13,33.15,2.55,5,"A",8,98,39.6666666666667,2.63905732961526,13,21,14,25,14
"BOYS VINTAGE TIN SEASIDE BUCKET","21716",2011,11,85,192.77,2.98555555555556,9,"A",13,8,35.3333333333333,4.45434729625351,85,71,89,78,89
"BOYS VINTAGE TIN SEASIDE BUCKET","21716",2011,12,3,7.65,2.55,2,"A",85,13,33.6666666666667,1.38629436111989,3,8,5,8,5
"BREAD BIN DINER STYLE IVORY","22847",2011,10,73,1157.35,16.5382352941176,34,"A",155,74,100.666666666667,4.30406509320417,73,101,92,96,92
"BREAD BIN DINER STYLE IVORY","22847",2011,11,78,1266.44,16.9104761904762,42,"A",73,155,102,4.36944785246702,78,103,94,107,94
"BREAD BIN DINER STYLE IVORY","22847",2011,12,18,297.1,16.7961538461538,13,"A",78,73,56.3333333333333,2.94443897916644,18,33,31,39,31
"BREAD BIN DINER STYLE MINT","22849",2011,10,1,16.95,16.95,1,"A",11,33,15,0.693147180559945,1,4,2,3,2
"BREAD BIN DINER STYLE PINK","22848",2011,10,15,233.3,15.58125,8,"A",21,15,17,2.77258872223978,15,16,15,19,15
"BREAD BIN DINER STYLE RED","22846",2011,10,38,604.1,16.55,20,"A",82,50,56.6666666666667,3.66356164612965,38,50,46,60,46
"BREAD BIN DINER STYLE RED","22846",2011,11,63,979.85,16.1807692307692,26,"A",38,82,61,4.15888308335967,63,64,64,72,64
"BREAD BIN DINER STYLE RED","22846",2011,12,22,348.9,16.4045454545455,11,"A",63,38,41,3.13549421592915,22,30,24,27,24
"BROCADE RING PURSE","17003",2011,10,2399,779.37,0.378333333333333,24,"A",2153,1450,2000.66666666667,7.78322401633604,2399,2081,1732,1870,1732
"BROCADE RING PURSE","17003",2011,11,1056,413.28,0.402631578947368,37,"A",2399,2153,1869.33333333333,6.96318998587024,1056,1738,1948,1765,1948
"BROCADE RING PURSE","17003",2011,12,291,113.73,0.411818181818182,11,"A",1056,2399,1248.66666666667,5.67675380226828,291,807,778,519,778
"BROCANTE SHELF WITH HOOKS","22832",2011,11,20,207,10.65,8,"B",12,5,12.3333333333333,3.04452243772342,20,16,20,20,20
"BROWN  PIRATE TREASURE CHEST","22069",2011,10,30,49.5,1.65,6,"C",8,2,13.3333333333333,3.43398720448515,30,27,30,34,30
"BROWN  PIRATE TREASURE CHEST","22069",2011,11,36,59.4,1.65,6,"C",30,8,24.6666666666667,3.61091791264422,36,32,34,33,34
"BROWN  PIRATE TREASURE CHEST","22069",2011,12,97,37.83,0.39,7,"C",36,30,54.3333333333333,4.58496747867057,97,84,99,109,99
"BROWN CHECK CAT DOORSTOP","21407",2011,10,12,51,4.25,9,"B",46,19,25.6666666666667,2.56494935746154,12,23,17,22,17
"BROWN CHECK CAT DOORSTOP","21407",2011,11,4,15.75,3.9375,4,"B",12,46,20.6666666666667,1.6094379124341,4,11,7,11,7
"BROWN KUKUI COCONUT SEED NECKLACE","90030C",2011,11,6,6,1,1,"C",53,9,22.6666666666667,1.94591014905531,6,6,5,6,5
"BUBBLEGUM RING ASSORTED","23310",2011,10,2210,901.54,0.446428571428571,42,"A",2629,1260,2033,7.70120018085745,2210,2253,1613,2119,1613
"BUBBLEGUM RING ASSORTED","23310",2011,11,2086,866.55,0.427608695652174,45,"A",2210,2629,2308.33333333333,7.6434829070772,2086,2149,2445,2231,2445
"BUBBLEGUM RING ASSORTED","23310",2011,12,472,199.47,0.449285714285714,14,"A",2086,2210,1589.33333333333,6.15909538849193,472,1074,775,990,775
"BUFFALO BILL TREASURE BOOK BOX","23193",2011,10,41,96.91,2.50888888888889,18,"A",210,250,167,3.73766961828337,41,90,73,120,73
"BUFFALO BILL TREASURE BOOK BOX","23193",2011,11,507,1005.75,2.226,25,"A",41,210,252.666666666667,6.23048144757848,507,401,501,426,501
"BUFFALO BILL TREASURE BOOK BOX","23193",2011,12,398,779.1,2.175,4,"A",507,41,315.333333333333,5.98896141688986,398,86,147,104,147
"BULL DOG BOTTLE OPENER","23184",2011,10,59,309.57,5.48090909090909,22,"A",74,38,57,4.0943445622221,59,66,65,74,65
"BULL DOG BOTTLE OPENER","23184",2011,11,96,475.6,5.59307692307692,25,"A",59,74,76.3333333333333,4.57471097850338,96,98,97,104,97
"BULL DOG BOTTLE OPENER","23184",2011,12,26,140.38,5.59888888888889,9,"A",96,59,60.3333333333333,3.29583686600433,26,39,36,37,36
"BULL DOG BOTTLE TOP WALL CLOCK","23181",2011,10,11,90.75,8.25,6,"B",21,15,15.6666666666667,2.484906649788,11,13,10,11,10
"BULL DOG BOTTLE TOP WALL CLOCK","23181",2011,11,25,194.25,8.125,6,"B",11,21,19,3.25809653802148,25,21,20,17,20
"BULL DOG BOTTLE TOP WALL CLOCK","23181",2011,12,8,60,7.5,1,"B",25,11,14.6666666666667,2.19722457733622,8,4,5,5,5
"BUNDLE OF 3 ALPHABET EXERCISE BOOKS","23192",2011,10,589,944.69,1.6747619047619,41,"A",462,368,473,6.38012253689976,589,561,544,487,544
"BUNDLE OF 3 ALPHABET EXERCISE BOOKS","23192",2011,11,476,759.88,1.68941176470588,66,"A",589,462,509,6.16751649088834,476,560,552,576,552
"BUNDLE OF 3 ALPHABET EXERCISE BOOKS","23192",2011,12,222,337.5,1.62333333333333,15,"A",476,589,429,5.40717177146012,222,239,252,265,252
"BUNDLE OF 3 RETRO NOTE BOOKS","23191",2011,10,441,700.49,1.67536585365854,41,"A",319,281,347,6.0913098820777,441,458,486,440,486
"BUNDLE OF 3 RETRO NOTE BOOKS","23191",2011,11,268,442.44,1.74833333333333,47,"A",441,319,342.666666666667,5.59471137960184,268,368,342,373,342
"BUNDLE OF 3 RETRO NOTE BOOKS","23191",2011,12,77,131.97,1.77615384615385,12,"A",268,441,262,4.35670882668959,77,135,85,137,85
"BUNDLE OF 3 SCHOOL EXERCISE BOOKS","23190",2011,10,281,454.05,1.64333333333333,30,"A",171,160,204,5.64190707093811,281,277,275,255,275
"BUNDLE OF 3 SCHOOL EXERCISE BOOKS","23190",2011,11,169,280.49,1.69685714285714,34,"A",281,171,207,5.13579843705026,169,209,166,235,166
"BUNDLE OF 3 SCHOOL EXERCISE BOOKS","23190",2011,12,39,64.35,1.65,6,"A",169,281,163,3.68887945411394,39,58,50,57,50
"BUNNY DECORATION MAGIC GARDEN","22247",2011,11,2,1.7,0.85,1,"C",1,82,28.3333333333333,1.09861228866811,2,6,5,6,5
"BUNNY EGG GARLAND","85186C",2011,10,24,10.08,0.42,1,"C",116,181,107,3.2188758248682,24,17,15,12,15
"BUNNY WOODEN PAINTED WITH BIRD","22228",2011,10,111,43.29,0.39,9,"C",20,2,44.3333333333333,4.71849887129509,111,98,115,123,115
"BUNNY WOODEN PAINTED WITH BIRD","22228",2011,11,32,12.48,0.39,7,"C",111,20,54.3333333333333,3.49650756146648,32,41,34,49,34
"BUNNY WOODEN PAINTED WITH BIRD","22228",2011,12,29,11.31,0.39,4,"C",32,111,57.3333333333333,3.40119738166216,29,38,27,48,27
"BUNNY WOODEN PAINTED WITH FLOWER","22229",2011,10,86,33.54,0.39,8,"C",12,13,37,4.46590811865458,86,79,95,121,95
"BUNNY WOODEN PAINTED WITH FLOWER","22229",2011,11,7,2.73,0.39,4,"C",86,12,35,2.07944154167984,7,29,15,31,15
"BUNNY WOODEN PAINTED WITH FLOWER","22229",2011,12,3,1.17,0.39,2,"C",7,86,32,1.38629436111989,3,17,13,17,13
"BUTTERFLIES STICKERS","21675",2011,10,39,30.81,1.32666666666667,3,"C",54,72,55,3.68887945411394,39,31,31,27,31
"BUTTERFLIES STICKERS","21675",2011,11,69,60.99,1.1425,8,"C",39,54,54,4.24849524204936,69,65,63,68,63
"BUTTERFLIES STICKERS","21675",2011,12,14,13.46,1.24,2,"C",69,39,40.6666666666667,2.70805020110221,14,11,10,14,10
"BUTTERFLY CROCHET FOOD COVER","21468",2011,10,3,11.25,3.75,2,"C",4,29,12,1.38629436111989,3,7,5,6,5
"BUTTERFLY CROCHET FOOD COVER","21468",2011,11,3,14.96,4.98666666666667,3,"C",3,4,3.33333333333333,1.38629436111989,3,5,4,5,4
"BUTTON BOX","22653",2011,10,111,214.53,1.886,15,"B",144,25,93.3333333333333,4.71849887129509,111,101,102,108,102
"BUTTON BOX","22653",2011,11,63,116.77,1.85857142857143,14,"B",111,144,106,4.15888308335967,63,89,78,94,78
"BUTTON BOX","22653",2011,12,14,28.2,2.26,5,"B",63,111,62.6666666666667,2.70805020110221,14,28,26,27,26
"BUTTONS AND STRIPES NOTEBOOK","84497",2011,11,1,3.75,3.75,1,"C",2,1,1.33333333333333,0.693147180559945,1,1,1,2,1
"Bank Charges","BANK CHARGES",2011,10,2,30,15,2,"C",3,1,2,1.09861228866811,2,2,2,3,2
"Bank Charges","BANK CHARGES",2011,11,2,30,15,2,"C",2,3,2.33333333333333,1.09861228866811,2,2,2,3,2
"Bank Charges","BANK CHARGES",2011,12,1,15,15,1,"C",2,2,1.66666666666667,0.693147180559945,1,1,1,1,1
"CABIN BAG VINTAGE PAISLEY","22503",2011,10,16,419.2,28.2833333333333,3,"B",1,3,6.66666666666667,2.83321334405622,16,10,14,10,14
"CABIN BAG VINTAGE PAISLEY","22503",2011,11,3,79.85,27.45,2,"B",16,1,6.66666666666667,1.38629436111989,3,4,3,4,3
"CABIN BAG VINTAGE RETROSPOT","22504",2011,10,6,179.7,29.95,4,"A",17,3,8.66666666666667,1.94591014905531,6,8,7,6,7
"CABIN BAG VINTAGE RETROSPOT","22504",2011,11,25,628.75,26.6166666666667,3,"A",6,17,16,3.25809653802148,25,13,16,13,16
"CABIN BAG VINTAGE RETROSPOT","22504",2011,12,3,89.85,29.95,2,"A",25,6,11.3333333333333,1.38629436111989,3,4,3,4,3
"CACTI T-LIGHT CANDLES","85175",2011,10,308,135.92,0.457272727272727,11,"B",240,204,250.666666666667,5.73334127689775,308,257,280,243,280
"CACTI T-LIGHT CANDLES","85175",2011,11,544,216.96,0.415714285714286,14,"B",308,240,364,6.30078579466324,544,467,494,515,494
"CAKE PLATE LOVEBIRD PINK","22223",2011,10,9,44.55,4.95,2,"B",3,6,6,2.30258509299405,9,7,9,7,9
"CAKE PLATE LOVEBIRD PINK","22223",2011,11,6,29.7,4.95,2,"B",9,3,6,1.94591014905531,6,6,6,5,6
"CAKE PLATE LOVEBIRD PINK","22223",2011,12,3,14.85,4.95,1,"B",6,9,6,1.38629436111989,3,3,3,3,3
"CAKE PLATE LOVEBIRD WHITE","22222",2011,10,37,174.75,4.88636363636364,11,"A",31,35,34.3333333333333,3.63758615972639,37,36,35,37,35
"CAKE PLATE LOVEBIRD WHITE","22222",2011,11,29,143.55,4.95,16,"A",37,31,32.3333333333333,3.40119738166216,29,36,36,40,36
"CAKE PLATE LOVEBIRD WHITE","22222",2011,12,2,9.9,4.95,2,"A",29,37,22.6666666666667,1.09861228866811,2,7,4,7,4
"CAKE STAND 3 TIER MAGIC GARDEN","22236",2011,10,10,127.5,12.75,6,"A",9,45,21.3333333333333,2.39789527279837,10,13,11,11,11
"CAKE STAND 3 TIER MAGIC GARDEN","22236",2011,11,46,521.7,12.3,8,"A",10,9,21.6666666666667,3.85014760171006,46,36,42,30,42
"CAKE STAND LOVEBIRD 2 TIER PINK","22221",2011,10,8,79.6,9.95,4,"B",3,8,6.33333333333333,2.19722457733622,8,7,7,7,7
"CAKE STAND LOVEBIRD 2 TIER PINK","22221",2011,11,4,39.8,9.95,3,"B",8,3,5,1.6094379124341,4,5,5,4,5
"CAKE STAND LOVEBIRD 2 TIER PINK","22221",2011,12,37,116.15,4.11666666666667,6,"B",4,8,16.3333333333333,3.63758615972639,37,34,35,31,35
"CAKE STAND LOVEBIRD 2 TIER WHITE","22220",2011,10,8,79.6,9.95,5,"B",12,11,10.3333333333333,2.19722457733622,8,10,8,9,8
"CAKE STAND LOVEBIRD 2 TIER WHITE","22220",2011,11,26,241.3,9.78888888888889,9,"B",8,12,15.3333333333333,3.29583686600433,26,24,26,25,26
"CAKE STAND LOVEBIRD 2 TIER WHITE","22220",2011,12,85,250.75,2.95,16,"B",26,8,39.6666666666667,4.45434729625351,85,78,92,82,92
"CAKE STAND VICTORIAN FILIGREE MED","22183",2011,11,1,6.75,6.75,1,"C",1,13,5,0.693147180559945,1,2,1,2,1
"CAKE STAND VICTORIAN FILIGREE SMALL","22182",2011,10,29,143.55,4.95,8,"B",22,45,32,3.40119738166216,29,28,27,30,27
"CAKE STAND VICTORIAN FILIGREE SMALL","22182",2011,11,18,89.1,4.95,6,"B",29,22,23,2.94443897916644,18,15,16,18,16
"CAKE STAND VICTORIAN FILIGREE SMALL","22182",2011,12,80,100,1.25,5,"B",18,29,42.3333333333333,4.39444915467244,80,71,86,70,86
"CAKE STAND WHITE TWO TIER LACE","22215",2011,10,14,119,8.5,6,"B",45,8,22.3333333333333,2.70805020110221,14,17,15,14,15
"CAKE STAND WHITE TWO TIER LACE","22215",2011,11,11,93.5,8.5,7,"B",14,45,23.3333333333333,2.484906649788,11,18,13,13,13
"CAKE STAND WHITE TWO TIER LACE","22215",2011,12,90,265.5,2.95,17,"B",11,14,38.3333333333333,4.51085950651685,90,84,104,93,104
"CAKES AND BOWS GIFT  TAPE","21884",2011,10,5,3.25,0.65,3,"C",48,3,18.6666666666667,1.79175946922805,5,10,8,12,8
"CAKES AND BOWS GIFT  TAPE","21884",2011,11,25,16.25,0.65,3,"C",5,48,26,3.25809653802148,25,19,20,25,20
"CAKES AND BOWS GIFT  TAPE","21884",2011,12,12,7.8,0.65,1,"C",25,5,14,2.56494935746154,12,7,10,6,10
"CAKES AND RABBITS DESIGN FLANNEL","21943",2011,10,14,11.9,0.85,2,"C",2,12,9.33333333333333,2.70805020110221,14,11,14,13,14
"CAKES AND RABBITS DESIGN FLANNEL","21943",2011,11,1,0.85,0.85,1,"C",14,2,5.66666666666667,0.693147180559945,1,2,2,3,2
"CALENDAR FAMILY FAVOURITES","22903",2011,10,8,19.68,2.46,4,"C",7,19,11.3333333333333,2.19722457733622,8,10,9,12,9
"CALENDAR FAMILY FAVOURITES","22903",2011,11,37,99.84,2.73222222222222,9,"C",8,7,17.3333333333333,3.63758615972639,37,34,38,49,38
"CALENDAR FAMILY FAVOURITES","22903",2011,12,6,7.5,1.25,1,"C",37,8,17,1.94591014905531,6,8,6,5,6
"CALENDAR IN SEASON DESIGN","22905",2011,10,100,260.06,2.763,10,"B",14,15,43,4.61512051684126,100,90,107,95,107
"CALENDAR IN SEASON DESIGN","22905",2011,11,113,292.19,2.79923076923077,13,"B",100,14,75.6666666666667,4.7361984483945,113,102,103,89,103
"CALENDAR IN SEASON DESIGN","22905",2011,12,65,90.93,1.45166666666667,6,"B",113,100,92.6666666666667,4.18965474202643,65,55,58,61,58
"CALENDAR PAPER CUT DESIGN","22904",2011,10,319,894.09,3.27166666666667,24,"A",94,220,211,5.76832099579377,319,279,273,265,273
"CALENDAR PAPER CUT DESIGN","22904",2011,11,114,336.3,2.95,19,"A",319,94,175.666666666667,4.74493212836325,114,140,122,133,122
"CAMOUFLAGE EAR MUFF HEADPHONES","20782",2011,11,2,10.98,5.49,1,"C",5,1,2.66666666666667,1.09861228866811,2,2,1,2,1
"CAMOUFLAGE EAR MUFF HEADPHONES","20782",2011,12,3,18.23,6.07666666666667,3,"C",2,5,3.33333333333333,1.38629436111989,3,5,4,5,4
"CAMOUFLAGE LED TORCH","21833",2011,10,372,599.88,1.67333333333333,12,"A",468,192,344,5.92157841964382,372,278,269,242,269
"CAMOUFLAGE LED TORCH","21833",2011,11,351,593.19,1.69,25,"A",372,468,397,5.8636311755981,351,381,371,348,371
"CAMOUFLAGE LED TORCH","21833",2011,12,73,123.37,1.69,7,"A",351,372,265.333333333333,4.30406509320417,73,111,67,83,67
"CAMPHOR WOOD PORTOBELLO MUSHROOM","21379",2011,10,32,40,1.25,4,"C",10,12,18,3.49650756146648,32,31,33,32,33
"CAMPHOR WOOD PORTOBELLO MUSHROOM","21379",2011,11,6,7.5,1.25,1,"C",32,10,16,1.94591014905531,6,8,7,5,7
"CAMPHOR WOOD PORTOBELLO MUSHROOM","21379",2011,12,24,9.36,0.39,3,"C",6,32,20.6666666666667,3.2188758248682,24,20,22,27,22
"CANDLE HOLDER SILVER MADELINE","23037",2011,10,54,89.1,1.65,5,"C",16,12,27.3333333333333,4.00733318523247,54,49,62,46,62
"CANDLE HOLDER SILVER MADELINE","23037",2011,11,26,42.9,1.65,3,"C",54,16,32,3.29583686600433,26,26,22,19,22
"CANDLE HOLDER SILVER MADELINE","23037",2011,12,25,42.89,2.19666666666667,3,"C",26,54,35,3.25809653802148,25,20,20,16,20
"CANDLE PLATE LACE WHITE","22214",2011,10,2,5.1,2.55,1,"C",1,13,5.33333333333333,1.09861228866811,2,2,2,2,2
"CANDLE PLATE LACE WHITE","22214",2011,12,25,19.75,0.79,2,"C",2,1,9.33333333333333,3.25809653802148,25,19,27,22,27
"CANDLEHOLDER PINK HANGING HEART","22804",2011,10,106,289.94,3.15333333333333,12,"A",107,144,119,4.67282883446191,106,89,102,87,102
"CANDY HEART HANGING DECORATION","35923",2011,10,386,150.54,0.39,9,"C",50,60,165.333333333333,5.95842469302978,386,331,422,421,422
"CANDY HEART HANGING DECORATION","35923",2011,11,130,50.7,0.39,4,"C",386,50,188.666666666667,4.87519732320115,130,109,114,100,114
"CANDY HEART HANGING DECORATION","35923",2011,12,24,9.36,0.39,1,"C",130,386,180,3.2188758248682,24,21,22,17,22
"CANDY SHOP  STICKER SHEET","21721",2011,10,4,3.4,0.85,2,"C",5,22,10.3333333333333,1.6094379124341,4,6,4,8,4
"CANDY SPOT BUNNY","85089",2011,10,4,11.8,2.95,1,"C",2,3,3,1.6094379124341,4,4,4,2,4
"CANDY SPOT BUNNY","85089",2011,11,4,11.8,2.95,2,"C",4,2,3.33333333333333,1.6094379124341,4,5,4,4,4
"CANDY SPOT EGG WARMER HARE","85093",2011,10,18,7.02,0.39,2,"C",18,359,131.666666666667,2.94443897916644,18,40,25,25,25
"CANDY SPOT EGG WARMER HARE","85093",2011,11,20,7.8,0.39,1,"C",18,18,18.6666666666667,3.04452243772342,20,13,16,11,16
"CANDY SPOT EGG WARMER RABBIT","85094",2011,10,70,13.3,0.19,4,"C",36,4,36.6666666666667,4.26267987704132,70,56,55,74,55
"CANDY SPOT EGG WARMER RABBIT","85094",2011,11,101,19.19,0.19,8,"C",70,36,69,4.62497281328427,101,97,93,116,93
"CANDY SPOT EGG WARMER RABBIT","85094",2011,12,2,0.38,0.19,1,"C",101,70,57.6666666666667,1.09861228866811,2,21,12,19,12
"CANDY SPOT HAND BAG","85088",2011,10,75,143.91,2.64,3,"C",1,12,29.3333333333333,4.33073334028633,75,55,78,48,78
"CANDY SPOT HAND BAG","85088",2011,11,46,100.66,2.6075,4,"C",75,1,40.6666666666667,3.85014760171006,46,31,43,33,43
"CARAVAN SQUARE TISSUE BOX","22099",2011,10,438,172.89,0.47625,20,"C",172,266,292,6.08449941307517,438,390,360,346,360
"CARAVAN SQUARE TISSUE BOX","22099",2011,11,119,52.62,0.578181818181818,22,"C",438,172,243,4.78749174278205,119,191,176,186,176
"CARAVAN SQUARE TISSUE BOX","22099",2011,12,15,5.85,0.39,7,"C",119,438,190.666666666667,2.77258872223978,15,91,62,115,62
"CARD BILLBOARD FONT","22983",2011,10,434,183.1,0.432424242424242,33,"B",591,444,489.666666666667,6.07534603108868,434,486,451,459,451
"CARD BILLBOARD FONT","22983",2011,11,386,162.94,0.446451612903226,31,"B",434,591,470.333333333333,5.95842469302978,386,406,412,438,412
"CARD BILLBOARD FONT","22983",2011,12,98,41.98,0.47125,8,"B",386,434,306,4.59511985013459,98,147,152,163,152
"CARD BIRTHDAY COWBOY","22714",2011,10,252,101.52,0.415384615384615,13,"B",192,84,176,5.53338948872752,252,242,247,222,247
"CARD BIRTHDAY COWBOY","22714",2011,11,641,240.45,0.478461538461538,13,"B",252,192,361.666666666667,6.46458830368996,641,507,537,422,537
"CARD BIRTHDAY COWBOY","22714",2011,12,24,10.08,0.42,2,"B",641,252,305.666666666667,3.2188758248682,24,42,24,43,24
"CARD CAT AND TREE","22718",2011,10,84,35.28,0.42,6,"C",204,132,140,4.44265125649032,84,75,94,90,94
"CARD CAT AND TREE","22718",2011,11,108,45.36,0.42,8,"C",84,204,132,4.69134788222914,108,111,105,97,105
"CARD CAT AND TREE","22718",2011,12,12,5.04,0.42,1,"C",108,84,68,2.56494935746154,12,12,7,11,7
"CARD CHRISTMAS VILLAGE","22818",2011,10,714,299.88,0.42,45,"B",612,108,478,6.57228254269401,714,615,634,624,634
"CARD CHRISTMAS VILLAGE","22818",2011,11,1176,489.6,0.418888888888889,54,"B",714,612,834,7.07072410726028,1176,1077,1116,1083,1116
"CARD CHRISTMAS VILLAGE","22818",2011,12,120,50.4,0.42,8,"B",1176,714,670,4.79579054559674,120,248,286,252,286
"CARD CIRCUS PARADE","22716",2011,10,312,126.72,0.416666666666667,18,"B",288,264,288,5.74620319054015,312,306,318,340,318
"CARD CIRCUS PARADE","22716",2011,11,98,41.98,0.511111111111111,9,"B",312,288,232.666666666667,4.59511985013459,98,135,137,150,137
"CARD CIRCUS PARADE","22716",2011,12,85,36.11,0.478571428571429,7,"B",98,312,165,4.45434729625351,85,105,91,104,91
"CARD DOG AND BALL","22717",2011,10,60,25.2,0.42,4,"C",120,144,108,4.11087386417331,60,69,67,57,67
"CARD DOG AND BALL","22717",2011,11,84,35.28,0.42,6,"C",60,120,88,4.44265125649032,84,78,79,78,79
"CARD DOLLY GIRL","22712",2011,10,414,167.7,0.478518518518519,27,"B",469,468,450.333333333333,6.0282785202307,414,434,382,431,382
"CARD DOLLY GIRL","22712",2011,11,379,166.97,0.488333333333333,24,"B",414,469,420.666666666667,5.94017125272043,379,380,396,401,396
"CARD DOLLY GIRL","22712",2011,12,277,103.79,0.45625,8,"B",379,414,356.666666666667,5.62762111369064,277,254,256,217,256
"CARD GINGHAM ROSE","22984",2011,10,85,36.11,0.47125,8,"B",468,372,308.333333333333,4.45434729625351,85,175,162,165,162
"CARD GINGHAM ROSE","22984",2011,11,109,46.19,0.478571428571429,7,"B",85,468,220.666666666667,4.70048036579242,109,137,115,128,115
"CARD GINGHAM ROSE","22984",2011,12,36,15.12,0.42,3,"B",109,85,76.6666666666667,3.61091791264422,36,44,38,37,38
"CARD HOLDER GINGHAM HEART","22588",2011,10,120,352.6,3.006,25,"B",117,59,98.6666666666667,4.79579054559674,120,122,126,129,126
"CARD HOLDER GINGHAM HEART","22588",2011,11,114,346.86,3.33615384615385,26,"B",120,117,117,4.74493212836325,114,114,118,129,118
"CARD HOLDER GINGHAM HEART","22588",2011,12,14,46.26,3.85666666666667,3,"B",114,120,82.6666666666667,2.70805020110221,14,21,18,19,18
"CARD HOLDER LOVE BIRD LARGE","23470",2011,12,7,43.75,6.25,4,"B",67,146,73.3333333333333,2.07944154167984,7,21,11,17,11
"CARD HOLDER LOVE BIRD SMALL","23469",2011,11,95,394.25,4.15,24,"B",210,7,104,4.56434819146784,95,107,101,102,101
"CARD HOLDER LOVE BIRD SMALL","23469",2011,12,8,33.2,4.15,2,"B",95,210,104.333333333333,2.19722457733622,8,11,10,13,10
"CARD I LOVE LONDON","22713",2011,10,620,231.12,0.405,8,"B",206,156,327.333333333333,6.43133108193348,620,457,649,426,649
"CARD I LOVE LONDON","22713",2011,11,120,50.4,0.42,9,"B",620,206,315.333333333333,4.79579054559674,120,219,200,178,200
"CARD I LOVE LONDON","22713",2011,12,48,20.16,0.42,4,"B",120,620,262.666666666667,3.89182029811063,48,73,57,50,57
"CARD MOTORBIKE SANTA","22816",2011,10,810,333.72,0.41875,48,"B",564,24,466,6.69826805411541,810,645,838,679,838
"CARD MOTORBIKE SANTA","22816",2011,11,1224,505.44,0.417966101694915,58,"B",810,564,866,7.11069612297883,1224,1046,1195,1194,1195
"CARD MOTORBIKE SANTA","22816",2011,12,180,75.6,0.42,13,"B",1224,810,738,5.19849703126583,180,443,363,490,363
"CARD PARTY GAMES","22814",2011,10,121,50.82,0.42,13,"C",63,96,93.3333333333333,4.80402104473326,121,124,115,130,115
"CARD PARTY GAMES","22814",2011,11,101,42.42,0.42,9,"C",121,63,95,4.62497281328427,101,101,108,99,108
"CARD PARTY GAMES","22814",2011,12,168,61.92,0.4,3,"C",101,121,130,5.12989871492307,168,107,125,92,125
"CARD PSYCHEDELIC APPLES","22815",2011,10,96,40.32,0.42,8,"B",252,216,188,4.57471097850338,96,124,111,124,111
"CARD PSYCHEDELIC APPLES","22815",2011,11,144,60.48,0.42,9,"B",96,252,164,4.97673374242057,144,145,115,134,115
"CARD PSYCHEDELIC APPLES","22815",2011,12,22,9.24,0.42,2,"B",144,96,87.3333333333333,3.13549421592915,22,37,31,32,31
"CARD SUKI BIRTHDAY","22817",2011,10,79,33.18,0.42,8,"B",122,84,95,4.38202663467388,79,86,98,93,98
"CARD SUKI BIRTHDAY","22817",2011,11,313,127.14,0.417,20,"B",79,122,171.333333333333,5.74939298590825,313,278,334,370,334
"CARD SUKI BIRTHDAY","22817",2011,12,24,10.08,0.42,1,"B",313,79,138.666666666667,3.2188758248682,24,17,17,16,17
"CARD WEDDING DAY","22715",2011,10,48,20.16,0.42,4,"C",204,168,140,3.89182029811063,48,54,54,54,54
"CARD WEDDING DAY","22715",2011,11,6,2.52,0.42,1,"C",48,204,86,1.94591014905531,6,19,9,13,9
"CARDHOLDER GINGHAM CHRISTMAS TREE","22591",2011,10,80,276.9,3.88375,16,"B",106,6,64,4.39444915467244,80,77,56,77,56
"CARDHOLDER GINGHAM CHRISTMAS TREE","22591",2011,11,149,494.43,3.77166666666667,24,"B",80,106,111.666666666667,5.01063529409626,149,135,146,137,146
"CARDHOLDER GINGHAM CHRISTMAS TREE","22591",2011,12,5,33.15,6.63,1,"B",149,80,78,1.79175946922805,5,5,2,7,2
"CARDHOLDER GINGHAM STAR","22589",2011,10,84,265.53,3.49882352941176,17,"B",60,6,50,4.44265125649032,84,76,82,82,82
"CARDHOLDER GINGHAM STAR","22589",2011,11,107,311.06,3.20823529411765,17,"B",84,60,83.6666666666667,4.68213122712422,107,102,98,102,98
"CARDHOLDER GINGHAM STAR","22589",2011,12,3,14.88,4.96,1,"B",107,84,64.6666666666667,1.38629436111989,3,4,1,5,1
"CARDHOLDER HOLLY WREATH METAL","22592",2011,10,123,451.39,4.12157894736842,19,"B",121,23,89,4.82028156560504,123,111,97,87,97
"CARDHOLDER HOLLY WREATH METAL","22592",2011,11,169,639.56,3.95451612903226,31,"B",123,121,137.666666666667,5.13579843705026,169,158,147,158,147
"CARDHOLDER HOLLY WREATH METAL","22592",2011,12,33,142.3,4.28,7,"B",169,123,108.333333333333,3.52636052461616,33,48,37,42,37
"CAROUSEL DESIGN WASHBAG","47594A",2011,10,8,15.6,1.95,5,"C",8,1,5.66666666666667,2.19722457733622,8,9,8,10,8
"CAROUSEL DESIGN WASHBAG","47594A",2011,11,6,11.7,1.95,5,"C",8,8,7.33333333333333,1.94591014905531,6,9,7,11,7
"CARRIAGE","C2",2011,10,14,700,50,14,"A",18,7,13,2.70805020110221,14,17,16,22,16
"CARRIAGE","C2",2011,11,22,1100,50,22,"A",14,18,18,3.13549421592915,22,26,26,30,26
"CARRIAGE","C2",2011,12,3,150,50,3,"A",22,14,13,1.38629436111989,3,6,4,6,4
"CARROT CHARLIE+LOLA COASTER SET","84519B",2011,10,41,55.79,1.66272727272727,10,"C",20,21,27.3333333333333,3.73766961828337,41,41,40,47,40
"CARROT CHARLIE+LOLA COASTER SET","84519B",2011,11,80,100,1.25,23,"C",41,20,47,4.39444915467244,80,81,76,88,76
"CARROT CHARLIE+LOLA COASTER SET","84519B",2011,12,13,16.25,1.25,8,"C",80,41,44.6666666666667,2.63905732961526,13,35,24,37,24
"CARTOON  PENCIL SHARPENERS","16218",2011,10,360,21.6,0.06,6,"C",720,320,466.666666666667,5.88887795833288,360,313,279,252,279
"CARTOON  PENCIL SHARPENERS","16218",2011,11,560,33.6,0.06,13,"C",360,720,546.666666666667,6.3297209055227,560,501,535,516,535
"CARTOON  PENCIL SHARPENERS","16218",2011,12,95,5.7,0.06,3,"C",560,360,338.333333333333,4.56434819146784,95,160,134,148,134
"CAT BOWL VINTAGE CREAM","22853",2011,10,32,104,3.25,10,"B",27,19,26,3.49650756146648,32,31,33,35,33
"CAT BOWL VINTAGE CREAM","22853",2011,11,43,139.75,3.25,10,"B",32,27,34,3.78418963391826,43,41,45,40,45
"CAT BOWL VINTAGE CREAM","22853",2011,12,16,52,3.25,3,"B",43,32,30.3333333333333,2.83321334405622,16,16,16,18,16
"CD WALL TIDY RED FLOWERS","71495B",2011,10,48,17.28,0.36,1,"C",48,4,33.3333333333333,3.89182029811063,48,20,31,19,31
"CD WALL TIDY RED FLOWERS","71495B",2011,11,48,17.28,0.36,1,"C",48,48,48,3.89182029811063,48,23,33,24,33
"CERAMIC BOWL WITH LOVE HEART DESIGN","22062",2011,10,34,28.22,0.83,7,"C",67,8,36.3333333333333,3.55534806148941,34,41,33,40,33
"CERAMIC BOWL WITH STRAWBERRY DESIGN","22063",2011,10,11,32.45,2.95,5,"B",1,44,18.6666666666667,2.484906649788,11,15,14,13,14
"CERAMIC BOWL WITH STRAWBERRY DESIGN","22063",2011,11,26,76.7,2.95,9,"B",11,1,12.6666666666667,3.29583686600433,26,23,25,32,25
"CERAMIC BOWL WITH STRAWBERRY DESIGN","22063",2011,12,200,158,0.79,9,"B",26,11,79,5.30330490805908,200,180,210,226,210
"CERAMIC CAKE BOWL + HANGING CAKES","37450",2011,10,43,119.65,2.90555555555556,9,"B",33,51,42.3333333333333,3.78418963391826,43,44,45,46,45
"CERAMIC CAKE BOWL + HANGING CAKES","37450",2011,11,54,152.1,2.91,9,"B",43,33,43.3333333333333,4.00733318523247,54,54,52,50,52
"CERAMIC CAKE BOWL + HANGING CAKES","37450",2011,12,3,8.85,2.95,2,"B",54,43,33.3333333333333,1.38629436111989,3,9,6,9,6
"CERAMIC CAKE DESIGN SPOTTED MUG","37448",2011,10,74,110.26,1.49,9,"B",34,74,60.6666666666667,4.31748811353631,74,65,66,65,66
"CERAMIC CAKE DESIGN SPOTTED MUG","37448",2011,11,136,191.12,1.47153846153846,13,"B",74,34,81.3333333333333,4.91998092582813,136,117,128,115,128
"CERAMIC CAKE DESIGN SPOTTED MUG","37448",2011,12,30,44.7,1.49,5,"B",136,74,80,3.43398720448515,30,38,36,45,36
"CERAMIC CAKE DESIGN SPOTTED PLATE","37447",2011,10,64,95.36,1.49,6,"B",19,80,54.3333333333333,4.17438726989564,64,47,58,47,58
"CERAMIC CAKE DESIGN SPOTTED PLATE","37447",2011,11,52,77.48,1.49,5,"B",64,19,45,3.97029191355212,52,45,48,36,48
"CERAMIC CAKE DESIGN SPOTTED PLATE","37447",2011,12,24,35.76,1.49,2,"B",52,64,46.6666666666667,3.2188758248682,24,18,14,12,14
"CERAMIC CAKE STAND + HANGING CAKES","37449",2011,10,72,635.2,9.68636363636364,11,"A",8,69,49.6666666666667,4.29045944114839,72,56,61,44,61
"CERAMIC CAKE STAND + HANGING CAKES","37449",2011,11,41,396.35,9.86470588235294,17,"A",72,8,40.3333333333333,3.73766961828337,41,44,43,36,43
"CERAMIC CAKE STAND + HANGING CAKES","37449",2011,12,3,29.85,9.95,2,"A",41,72,38.6666666666667,1.38629436111989,3,6,5,6,5
"CERAMIC CHERRY CAKE MONEY BANK","22644",2011,10,22,33.74,1.71285714285714,7,"B",181,38,80.3333333333333,3.13549421592915,22,42,35,48,35
"CERAMIC CHERRY CAKE MONEY BANK","22644",2011,11,186,271.54,1.51814814814815,27,"B",22,181,129.666666666667,5.23110861685459,186,175,185,192,185
"CERAMIC CHERRY CAKE MONEY BANK","22644",2011,12,575,224.25,0.39,23,"B",186,22,261,6.35610766069589,575,479,610,483,610
"CERAMIC HEART FAIRY CAKE MONEY BANK","22645",2011,10,62,100.94,1.66647058823529,17,"B",139,53,84.6666666666667,4.14313472639153,62,84,87,92,87
"CERAMIC HEART FAIRY CAKE MONEY BANK","22645",2011,11,170,264.9,1.6730303030303,33,"B",62,139,123.666666666667,5.14166355650266,170,166,154,193,154
"CERAMIC HEART FAIRY CAKE MONEY BANK","22645",2011,12,279,127.33,0.555,23,"B",170,62,170.333333333333,5.63478960316925,279,275,271,274,271
"CERAMIC LOVE HEART MONEY BANK","22647",2011,10,4,5.8,1.45,1,"C",18,4,8.66666666666667,1.6094379124341,4,4,4,4,4
"CERAMIC LOVE HEART MONEY BANK","22647",2011,11,12,17.4,1.45,1,"C",4,18,11.3333333333333,2.56494935746154,12,8,9,6,9
"CERAMIC LOVE HEART MONEY BANK","22647",2011,12,126,49.14,0.39,6,"C",12,4,47.3333333333333,4.84418708645859,126,109,132,151,132
"CERAMIC PIRATE CHEST MONEY BANK","22650",2011,10,82,111.7,1.42777777777778,9,"B",59,36,59,4.4188406077966,82,76,84,76,84
"CERAMIC PIRATE CHEST MONEY BANK","22650",2011,11,139,201.55,1.45,20,"B",82,59,93.3333333333333,4.9416424226093,139,130,129,137,129
"CERAMIC PIRATE CHEST MONEY BANK","22650",2011,12,15,21.75,1.45,4,"B",139,82,78.6666666666667,2.77258872223978,15,35,24,28,24
"CERAMIC PLATE STRAWBERRY DESIGN","22057",2011,10,40,59.6,1.49,2,"C",4,4,16,3.71357206670431,40,32,44,35,44
"CERAMIC PLATE STRAWBERRY DESIGN","22057",2011,11,67,99.83,1.49,10,"C",40,4,37,4.21950770517611,67,59,68,64,68
"CERAMIC PLATE STRAWBERRY DESIGN","22057",2011,12,176,68.64,0.39,12,"C",67,40,94.3333333333333,5.17614973257383,176,158,143,157,143
"CERAMIC STRAWBERRY CAKE MONEY BANK","22646",2011,10,330,437.14,1.51260869565217,23,"A",300,171,267,5.80211837537706,330,318,308,269,308
"CERAMIC STRAWBERRY CAKE MONEY BANK","22646",2011,11,540,709.72,1.63962962962963,27,"A",330,300,390,6.29341927884648,540,479,541,457,541
"CERAMIC STRAWBERRY CAKE MONEY BANK","22646",2011,12,746,415.1,0.558333333333333,23,"A",540,330,538.666666666667,6.61606518513282,746,659,755,569,755
"CERAMIC STRAWBERRY DESIGN MUG","22059",2011,10,39,58.11,1.49,6,"B",17,46,34,3.68887945411394,39,37,35,40,35
"CERAMIC STRAWBERRY DESIGN MUG","22059",2011,11,130,182.18,1.475,14,"B",39,17,62,4.87519732320115,130,120,127,112,127
"CERAMIC STRAWBERRY DESIGN MUG","22059",2011,12,500,195,0.39,24,"B",130,39,223,6.21660610108486,500,465,601,518,601
"CERAMIC STRAWBERRY MONEY BOX","21556",2011,11,4,10.2,2.55,3,"B",1,20,8.33333333333333,1.6094379124341,4,5,5,6,5
"CERAMIC STRAWBERRY TRINKET TRAY","21555",2011,10,12,30.6,2.55,2,"C",1,1,4.66666666666667,2.56494935746154,12,9,12,8,12
"CERAMIC STRAWBERRY TRINKET TRAY","21555",2011,11,6,15.3,2.55,1,"C",12,1,6.33333333333333,1.94591014905531,6,5,5,4,5
"CHAMBRE HOOK","23416",2011,11,10,16.5,1.65,4,"C",14,61,28.3333333333333,2.39789527279837,10,18,18,17,18
"CHAMBRE HOOK","23416",2011,12,38,14.82,0.39,7,"C",10,14,20.6666666666667,3.66356164612965,38,36,34,46,34
"CHARLIE & LOLA WASTEPAPER BIN BLUE","85183A",2011,10,81,101.25,1.25,12,"B",53,36,56.6666666666667,4.40671924726425,81,76,77,85,77
"CHARLIE & LOLA WASTEPAPER BIN BLUE","85183A",2011,11,72,90,1.25,14,"B",81,53,68.6666666666667,4.29045944114839,72,75,80,88,80
"CHARLIE & LOLA WASTEPAPER BIN BLUE","85183A",2011,12,13,16.25,1.25,2,"B",72,81,55.3333333333333,2.63905732961526,13,14,14,13,14
"CHARLIE & LOLA WASTEPAPER BIN FLORA","85183B",2011,10,102,127.5,1.25,13,"B",89,55,82,4.63472898822964,102,100,93,98,93
"CHARLIE & LOLA WASTEPAPER BIN FLORA","85183B",2011,11,127,158.75,1.25,21,"B",102,89,106,4.85203026391962,127,129,120,134,120
"CHARLIE & LOLA WASTEPAPER BIN FLORA","85183B",2011,12,12,15,1.25,1,"B",127,102,80.3333333333333,2.56494935746154,12,10,8,11,8
"CHARLIE + LOLA RED HOT WATER BOTTLE","84032B",2011,10,56,168.94,3.01181818181818,22,"B",37,6,33,4.04305126783455,56,55,56,57,56
"CHARLIE + LOLA RED HOT WATER BOTTLE","84032B",2011,11,89,265.27,2.9925,31,"B",56,37,60.6666666666667,4.49980967033027,89,90,85,100,85
"CHARLIE + LOLA RED HOT WATER BOTTLE","84032B",2011,12,283,254.49,1.08652173913043,22,"B",89,56,142.666666666667,5.64897423816121,283,250,265,304,265
"CHARLIE LOLA BLUE HOT WATER BOTTLE","84031B",2011,10,18,79.02,4.494,10,"C",10,3,10.3333333333333,2.94443897916644,18,17,16,23,16
"CHARLIE LOLA BLUE HOT WATER BOTTLE","84031B",2011,11,23,103.31,4.52,8,"C",18,10,17,3.17805383034795,23,23,22,27,22
"CHARLIE LOLA BLUE HOT WATER BOTTLE","84031B",2011,12,26,35.38,1.66142857142857,7,"C",23,18,22.3333333333333,3.29583686600433,26,29,29,33,29
"CHARLIE+LOLA MY ROOM DOOR SIGN","85071D",2011,10,75,29.25,0.39,10,"C",58,40,57.6666666666667,4.33073334028633,75,79,70,98,70
"CHARLIE+LOLA MY ROOM DOOR SIGN","85071D",2011,11,74,28.86,0.39,18,"C",75,58,69,4.31748811353631,74,98,78,106,78
"CHARLIE+LOLA MY ROOM DOOR SIGN","85071D",2011,12,3,1.17,0.39,3,"C",74,75,50.6666666666667,1.38629436111989,3,28,20,37,20
"CHARLIE+LOLA PINK HOT WATER BOTTLE","84032A",2011,10,49,150.33,3.03947368421053,19,"B",50,6,35,3.91202300542815,49,50,52,48,52
"CHARLIE+LOLA PINK HOT WATER BOTTLE","84032A",2011,11,81,242.69,2.99689655172414,28,"B",49,50,60,4.40671924726425,81,84,87,101,87
"CHARLIE+LOLA PINK HOT WATER BOTTLE","84032A",2011,12,114,120.98,1.12285714285714,14,"B",81,49,81.3333333333333,4.74493212836325,114,109,127,131,127
"CHARLIE+LOLA RED HOT WATER BOTTLE","84031A",2011,10,26,115.7,4.50142857142857,14,"C",13,3,14,3.29583686600433,26,25,27,33,27
"CHARLIE+LOLA RED HOT WATER BOTTLE","84031A",2011,11,21,94.01,4.494,10,"C",26,13,20,3.09104245335832,21,23,22,27,22
"CHARLIE+LOLA RED HOT WATER BOTTLE","84031A",2011,12,88,115.76,1.57,9,"C",21,26,45,4.48863636973214,88,80,99,85,99
"CHARLIE+LOLA""EXTREMELY BUSY"" SIGN","85071C",2011,10,67,26.13,0.39,9,"C",209,43,106.333333333333,4.21950770517611,67,111,85,102,85
"CHARLIE+LOLA""EXTREMELY BUSY"" SIGN","85071C",2011,11,96,37.44,0.39,16,"C",67,209,124,4.57471097850338,96,137,92,121,92
"CHARLIE+LOLA""EXTREMELY BUSY"" SIGN","85071C",2011,12,8,7.69,1.04285714285714,7,"C",96,67,57,2.19722457733622,8,35,27,46,27
"CHARLOTTE BAG APPLES DESIGN","23204",2011,10,842,663.7,0.838444444444444,45,"A",405,938,728.333333333333,6.73696695800186,842,816,860,920,860
"CHARLOTTE BAG APPLES DESIGN","23204",2011,11,790,632.5,0.844901960784314,51,"A",842,405,679,6.67329796776765,790,686,732,719,732
"CHARLOTTE BAG APPLES DESIGN","23204",2011,12,237,188.45,0.839166666666667,12,"A",790,842,623,5.47227067367148,237,386,266,338,266
"CHARLOTTE BAG DOLLY GIRL DESIGN","22661",2011,10,473,364.61,0.876,24,"A",315,704,497.333333333333,6.16120732169508,473,485,444,460,444
"CHARLOTTE BAG DOLLY GIRL DESIGN","22661",2011,11,390,332.28,0.8656,49,"A",473,315,392.666666666667,5.96870755998537,390,437,390,455,390
"CHARLOTTE BAG DOLLY GIRL DESIGN","22661",2011,12,89,75.65,0.85,8,"A",390,473,317.333333333333,4.49980967033027,89,157,154,159,154
"CHARLOTTE BAG PINK POLKADOT","22356",2011,10,514,431.96,0.930888888888889,44,"A",545,889,649.333333333333,6.24416690066374,514,596,558,626,558
"CHARLOTTE BAG PINK POLKADOT","22356",2011,11,1052,854.16,0.88,63,"A",514,545,703.666666666667,6.95939851213398,1052,903,1093,983,1093
"CHARLOTTE BAG PINK POLKADOT","22356",2011,12,72,68.22,0.961428571428571,7,"A",1052,514,546,4.29045944114839,72,210,157,153,157
"CHARLOTTE BAG SUKI DESIGN","22355",2011,10,797,643.91,0.883620689655172,57,"A",631,869,765.666666666667,6.68210859744981,797,810,827,962,827
"CHARLOTTE BAG SUKI DESIGN","22355",2011,11,705,576.37,0.883015873015873,63,"A",797,631,711,6.55961523749324,705,706,663,860,663
"CHARLOTTE BAG SUKI DESIGN","22355",2011,12,244,194.4,0.841333333333333,15,"A",705,797,582,5.50125821054473,244,363,336,435,336
"CHARLOTTE BAG VINTAGE ALPHABET","23205",2011,10,732,570.98,0.858863636363636,44,"A",562,512,602,6.59714570188665,732,647,693,718,693
"CHARLOTTE BAG VINTAGE ALPHABET","23205",2011,11,657,521.79,0.894255319148936,46,"A",732,562,650.333333333333,6.48920493132532,657,634,649,655,649
"CHARLOTTE BAG VINTAGE ALPHABET","23205",2011,12,96,81.6,0.85,9,"A",657,732,495,4.57471097850338,96,262,203,205,203
"CHERRY BLOSSOM  DECORATIVE FLASK","84279P",2011,10,36,130.68,3.705,8,"B",21,51,36,3.61091791264422,36,32,31,34,31
"CHERRY BLOSSOM  DECORATIVE FLASK","84279P",2011,11,40,150,3.75,16,"B",36,21,32.3333333333333,3.71357206670431,40,43,45,45,45
"CHERRY BLOSSOM  DECORATIVE FLASK","84279P",2011,12,4,15,3.75,1,"B",40,36,26.6666666666667,1.6094379124341,4,5,5,6,5
"CHERRY BLOSSOM LUGGAGE TAG","20653",2011,11,13,17.46,1.855,2,"C",7,12,10.6666666666667,2.63905732961526,13,12,14,12,14
"CHERRY BLOSSOM LUGGAGE TAG","20653",2011,12,1,2.46,2.46,1,"C",13,7,7,0.693147180559945,1,2,1,2,1
"CHERRY BLOSSOM PASSPORT COVER","20616",2011,10,6,7.88,1.595,4,"C",1,6,4.33333333333333,1.94591014905531,6,6,6,9,6
"CHERRY BLOSSOM PASSPORT COVER","20616",2011,11,22,16.5,0.75,3,"C",6,1,9.66666666666667,3.13549421592915,22,18,21,25,21
"CHERRY BLOSSOM PASSPORT COVER","20616",2011,12,1,0.75,0.75,1,"C",22,6,9.66666666666667,0.693147180559945,1,4,2,4,2
"CHERRY CROCHET FOOD COVER","21467",2011,10,6,22.5,3.75,1,"B",7,51,21.3333333333333,1.94591014905531,6,4,4,4,4
"CHERRY CROCHET FOOD COVER","21467",2011,11,3,14.96,4.98666666666667,3,"B",6,7,5.33333333333333,1.38629436111989,3,5,4,5,4
"CHERRY CROCHET FOOD COVER","21467",2011,12,1,3.75,3.75,1,"B",3,6,3.33333333333333,0.693147180559945,1,2,1,2,1
"CHERUB HEART DECORATION GOLD","23224",2011,10,178,148.3,0.957222222222222,18,"C",262,12,150.666666666667,5.18738580584075,178,174,174,212,174
"CHERUB HEART DECORATION GOLD","23224",2011,11,176,182.08,0.914210526315789,19,"C",178,262,205.333333333333,5.17614973257383,176,188,177,185,177
"CHERUB HEART DECORATION GOLD","23224",2011,12,57,48.91,0.944285714285714,7,"C",176,178,137,4.06044301054642,57,69,56,62,56
"CHERUB HEART DECORATION SILVER","23225",2011,10,507,392.09,0.9768,25,"B",174,36,239,6.23048144757848,507,449,556,462,556
"CHERUB HEART DECORATION SILVER","23225",2011,11,422,395.22,0.992631578947368,19,"B",507,174,367.666666666667,6.04737217904628,422,365,379,357,379
"CHERUB HEART DECORATION SILVER","23225",2011,12,44,37.32,0.99,5,"B",422,507,324.333333333333,3.80666248977032,44,125,113,80,113
"CHEST 7 DRAWER MA CAMPAGNE","22761",2011,10,6,140.7,23.95,3,"B",1,1,2.66666666666667,1.94591014905531,6,5,5,4,5
"CHEST 7 DRAWER MA CAMPAGNE","22761",2011,11,3,68.85,23.45,2,"B",6,1,3.33333333333333,1.38629436111989,3,3,3,3,3
"CHEST 7 DRAWER MA CAMPAGNE","22761",2011,12,1,24.95,24.95,1,"B",3,6,3.33333333333333,0.693147180559945,1,2,1,2,1
"CHEST NATURAL WOOD 20 DRAWERS","22823",2011,11,4,440,110,1,"A",3,3,3.33333333333333,1.6094379124341,4,3,3,2,3
"CHEST OF DRAWERS GINGHAM HEART","22797",2011,10,13,212.35,16.6166666666667,6,"B",5,5,7.66666666666667,2.63905732961526,13,10,13,12,13
"CHEST OF DRAWERS GINGHAM HEART","22797",2011,11,16,255.2,16.7277777777778,9,"B",13,5,11.3333333333333,2.83321334405622,16,13,15,18,15
"CHEST OF DRAWERS GINGHAM HEART","22797",2011,12,2,50.24,25.12,2,"B",16,13,10.3333333333333,1.09861228866811,2,3,2,4,2
"CHICK GREY HOT WATER BOTTLE","21484",2011,10,201,825.05,4.20490196078431,51,"A",187,32,140,5.30826769740121,201,192,198,205,198
"CHICK GREY HOT WATER BOTTLE","21484",2011,11,409,1685.46,4.26592105263158,73,"A",201,187,265.666666666667,6.01615715969835,409,369,370,336,370
"CHICK GREY HOT WATER BOTTLE","21484",2011,12,85,364.46,4.39590909090909,21,"A",409,201,231.666666666667,4.45434729625351,85,160,161,163,161
"CHILDREN'S APRON DOLLY GIRL","22899",2011,10,124,268.52,2.2903125,31,"A",238,172,178,4.8283137373023,124,167,143,180,143
"CHILDREN'S APRON DOLLY GIRL","22899",2011,11,323,655.33,2.13490196078431,51,"A",124,238,228.333333333333,5.78074351579233,323,333,313,367,313
"CHILDREN'S APRON DOLLY GIRL","22899",2011,12,94,186.93,2.22714285714286,13,"A",323,124,180.333333333333,4.55387689160054,94,110,101,123,101
"CHILDREN'S CIRCUS PARADE MUG","22973",2011,10,101,166.65,1.65,13,"B",31,76,69.3333333333333,4.62497281328427,101,88,98,89,98
"CHILDREN'S CIRCUS PARADE MUG","22973",2011,11,122,183.74,1.89,6,"B",101,31,84.6666666666667,4.81218435537242,122,75,78,71,78
"CHILDREN'S CIRCUS PARADE MUG","22973",2011,12,68,104.24,1.938,5,"B",122,101,97,4.23410650459726,68,59,51,56,51
"CHILDREN'S SPACEBOY MUG","22972",2011,10,224,369.6,1.65,26,"A",90,84,132.666666666667,5.41610040220442,224,207,216,224,216
"CHILDREN'S SPACEBOY MUG","22972",2011,11,108,184.76,1.73631578947368,19,"A",224,90,140.666666666667,4.69134788222914,108,128,116,143,116
"CHILDREN'S SPACEBOY MUG","22972",2011,12,41,67.65,1.65,7,"A",108,224,124.333333333333,3.73766961828337,41,56,36,53,36
"CHILDRENS APRON APPLES DESIGN","22898",2011,10,139,271.05,1.95,25,"A",175,260,191.333333333333,4.9416424226093,139,166,172,195,172
"CHILDRENS APRON APPLES DESIGN","22898",2011,11,364,687.72,1.94809523809524,42,"A",139,175,226,5.89989735358249,364,358,382,381,382
"CHILDRENS APRON APPLES DESIGN","22898",2011,12,47,93.83,2.14818181818182,11,"A",364,139,183.333333333333,3.87120101090789,47,91,74,109,74
"CHILDRENS APRON SPACEBOY DESIGN","22367",2011,10,320,619.08,2.09271186440678,59,"A",364,357,347,5.77144112313002,320,393,377,440,377
"CHILDRENS APRON SPACEBOY DESIGN","22367",2011,11,656,1212.04,2.0364367816092,86,"A",320,364,446.666666666667,6.48768401848461,656,649,650,705,650
"CHILDRENS APRON SPACEBOY DESIGN","22367",2011,12,111,220.81,2.0372,23,"A",656,320,362.333333333333,4.71849887129509,111,231,204,269,204
"CHILDRENS CUTLERY CIRCUS PARADE","23255",2011,10,131,543.65,4.15,19,"A",131,135,132.333333333333,4.88280192258637,131,131,124,119,124
"CHILDRENS CUTLERY CIRCUS PARADE","23255",2011,11,110,431.84,4.46166666666667,12,"A",131,131,124,4.70953020131233,110,89,83,87,83
"CHILDRENS CUTLERY CIRCUS PARADE","23255",2011,12,34,141.1,4.15,7,"A",110,131,91.6666666666667,3.55534806148941,34,43,40,41,40
"CHILDRENS CUTLERY DOLLY GIRL","23254",2011,10,131,543.65,4.15,32,"A",189,169,163,4.88280192258637,131,142,126,154,126
"CHILDRENS CUTLERY DOLLY GIRL","23254",2011,11,309,1224.75,4.14047619047619,42,"A",131,189,209.666666666667,5.73657229747919,309,280,267,314,267
"CHILDRENS CUTLERY DOLLY GIRL","23254",2011,12,33,136.95,4.15,11,"A",309,131,157.666666666667,3.52636052461616,33,84,73,88,73
"CHILDRENS CUTLERY POLKADOT BLUE","84997C",2011,10,279,1119.45,4.12714285714286,35,"A",226,150,218.333333333333,5.63478960316925,279,271,269,247,269
"CHILDRENS CUTLERY POLKADOT BLUE","84997C",2011,11,604,2305,4.09838709677419,31,"A",279,226,369.666666666667,6.40522845803084,604,509,532,454,532
"CHILDRENS CUTLERY POLKADOT BLUE","84997C",2011,12,101,390.35,4.09285714285714,7,"A",604,279,328,4.62497281328427,101,148,135,78,135
"CHILDRENS CUTLERY POLKADOT GREEN","84997A",2011,10,117,493.83,4.58578947368421,19,"A",197,87,133.666666666667,4.77068462446567,117,120,119,113,119
"CHILDRENS CUTLERY POLKADOT GREEN","84997A",2011,11,260,1025.54,4.30583333333333,24,"A",117,197,191.333333333333,5.56452040732269,260,232,245,215,245
"CHILDRENS CUTLERY POLKADOT GREEN","84997A",2011,12,156,589.8,3.95,4,"A",260,117,177.666666666667,5.05624580534831,156,89,106,39,106
"CHILDRENS CUTLERY POLKADOT PINK","84997D",2011,10,452,1793.54,4.21533333333333,44,"A",456,199,369,6.11589212548303,452,416,390,384,390
"CHILDRENS CUTLERY POLKADOT PINK","84997D",2011,11,689,2656.43,4.29521739130435,46,"A",452,456,532.333333333333,6.5366915975913,689,594,607,496,607
"CHILDRENS CUTLERY POLKADOT PINK","84997D",2011,12,128,510.68,4.37,17,"A",689,452,423,4.85981240436167,128,218,176,190,176
"CHILDRENS CUTLERY RETROSPOT RED","84997B",2011,10,252,992.34,4.27846153846154,26,"A",362,175,263,5.53338948872752,252,237,259,212,259
"CHILDRENS CUTLERY RETROSPOT RED","84997B",2011,11,384,1482.54,4.241875,32,"A",252,362,332.666666666667,5.95324333428778,384,337,324,315,324
"CHILDRENS CUTLERY RETROSPOT RED","84997B",2011,12,95,365.45,4.09285714285714,7,"A",384,252,243.666666666667,4.56434819146784,95,113,110,74,110
"CHILDRENS CUTLERY SPACEBOY","23256",2011,10,221,917.15,4.15,36,"A",184,206,203.666666666667,5.40267738187228,221,218,216,204,216
"CHILDRENS CUTLERY SPACEBOY","23256",2011,11,334,1328.5,4.13297872340426,47,"A",221,184,246.333333333333,5.81413053182507,334,303,322,293,322
"CHILDRENS CUTLERY SPACEBOY","23256",2011,12,113,448.43,4.35777777777778,17,"A",334,221,222.666666666667,4.7361984483945,113,147,126,151,126
"CHILDRENS DOLLY GIRL MUG","22974",2011,10,85,143.53,1.78666666666667,12,"B",90,84,86.3333333333333,4.45434729625351,85,82,86,90,86
"CHILDRENS DOLLY GIRL MUG","22974",2011,11,115,196.31,1.88428571428571,21,"B",85,90,96.6666666666667,4.75359019110636,115,122,127,137,127
"CHILDRENS DOLLY GIRL MUG","22974",2011,12,29,47.85,1.65,6,"B",115,85,76.3333333333333,3.40119738166216,29,39,33,40,33
"CHILDRENS TOY COOKING UTENSIL SET","23348",2011,10,262,533.36,2.07395833333333,47,"B",183,42,162.333333333333,5.57215403217776,262,247,269,281,269
"CHILDRENS TOY COOKING UTENSIL SET","23348",2011,11,189,393.12,2.08,43,"B",262,183,211.333333333333,5.24702407216049,189,225,182,262,182
"CHILDS BREAKFAST SET CIRCUS PARADE","22636",2011,10,45,368.9,8.36923076923077,13,"A",20,32,32.3333333333333,3.8286413964891,45,41,45,39,45
"CHILDS BREAKFAST SET CIRCUS PARADE","22636",2011,11,85,702.1,8.41206896551724,29,"A",45,20,50,4.45434729625351,85,80,89,79,89
"CHILDS BREAKFAST SET CIRCUS PARADE","22636",2011,12,16,136,8.5,7,"A",85,45,48.6666666666667,2.83321334405622,16,26,22,23,22
"CHILDS BREAKFAST SET DOLLY GIRL","22635",2011,10,32,306.8,9.859375,16,"A",48,139,73,3.49650756146648,32,56,37,50,37
"CHILDS BREAKFAST SET DOLLY GIRL","22635",2011,11,83,796.85,9.85333333333333,29,"A",32,48,54.3333333333333,4.43081679884331,83,76,85,82,85
"CHILDS BREAKFAST SET DOLLY GIRL","22635",2011,12,19,177.45,9.76875,8,"A",83,32,44.6666666666667,2.99573227355399,19,26,19,22,19
"CHILDS BREAKFAST SET SPACEBOY","22634",2011,10,48,454.4,9.81818181818182,22,"A",50,91,63,3.89182029811063,48,56,55,65,55
"CHILDS BREAKFAST SET SPACEBOY","22634",2011,11,103,932.05,9.63928571428571,28,"A",48,50,67,4.64439089914137,103,96,106,97,106
"CHILDS BREAKFAST SET SPACEBOY","22634",2011,12,29,276.95,9.81818181818182,10,"A",103,48,60,3.40119738166216,29,41,27,33,27
"CHILDS GARDEN FORK BLUE","22522",2011,10,34,28.9,0.85,4,"B",5,18,19,3.55534806148941,34,32,34,35,34
"CHILDS GARDEN FORK BLUE","22522",2011,11,18,15.3,0.85,6,"B",34,5,19,2.94443897916644,18,20,18,25,18
"CHILDS GARDEN FORK BLUE","22522",2011,12,1,0.85,0.85,1,"B",18,34,17.6666666666667,0.693147180559945,1,5,4,5,4
"CHILDS GARDEN FORK PINK","22523",2011,10,36,30.6,0.85,5,"B",5,18,19.6666666666667,3.61091791264422,36,33,34,36,34
"CHILDS GARDEN FORK PINK","22523",2011,11,14,11.9,0.85,2,"B",36,5,18.3333333333333,2.70805020110221,14,13,12,14,12
"CHILDS GARDEN FORK PINK","22523",2011,12,12,10.2,0.85,1,"B",14,36,20.6666666666667,2.56494935746154,12,8,11,7,11
"CHILDS GARDEN RAKE BLUE","22516",2011,11,2,4.2,2.1,1,"C",6,2,3.33333333333333,1.09861228866811,2,2,2,2,2
"CHILDS GARDEN RAKE PINK","22517",2011,10,2,4.2,2.1,2,"C",3,7,4,1.09861228866811,2,4,3,4,3
"CHILDS GARDEN RAKE PINK","22517",2011,11,6,12.6,2.1,5,"C",2,3,3.66666666666667,1.94591014905531,6,7,6,9,6
"CHILDS GARDEN RAKE PINK","22517",2011,12,2,4.2,2.1,2,"C",6,2,3.33333333333333,1.09861228866811,2,3,3,4,3
"CHILDS GARDEN SPADE BLUE","22514",2011,10,4,8.4,2.1,1,"C",3,1,2.66666666666667,1.6094379124341,4,3,4,2,4
"CHILDS GARDEN SPADE BLUE","22514",2011,11,8,16.8,2.1,6,"C",4,3,5,2.19722457733622,8,10,9,13,9
"CHILDS GARDEN SPADE PINK","22515",2011,10,5,10.5,2.1,2,"C",3,13,7,1.79175946922805,5,5,5,6,5
"CHILDS GARDEN SPADE PINK","22515",2011,11,5,10.5,2.1,3,"C",5,3,4.33333333333333,1.79175946922805,5,5,5,6,5
"CHILDS GARDEN SPADE PINK","22515",2011,12,3,6.3,2.1,3,"C",5,5,4.33333333333333,1.38629436111989,3,4,4,6,4
"CHILLI LIGHTS","79321",2011,10,771,3970.49,5.79625,48,"A",642,365,592.666666666667,6.64898455002478,771,641,650,554,650
"CHILLI LIGHTS","79321",2011,11,1957,9792.83,5.76870967741935,93,"A",771,642,1123.33333333333,7.57967882309046,1957,1337,1665,1190,1665
"CHILLI LIGHTS","79321",2011,12,420,2116.42,5.83736842105263,19,"A",1957,771,1049.33333333333,6.04263283368238,420,506,354,507,354
"CHOC TRUFFLE GOLD TRINKET POT","22067",2011,10,29,47.85,1.65,5,"C",4,66,33,3.40119738166216,29,26,27,26,27
"CHOC TRUFFLE GOLD TRINKET POT","22067",2011,11,50,82.5,1.65,5,"C",29,4,27.6666666666667,3.93182563272433,50,41,44,35,44
"CHOC TRUFFLE GOLD TRINKET POT","22067",2011,12,52,20.28,0.39,4,"C",50,29,43.6666666666667,3.97029191355212,52,56,50,63,50
"CHOCOLATE 1 WICK MORRIS BOX CANDLE","85036B",2011,10,138,123,1.41071428571429,14,"C",3,14,51.6666666666667,4.93447393313069,138,118,140,165,140
"CHOCOLATE 1 WICK MORRIS BOX CANDLE","85036B",2011,11,49,61.25,1.25,9,"C",138,3,63.3333333333333,3.91202300542815,49,54,39,65,39
"CHOCOLATE 3 WICK MORRIS BOX CANDLE","85035B",2011,10,82,129.5,1.65,15,"B",6,6,31.3333333333333,4.4188406077966,82,81,90,129,90
"CHOCOLATE BOX RIBBONS","85049G",2011,10,231,292.38,1.34307692307692,38,"B",118,118,155.666666666667,5.44673737166631,231,241,253,261,253
"CHOCOLATE BOX RIBBONS","85049G",2011,11,77,98.67,1.3652380952381,20,"B",231,118,142,4.35670882668959,77,116,106,131,106
"CHOCOLATE BOX RIBBONS","85049G",2011,12,61,76.25,1.25,5,"B",77,231,123,4.12713438504509,61,46,32,43,32
"CHOCOLATE CALCULATOR","21832",2011,10,76,130.32,1.92333333333333,12,"B",67,49,64,4.34380542185368,76,75,64,83,64
"CHOCOLATE CALCULATOR","21832",2011,11,142,237.58,1.79260869565217,22,"B",76,67,95,4.96284463025991,142,138,160,163,160
"CHOCOLATE CALCULATOR","21832",2011,12,8,14.84,1.88428571428571,7,"B",142,76,75.3333333333333,2.19722457733622,8,40,27,38,27
"CHOCOLATE HOT WATER BOTTLE","22112",2011,10,765,3500.69,4.92165217391304,114,"A",704,232,567,6.64118216974059,765,685,739,613,739
"CHOCOLATE HOT WATER BOTTLE","22112",2011,11,1438,6538.5,4.8462962962963,188,"A",765,704,969,7.27170370688737,1438,1231,1310,952,1310
"CHOCOLATE HOT WATER BOTTLE","22112",2011,12,468,2131.8,4.83545454545455,55,"A",1438,765,890.333333333333,6.15060276844628,468,711,611,589,611
"CHOCOLATE THIS WAY METAL SIGN","21908",2011,10,706,1167.63,2.25317073170732,40,"A",251,310,422.333333333333,6.56103066589657,706,641,679,566,679
"CHOCOLATE THIS WAY METAL SIGN","21908",2011,11,240,533.48,2.25783783783784,37,"A",706,251,399,5.48479693349065,240,351,314,342,314
"CHOCOLATE THIS WAY METAL SIGN","21908",2011,12,222,464.53,2.195625,16,"A",240,706,389.333333333333,5.40717177146012,222,271,231,209,231
"CHRISTMAS CARD SCREEN PRINT","22043",2011,10,348,66.12,0.19,14,"C",252,48,216,5.85507192220243,348,324,387,368,387
"CHRISTMAS CARD SCREEN PRINT","22043",2011,11,420,79.8,0.19,16,"C",348,252,340,6.04263283368238,420,395,373,479,373
"CHRISTMAS CARD SCREEN PRINT","22043",2011,12,48,14.64,0.305,2,"C",420,348,272,3.89182029811063,48,63,37,62,37
"CHRISTMAS CARD SINGING ANGEL","22042",2011,10,60,25.2,0.42,3,"C",48,60,56,4.11087386417331,60,58,54,47,54
"CHRISTMAS CARD SINGING ANGEL","22042",2011,11,72,30.24,0.42,6,"C",60,48,60,4.29045944114839,72,73,75,74,75
"CHRISTMAS CARD SINGING ANGEL","22042",2011,12,48,20.16,0.42,4,"C",72,60,60,3.89182029811063,48,57,52,50,52
"CHRISTMAS CARD STACK OF PRESENTS","22044",2011,10,444,84.36,0.19,18,"C",168,60,224,6.09807428216624,444,416,468,443,468
"CHRISTMAS CARD STACK OF PRESENTS","22044",2011,11,36,6.84,0.19,2,"C",444,168,216,3.61091791264422,36,64,58,59,58
"CHRISTMAS CRAFT LITTLE FRIENDS","22144",2011,10,1053,2126.84,2.1714953271028,107,"A",541,73,555.666666666667,6.96034772910131,1053,814,935,837,935
"CHRISTMAS CRAFT LITTLE FRIENDS","22144",2011,11,1118,2339.14,2.141375,157,"A",1053,541,904,7.02019070831193,1118,1118,1242,1001,1242
"CHRISTMAS CRAFT LITTLE FRIENDS","22144",2011,12,224,478.67,2.15741935483871,31,"A",1118,1053,798.333333333333,5.41610040220442,224,547,524,651,524
"CHRISTMAS CRAFT TREE TOP ANGEL","22141",2011,10,791,1598.34,2.15046511627907,86,"A",343,112,415.333333333333,6.67456139181443,791,728,794,685,794
"CHRISTMAS CRAFT TREE TOP ANGEL","22141",2011,11,807,1686.06,2.15435114503817,130,"A",791,343,647,6.69456205852109,807,801,813,708,813
"CHRISTMAS CRAFT TREE TOP ANGEL","22141",2011,12,89,192.99,2.18458333333333,23,"A",807,791,562.333333333333,4.49980967033027,89,340,240,412,240
"CHRISTMAS CRAFT WHITE FAIRY","22142",2011,10,1208,1668.88,1.50791666666667,95,"A",645,97,650,7.09754885061479,1208,905,1077,1006,1077
"CHRISTMAS CRAFT WHITE FAIRY","22142",2011,11,779,1140.03,1.50966666666667,115,"A",1208,645,877.333333333333,6.65929391968364,779,940,829,934,829
"CHRISTMAS CRAFT WHITE FAIRY","22142",2011,12,123,180.19,1.542,19,"A",779,1208,703.333333333333,4.82028156560504,123,405,291,440,291
"CHRISTMAS DECOUPAGE CANDLE","72818",2011,10,1294,514.58,0.496285714285714,33,"B",427,1,574,7.16626597413364,1294,837,1328,1239,1328
"CHRISTMAS GARLAND STARS,TREES","21808",2011,10,30,112.5,3.75,5,"C",11,1,14,3.43398720448515,30,25,30,23,30
"CHRISTMAS GARLAND STARS,TREES","21808",2011,11,28,105,3.75,6,"C",30,11,23,3.36729582998647,28,23,26,23,26
"CHRISTMAS GARLAND STARS,TREES","21808",2011,12,2,2.5,1.25,1,"C",28,30,20,1.09861228866811,2,5,4,4,4
"CHRISTMAS GINGHAM STAR","22593",2011,10,515,429.95,0.928684210526316,38,"B",317,12,281.333333333333,6.24610676548156,515,451,551,552,551
"CHRISTMAS GINGHAM STAR","22593",2011,11,633,549.75,0.915,47,"B",515,317,488.333333333333,6.45204895443723,633,604,657,642,657
"CHRISTMAS GINGHAM STAR","22593",2011,12,115,101.65,0.928,9,"B",633,515,421,4.75359019110636,115,196,185,177,185
"CHRISTMAS GINGHAM TREE","22594",2011,10,285,257.07,0.950645161290323,31,"B",281,156,240.666666666667,5.65599181081985,285,273,291,296,291
"CHRISTMAS GINGHAM TREE","22594",2011,11,685,574.45,0.913617021276596,46,"B",285,281,417,6.53087762772588,685,615,663,645,663
"CHRISTMAS GINGHAM TREE","22594",2011,12,58,51.64,0.98,6,"B",685,285,342.666666666667,4.07753744390572,58,176,152,115,152
"CHRISTMAS HANGING SNOWFLAKE","23058",2011,11,311,249.86,0.950384615384615,26,"C",52,60,141,5.74300318780948,311,275,283,346,283
"CHRISTMAS HANGING SNOWFLAKE","23058",2011,12,63,53.94,1.485,6,"C",311,52,142,4.15888308335967,63,58,57,71,57
"CHRISTMAS HANGING STAR WITH BELL","21810",2011,10,1175,495.48,0.558333333333333,39,"B",424,4,534.333333333333,7.06987412845857,1175,812,1121,1051,1121
"CHRISTMAS HANGING STAR WITH BELL","21810",2011,11,2971,1191.81,0.459775280898876,85,"B",1175,424,1523.33333333333,7.99699040583765,2971,1656,1981,1926,1981
"CHRISTMAS HANGING STAR WITH BELL","21810",2011,12,419,258.87,0.507272727272727,20,"B",2971,1175,1521.66666666667,6.04025471127741,419,730,663,740,663
"CHRISTMAS HANGING TREE WITH BELL","21809",2011,10,852,346.74,0.498518518518519,26,"B",616,52,506.666666666667,6.74875954749168,852,652,738,672,738
"CHRISTMAS HANGING TREE WITH BELL","21809",2011,11,113,58.56,0.7005,19,"B",852,616,527,4.7361984483945,113,297,200,345,200
"CHRISTMAS HANGING TREE WITH BELL","21809",2011,12,33,12.87,0.39,4,"B",113,852,332.666666666667,3.52636052461616,33,109,37,48,37
"CHRISTMAS LIGHTS 10 REINDEER","22941",2011,10,216,1836,8.5,63,"A",659,5,293.333333333333,5.37989735354046,216,226,181,220,181
"CHRISTMAS LIGHTS 10 REINDEER","22941",2011,11,394,3247,8.44137931034483,87,"A",216,659,423,5.97888576490112,394,481,461,408,461
"CHRISTMAS LIGHTS 10 REINDEER","22941",2011,12,159,1310.7,8.41052631578947,19,"A",394,216,256.333333333333,5.07517381523383,159,149,140,151,140
"CHRISTMAS LIGHTS 10 SANTAS","22942",2011,10,156,1285.2,8.47166666666667,30,"A",112,2,90,5.05624580534831,156,139,153,127,153
"CHRISTMAS LIGHTS 10 SANTAS","22942",2011,11,125,1028.5,8.42714285714286,35,"A",156,112,131,4.83628190695148,125,137,119,128,119
"CHRISTMAS LIGHTS 10 SANTAS","22942",2011,12,134,445.25,3.56666666666667,27,"A",125,156,138.333333333333,4.90527477843843,134,137,134,135,134
"CHRISTMAS LIGHTS 10 VINTAGE BAUBLES","22943",2011,10,532,2482.2,4.87553191489362,47,"A",243,16,263.666666666667,6.27852142416584,532,397,520,410,520
"CHRISTMAS LIGHTS 10 VINTAGE BAUBLES","22943",2011,11,152,718.34,5.10310344827586,29,"A",532,243,309,5.03043792139244,152,231,226,209,226
"CHRISTMAS LIGHTS 10 VINTAGE BAUBLES","22943",2011,12,1,10.79,10.79,1,"A",152,532,228.333333333333,0.693147180559945,1,5,2,4,2
"CHRISTMAS METAL POSTCARD WITH BELLS","22944",2011,10,1157,451.23,0.39,24,"B",360,6,507.666666666667,7.05444965813294,1157,870,1197,1073,1197
"CHRISTMAS METAL POSTCARD WITH BELLS","22944",2011,11,1104,430.56,0.39,20,"B",1157,360,873.666666666667,7.00760061395185,1104,818,975,874,975
"CHRISTMAS METAL POSTCARD WITH BELLS","22944",2011,12,30,37.5,1.25,3,"B",1104,1157,763.666666666667,3.43398720448515,30,62,58,51,58
"CHRISTMAS METAL TAGS ASSORTED","22945",2011,10,586,532.3,0.925,38,"B",571,550,569,6.3750248198281,586,541,582,602,582
"CHRISTMAS METAL TAGS ASSORTED","22945",2011,11,754,675.1,0.894186046511628,42,"B",586,571,637,6.62671774924902,754,651,718,686,718
"CHRISTMAS METAL TAGS ASSORTED","22945",2011,12,30,31.2,1.16666666666667,3,"B",754,586,456.666666666667,3.43398720448515,30,59,35,54,35
"CHRISTMAS MUSICAL ZINC STAR","22599",2011,10,418,130.62,0.437272727272727,21,"C",138,12,189.333333333333,6.03787091992214,418,347,449,413,449
"CHRISTMAS MUSICAL ZINC STAR","22599",2011,11,737,231.19,0.401724137931034,29,"C",418,138,431,6.60394382460047,737,594,638,686,638
"CHRISTMAS MUSICAL ZINC STAR","22599",2011,12,169,66.47,0.48,10,"C",737,418,441.333333333333,5.13579843705026,169,250,223,212,223
"CHRISTMAS MUSICAL ZINC TREE","22598",2011,10,317,99.99,0.395555555555556,17,"C",129,12,152.666666666667,5.76205138278018,317,288,309,358,309
"CHRISTMAS MUSICAL ZINC TREE","22598",2011,11,320,92.8,0.29,16,"C",317,129,255.333333333333,5.77144112313002,320,294,272,294,272
"CHRISTMAS MUSICAL ZINC TREE","22598",2011,12,28,12.82,0.5275,8,"C",320,317,221.666666666667,3.36729582998647,28,120,97,128,97
"CHRISTMAS PUDDING TRINKET POT","22065",2011,10,2774,1081.86,0.39,36,"A",1282,32,1362.66666666667,7.92840602618053,2774,1405,2461,1739,2461
"CHRISTMAS PUDDING TRINKET POT","22065",2011,11,1671,664.41,0.404520547945205,67,"A",2774,1282,1909,7.42177579364465,1671,2180,1958,2485,1958
"CHRISTMAS PUDDING TRINKET POT","22065",2011,12,492,191.88,0.39,10,"A",1671,2774,1645.66666666667,6.20050917404269,492,871,519,603,519
"CHRISTMAS RETROSPOT ANGEL WOOD","22601",2011,10,404,347.3,0.913142857142857,35,"B",887,194,495,6.00388706710654,404,480,389,403,389
"CHRISTMAS RETROSPOT ANGEL WOOD","22601",2011,11,428,373.16,0.913673469387755,48,"B",404,887,573,6.06145691892802,428,495,395,588,395
"CHRISTMAS RETROSPOT ANGEL WOOD","22601",2011,12,110,94.28,0.91,13,"B",428,404,314,4.70953020131233,110,169,149,204,149
"CHRISTMAS RETROSPOT STAR WOOD","22600",2011,10,421,362.53,0.92609756097561,40,"B",241,43,235,6.04500531403601,421,366,414,362,414
"CHRISTMAS RETROSPOT STAR WOOD","22600",2011,11,415,358.99,0.8968,50,"B",421,241,359,6.03068526026126,415,437,399,453,399
"CHRISTMAS RETROSPOT STAR WOOD","22600",2011,12,130,112.84,0.902,15,"B",415,421,322,4.87519732320115,130,187,158,242,158
"CHRISTMAS RETROSPOT TREE WOOD","22603",2011,10,347,295.73,0.916969696969697,32,"B",172,175,231.333333333333,5.85220247977447,347,335,383,315,383
"CHRISTMAS RETROSPOT TREE WOOD","22603",2011,11,411,354.81,0.88,49,"B",347,172,310,6.02102334934953,411,423,448,457,448
"CHRISTMAS RETROSPOT TREE WOOD","22603",2011,12,77,66.23,0.920909090909091,11,"B",411,347,278.333333333333,4.35670882668959,77,156,128,183,128
"CHRISTMAS STAR WISH LIST CHALKBOARD","22596",2011,10,825,1060.29,1.33203389830508,59,"A",634,104,521,6.71659477352098,825,642,733,782,733
"CHRISTMAS STAR WISH LIST CHALKBOARD","22596",2011,11,738,951.54,1.31816901408451,71,"A",825,634,732.333333333333,6.6052979209482,738,761,705,915,705
"CHRISTMAS STAR WISH LIST CHALKBOARD","22596",2011,12,769,386.29,0.569777777777778,43,"A",738,825,777.333333333333,6.64639051484773,769,820,803,909,803
"CHRISTMAS TABLE SILVER CANDLE SPIKE","23271",2011,10,524,434.92,0.83,26,"B",501,32,352.333333333333,6.26339826259162,524,446,462,438,462
"CHRISTMAS TABLE SILVER CANDLE SPIKE","23271",2011,11,426,353.58,0.83,25,"B",524,501,483.666666666667,6.05678401322862,426,442,437,445,437
"CHRISTMAS TABLE SILVER CANDLE SPIKE","23271",2011,12,72,66.16,0.99,5,"B",426,524,340.666666666667,4.29045944114839,72,148,135,102,135
"CHRISTMAS TOILET ROLL","21098",2011,10,577,630.85,1.3775,14,"A",1641,164,794,6.35957386867238,577,428,477,404,477
"CHRISTMAS TOILET ROLL","21098",2011,11,292,444.86,1.32446153846154,59,"A",577,1641,836.666666666667,5.68017260901707,292,682,469,692,469
"CHRISTMAS TOILET ROLL","21098",2011,12,159,218.11,1.30260869565217,22,"A",292,577,342.666666666667,5.07517381523383,159,254,210,222,210
"CHRISTMAS TREE DECORATION WITH BELL","21801",2011,10,25,10.5,0.42,4,"C",190,79,98,3.25809653802148,25,51,38,44,38
"CHRISTMAS TREE HANGING GOLD","23222",2011,10,181,158.23,0.944285714285714,20,"C",277,24,160.666666666667,5.2040066870768,181,189,191,183,191
"CHRISTMAS TREE HANGING GOLD","23222",2011,11,230,238.1,0.998421052631579,19,"C",181,277,229.333333333333,5.44241771052179,230,224,188,220,188
"CHRISTMAS TREE HANGING GOLD","23222",2011,12,52,47.16,0.944285714285714,7,"C",230,181,154.333333333333,3.97029191355212,52,72,71,86,71
"CHRISTMAS TREE HANGING SILVER","23223",2011,10,224,188.08,0.992631578947368,19,"C",218,36,159.333333333333,5.41610040220442,224,205,216,210,216
"CHRISTMAS TREE HANGING SILVER","23223",2011,11,207,211.81,0.934347826086956,22,"C",224,218,216.333333333333,5.33753807970132,207,208,220,227,220
"CHRISTMAS TREE HANGING SILVER","23223",2011,12,48,43.04,0.944285714285714,7,"C",207,224,159.666666666667,3.89182029811063,48,72,59,80,59
"CHRISTMAS TREE HEART DECORATION","21802",2011,10,324,136.08,0.42,19,"C",226,115,221.666666666667,5.78382518232974,324,274,282,261,282
"CHRISTMAS TREE HEART DECORATION","21802",2011,11,27,11.34,0.42,2,"C",324,226,192.333333333333,3.3322045101752,27,32,42,36,42
"CHRISTMAS TREE PAINTED ZINC","22339",2011,10,1036,201.08,0.265714285714286,25,"C",406,288,576.666666666667,6.94408720822953,1036,786,920,917,920
"CHRISTMAS TREE PAINTED ZINC","22339",2011,11,505,95.95,0.19,17,"C",1036,406,649,6.22653666928747,505,576,477,609,477
"CHRISTMAS TREE STAR DECORATION","21803",2011,10,264,110.88,0.42,15,"C",154,79,165.666666666667,5.57972982598622,264,241,238,209,238
"CHRISTMAS TREE STAR DECORATION","21803",2011,11,333,139.86,0.42,13,"C",264,154,250.333333333333,5.8111409929767,333,284,301,236,301
"CHRISTMAS TREE STAR DECORATION","21803",2011,12,6,2.52,0.42,2,"C",333,264,201,1.94591014905531,6,28,35,27,35
"CHRISTMAS TREE T-LIGHT HOLDER","21816",2011,10,13,18.85,1.45,2,"C",12,2,9,2.63905732961526,13,11,12,11,12
"CHRISTMAS TREE T-LIGHT HOLDER","21816",2011,11,6,8.7,1.45,3,"C",13,12,10.3333333333333,1.94591014905531,6,8,6,10,6
"CHRYSANTHEMUM  JOURNAL","20771",2011,10,5,12.75,2.55,4,"C",12,3,6.66666666666667,1.79175946922805,5,8,6,10,6
"CHRYSANTHEMUM  JOURNAL","20771",2011,11,21,55.96,2.81777777777778,9,"C",5,12,12.6666666666667,3.09104245335832,21,22,24,33,24
"CHRYSANTHEMUM  JOURNAL","20771",2011,12,2,5.1,2.55,1,"C",21,5,9.33333333333333,1.09861228866811,2,3,2,3,2
"CHRYSANTHEMUM NOTEBOOK","20777",2011,10,18,29.7,1.65,6,"C",2,5,8.33333333333333,2.94443897916644,18,16,17,22,17
"CHRYSANTHEMUM NOTEBOOK","20777",2011,11,33,54.45,1.65,10,"C",18,2,17.6666666666667,3.52636052461616,33,34,37,48,37
"CHRYSANTHEMUM POCKET BOOK","20759",2011,10,7,5.95,0.85,3,"C",2,5,4.66666666666667,2.07944154167984,7,7,6,9,6
"CHRYSANTHEMUM POCKET BOOK","20759",2011,11,26,22.1,0.85,6,"C",7,2,11.6666666666667,3.29583686600433,26,24,27,32,27
"CHRYSANTHEMUM POCKET BOOK","20759",2011,12,1,0.85,0.85,1,"C",26,7,11.3333333333333,0.693147180559945,1,4,3,4,3
"CHRYSANTHEMUM SKETCHBOOK","20765",2011,10,10,41.21,4.16222222222222,9,"C",5,12,9,2.39789527279837,10,13,12,18,12
"CHRYSANTHEMUM SKETCHBOOK","20765",2011,11,11,48.67,4.121,10,"C",10,5,8.66666666666667,2.484906649788,11,14,10,18,10
"CHRYSANTHEMUM SKETCHBOOK","20765",2011,12,1,7.46,7.46,1,"C",11,10,7.33333333333333,0.693147180559945,1,2,1,2,1
"CHUNKY SILVER NECKLACE PASTEL FLOWE","90147",2011,11,5,49.75,9.95,3,"C",2,5,4,1.79175946922805,5,5,5,5,5
"CINAMMON & ORANGE WREATH","21351",2011,10,9,60.75,6.75,5,"C",7,5,7,2.30258509299405,9,11,9,10,9
"CINAMMON & ORANGE WREATH","21351",2011,11,22,148.5,6.75,12,"C",9,7,12.6666666666667,3.13549421592915,22,21,21,25,21
"CINAMMON & ORANGE WREATH","21351",2011,12,4,27,6.75,2,"C",22,9,11.6666666666667,1.6094379124341,4,5,4,5,4
"CINAMMON SET OF 9 T-LIGHTS","85231B",2011,10,87,77.85,0.98,12,"C",135,41,87.6666666666667,4.47733681447821,87,96,95,90,95
"CINAMMON SET OF 9 T-LIGHTS","85231B",2011,11,112,99.88,0.9475,15,"C",87,135,111.333333333333,4.72738781871234,112,117,110,123,110
"CINAMMON SET OF 9 T-LIGHTS","85231B",2011,12,23,20.33,0.9475,8,"C",112,87,74,3.17805383034795,23,52,37,43,37
"CINDERELLA CHANDELIER","23064",2011,10,90,1217.5,20.5833333333333,3,"A",9,1,33.3333333333333,4.51085950651685,90,49,80,39,80
"CINDERELLA CHANDELIER","23064",2011,11,100,1000,10,1,"A",90,9,66.3333333333333,4.61512051684126,100,15,29,13,29
"CINNAMON SCENTED VOTIVE CANDLE","85230B",2011,10,168,48.72,0.29,6,"C",192,72,144,5.12989871492307,168,137,164,138,164
"CINNAMON SCENTED VOTIVE CANDLE","85230B",2011,11,312,78.96,0.28,8,"C",168,192,224,5.74620319054015,312,244,274,273,274
"CINNAMON SCENTED VOTIVE CANDLE","85230B",2011,12,24,6.96,0.29,1,"C",312,168,168,3.2188758248682,24,46,44,24,44
"CIRCUS PARADE BABY GIFT SET","23010",2011,10,13,220.35,16.95,9,"A",13,7,11,2.63905732961526,13,13,12,14,12
"CIRCUS PARADE BABY GIFT SET","23010",2011,11,37,565.15,16.15,10,"A",13,13,21,3.63758615972639,37,25,33,27,33
"CIRCUS PARADE BABY GIFT SET","23010",2011,12,3,50.85,16.95,3,"A",37,13,17.6666666666667,1.38629436111989,3,9,5,7,5
"CIRCUS PARADE CHILDRENS EGG CUP","22976",2011,10,57,71.25,1.25,8,"B",7,77,47,4.06044301054642,57,50,43,46,43
"CIRCUS PARADE CHILDRENS EGG CUP","22976",2011,11,77,101.09,1.36,11,"B",57,7,47,4.35670882668959,77,73,63,68,63
"CIRCUS PARADE CHILDRENS EGG CUP","22976",2011,12,26,32.5,1.25,4,"B",77,57,53.3333333333333,3.29583686600433,26,26,29,31,29
"CIRCUS PARADE LUNCH BOX","22631",2011,10,409,720.75,1.92,19,"A",297,342,349.333333333333,6.01615715969835,409,353,372,327,372
"CIRCUS PARADE LUNCH BOX","22631",2011,11,369,644.93,1.99666666666667,21,"A",409,297,358.333333333333,5.91350300563827,369,328,327,321,327
"CIRCUS PARADE LUNCH BOX","22631",2011,12,62,120.9,1.95,7,"A",369,409,280,4.14313472639153,62,121,94,86,94
"CITRONELLA CANDLE FLOWERPOT","21713",2011,10,8,16.8,2.1,4,"B",8,77,31,2.19722457733622,8,17,12,15,12
"CITRONELLA CANDLE FLOWERPOT","21713",2011,11,17,35.7,2.1,7,"B",8,8,11,2.89037175789616,17,18,18,21,18
"CITRONELLA CANDLE FLOWERPOT","21713",2011,12,3,6.3,2.1,2,"B",17,8,9.33333333333333,1.38629436111989,3,6,4,5,4
"CITRONELLA CANDLE GARDEN POT","21714",2011,10,12,15,1.25,1,"B",32,7,17,2.56494935746154,12,9,9,6,9
"CITRONELLA CANDLE GARDEN POT","21714",2011,11,34,42.5,1.25,6,"B",12,32,26,3.55534806148941,34,31,34,36,34
"CITRONELLA CANDLE GARDEN POT","21714",2011,12,38,47.5,1.25,4,"B",34,12,28,3.66356164612965,38,35,35,31,35
"CLAM SHELL SMALL","21415",2011,10,24,50.4,2.1,2,"C",36,24,28,3.2188758248682,24,15,19,14,19
"CLAM SHELL SMALL","21415",2011,11,14,29.4,2.1,3,"C",24,36,24.6666666666667,2.70805020110221,14,16,16,16,16
"CLAM SHELL SMALL","21415",2011,12,37,29.23,0.79,3,"C",14,24,25,3.63758615972639,37,35,39,35,39
"CLASSIC CAFE SUGAR DISPENSER","23168",2011,10,318,360.91,1.26233333333333,29,"A",392,377,362.333333333333,5.76519110278484,318,342,310,351,310
"CLASSIC CAFE SUGAR DISPENSER","23168",2011,11,533,605.77,1.21230769230769,39,"A",318,392,414.333333333333,6.2803958389602,533,507,528,488,528
"CLASSIC CAFE SUGAR DISPENSER","23168",2011,12,99,116.19,1.22375,8,"A",533,318,316.666666666667,4.60517018598809,99,186,187,157,187
"CLASSIC CHROME BICYCLE BELL","23497",2011,12,1017,1421.65,1.444,44,"A",1254,180,817,6.92559519711047,1017,836,817,901,817
"CLASSIC FRENCH STYLE BASKET BROWN","21793",2011,10,50,201.01,4.45142857142857,7,"B",14,46,36.6666666666667,3.93182563272433,50,39,38,36,38
"CLASSIC FRENCH STYLE BASKET BROWN","21793",2011,11,41,172.48,4.301,9,"B",50,14,35,3.73766961828337,41,37,42,33,42
"CLASSIC FRENCH STYLE BASKET NATURAL","21794",2011,10,72,291.42,4.652,10,"B",37,59,56,4.29045944114839,72,58,58,49,58
"CLASSIC GLASS COOKIE JAR","23169",2011,10,294,1164.9,4.094,50,"A",245,163,234,5.68697535633982,294,273,301,254,301
"CLASSIC GLASS COOKIE JAR","23169",2011,11,296,1178,4.10384615384615,52,"A",294,245,278.333333333333,5.6937321388027,296,308,316,334,316
"CLASSIC GLASS COOKIE JAR","23169",2011,12,39,154.65,4.11363636363636,11,"A",296,294,209.666666666667,3.68887945411394,39,92,83,103,83
"CLASSIC METAL BIRDCAGE PLANT HOLDER","21340",2011,10,64,748.8,12.5633333333333,30,"A",56,41,53.6666666666667,4.17438726989564,64,63,62,67,62
"CLASSIC METAL BIRDCAGE PLANT HOLDER","21340",2011,11,86,963.11,12.6811538461538,25,"A",64,56,68.6666666666667,4.46590811865458,86,77,80,82,80
"CLASSIC METAL BIRDCAGE PLANT HOLDER","21340",2011,12,14,178.5,12.75,6,"A",86,64,54.6666666666667,2.70805020110221,14,21,23,21,23
"CLEAR ACRYLIC FACETED BANGLE","90210B",2011,10,10,10,1,1,"C",6,14,10,2.39789527279837,10,10,10,7,10
"CLEAR ACRYLIC FACETED BANGLE","90210B",2011,12,10,10,1,1,"C",10,6,8.66666666666667,2.39789527279837,10,8,8,6,8
"CLEAR CRYSTAL STAR PHONE CHARM","90093",2011,11,1,1.63,1.63,1,"C",1,1,1,0.693147180559945,1,1,1,2,1
"CLEAR CRYSTAL STAR PHONE CHARM","90093",2011,12,32,6.08,0.19,2,"C",1,1,11.3333333333333,3.49650756146648,32,26,34,42,34
"CLEAR DRAWER KNOB ACRYLIC EDWARDIAN","22771",2011,10,381,439.77,1.23882352941176,17,"A",468,553,467.333333333333,5.94542060860658,381,374,380,343,380
"CLEAR DRAWER KNOB ACRYLIC EDWARDIAN","22771",2011,11,514,642.5,1.25,28,"A",381,468,454.333333333333,6.24416690066374,514,497,481,433,481
"CLEAR DRAWER KNOB ACRYLIC EDWARDIAN","22771",2011,12,55,68.75,1.25,6,"A",514,381,316.666666666667,4.02535169073515,55,130,115,86,115
"CLEAR LOVE BIRD T-LIGHT HOLDER","84952A",2011,10,6,22.5,3.75,1,"C",6,18,10,1.94591014905531,6,4,5,4,5
"CLEAR LOVE BIRD T-LIGHT HOLDER","84952A",2011,11,8,33.71,4.98666666666667,3,"C",6,6,6.66666666666667,2.19722457733622,8,8,8,8,8
"CLOCK MAGNET MUM'S KITCHEN","23179",2011,10,7,23.13,4.34,2,"B",1,6,4.66666666666667,2.07944154167984,7,6,6,5,6
"CLOCK MAGNET MUM'S KITCHEN","23179",2011,11,45,118.55,3.39,5,"B",7,1,17.6666666666667,3.8286413964891,45,40,42,36,42
"CLOCK MAGNET MUM'S KITCHEN","23179",2011,12,2,2.5,1.25,2,"B",45,7,18,1.09861228866811,2,9,5,8,5
"CLOTHES PEGS RETROSPOT PACK 24","22558",2011,10,516,811.6,1.75867924528302,53,"A",995,392,634.333333333333,6.24804287450843,516,560,497,588,497
"CLOTHES PEGS RETROSPOT PACK 24","22558",2011,11,595,949.91,1.7175,64,"A",516,995,702,6.39024066706535,595,688,752,874,752
"CLOTHES PEGS RETROSPOT PACK 24","22558",2011,12,277,423.57,1.72294117647059,17,"A",595,516,462.666666666667,5.62762111369064,277,307,218,276,218
"COCKLE SHELL DISH","21417",2011,10,6,12.6,2.1,1,"C",36,12,18,1.94591014905531,6,8,8,6,8
"COCKLE SHELL DISH","21417",2011,11,11,23.1,2.1,3,"C",6,36,17.6666666666667,2.484906649788,11,11,11,12,11
"COCKLE SHELL DISH","21417",2011,12,142,112.18,0.79,8,"C",11,6,53,4.96284463025991,142,125,135,193,135
"COCKTAIL SWORDS 50 PIECES","23123",2011,10,117,91.83,0.820833333333333,12,"C",96,75,96,4.77068462446567,117,117,117,129,117
"COCKTAIL SWORDS 50 PIECES","23123",2011,11,100,83,0.83,12,"C",117,96,104.333333333333,4.61512051684126,100,108,99,116,99
"COCKTAIL SWORDS 50 PIECES","23123",2011,12,28,23.24,0.83,4,"C",100,117,81.6666666666667,3.36729582998647,28,47,39,49,39
"COFFEE MUG APPLES DESIGN","22303",2011,10,199,475.05,2.52352941176471,17,"A",104,110,137.666666666667,5.29831736654804,199,176,174,164,174
"COFFEE MUG APPLES DESIGN","22303",2011,11,620,947.04,2.46047619047619,21,"A",199,104,307.666666666667,6.43133108193348,620,545,626,416,626
"COFFEE MUG APPLES DESIGN","22303",2011,12,67,173.26,2.85125,8,"A",620,199,295.333333333333,4.21950770517611,67,134,117,94,117
"COFFEE MUG BLUE PAISLEY DESIGN","22304",2011,11,465,570.4,2.71333333333333,6,"B",20,40,175,6.14418563412565,465,335,581,380,581
"COFFEE MUG BLUE PAISLEY DESIGN","22304",2011,12,42,90.9,2.325,2,"B",465,20,175.666666666667,3.76120011569356,42,27,26,21,26
"COFFEE MUG CAT + BIRD DESIGN","22301",2011,10,92,234.6,2.55,15,"A",182,137,137,4.53259949315326,92,99,94,121,94
"COFFEE MUG CAT + BIRD DESIGN","22301",2011,11,520,708.24,2.460625,16,"A",92,182,264.666666666667,6.25575004175337,520,414,471,315,471
"COFFEE MUG CAT + BIRD DESIGN","22301",2011,12,51,130.05,2.55,10,"A",520,92,221,3.95124371858143,51,93,70,69,70
"COFFEE MUG DOG + BALL DESIGN","22300",2011,10,89,226.95,2.55,15,"A",62,47,66,4.49980967033027,89,88,93,94,93
"COFFEE MUG DOG + BALL DESIGN","22300",2011,11,515,695.49,2.44785714285714,14,"A",89,62,222,6.24610676548156,515,447,598,394,598
"COFFEE MUG DOG + BALL DESIGN","22300",2011,12,49,124.95,2.55,8,"A",515,89,217.666666666667,3.91202300542815,49,88,70,64,70
"COFFEE MUG PEARS  DESIGN","22302",2011,10,166,390.9,2.51785714285714,14,"A",118,126,136.666666666667,5.11799381241676,166,143,160,134,160
"COFFEE MUG PEARS  DESIGN","22302",2011,11,584,857.65,2.57944444444444,18,"A",166,118,289.333333333333,6.37161184723186,584,518,555,385,555
"COFFEE MUG PEARS  DESIGN","22302",2011,12,60,153,2.55,8,"A",584,166,270,4.11087386417331,60,111,111,86,111
"COFFEE MUG PINK PAISLEY DESIGN","22305",2011,10,13,33.15,2.55,2,"B",8,8,9.66666666666667,2.63905732961526,13,10,14,10,14
"COFFEE MUG PINK PAISLEY DESIGN","22305",2011,11,23,65.88,3.755,4,"B",13,8,14.6666666666667,3.17805383034795,23,19,22,16,22
"COFFEE MUG PINK PAISLEY DESIGN","22305",2011,12,12,30.6,2.55,1,"B",23,13,16,2.56494935746154,12,9,10,6,10
"COFFEE SCENT PILLAR CANDLE","72122",2011,10,19,18.05,0.95,3,"C",3,14,12,2.99573227355399,19,18,17,19,17
"COFFEE SCENT PILLAR CANDLE","72122",2011,11,52,49.4,0.95,10,"C",19,3,24.6666666666667,3.97029191355212,52,49,44,60,44
"COFFEE SCENT PILLAR CANDLE","72122",2011,12,9,8.55,0.95,2,"C",52,19,26.6666666666667,2.30258509299405,9,12,9,11,9
"COLOUR GLASS T-LIGHT HOLDER HANGING","84755",2011,10,704,435.04,0.679333333333333,30,"A",1176,1536,1138.66666666667,6.55819780281227,704,976,811,975,811
"COLOUR GLASS T-LIGHT HOLDER HANGING","84755",2011,11,796,557.04,0.715416666666667,24,"A",704,1176,892,6.68085467879022,796,785,688,698,688
"COLOUR GLASS T-LIGHT HOLDER HANGING","84755",2011,12,132,92.88,0.72375,8,"A",796,704,544,4.89034912822175,132,276,176,229,176
"COLOUR GLASS. STAR T-LIGHT HOLDER","71477",2011,10,872,2640.76,4.190625,32,"A",599,444,638.333333333333,6.7719355558396,872,685,771,480,771
"COLOUR GLASS. STAR T-LIGHT HOLDER","71477",2011,11,497,1730.91,3.89121212121212,32,"A",872,599,656,6.21060007702465,497,550,465,407,465
"COLOURFUL FLOWER FRUIT BOWL","35265",2011,10,2,3.9,1.95,1,"C",1,1,1.33333333333333,1.09861228866811,2,2,2,2,2
"COLOURING PENCILS BROWN TUBE","10135",2011,10,68,99.52,1.65333333333333,12,"A",68,193,109.666666666667,4.23410650459726,68,81,76,80,76
"COLOURING PENCILS BROWN TUBE","10135",2011,11,165,207.76,1.49,16,"A",68,68,100.333333333333,5.11198778835654,165,157,161,148,161
"COLOURING PENCILS BROWN TUBE","10135",2011,12,68,94.68,1.492,5,"A",165,68,100.333333333333,4.23410650459726,68,63,51,52,51
"COLUMBIAN  CUBE CANDLE","72134",2011,10,38,16.82,0.635,2,"C",2,2,14,3.66356164612965,38,31,38,35,38
"COLUMBIAN CANDLE RECTANGLE","72131",2011,10,101,168.15,1.77,5,"C",4,2,35.6666666666667,4.62497281328427,101,84,103,127,103
"COLUMBIAN CANDLE RECTANGLE","72133",2011,10,3,3.75,1.25,2,"C",101,4,36,1.38629436111989,3,5,4,12,4
"COLUMBIAN CANDLE RECTANGLE","72131",2011,11,7,13.65,1.95,2,"C",3,101,37,2.07944154167984,7,11,9,12,9
"COLUMBIAN CANDLE RECTANGLE","72133",2011,11,6,7.5,1.25,2,"C",7,3,5.33333333333333,1.94591014905531,6,6,6,6,6
"COLUMBIAN CANDLE RECTANGLE","72133",2011,12,6,7.5,1.25,1,"C",6,7,6.33333333333333,1.94591014905531,6,5,6,4,6
"COLUMBIAN CANDLE ROUND","72127",2011,10,2,2.5,1.25,1,"C",5,4,3.66666666666667,1.09861228866811,2,2,2,2,2
"COLUMBIAN CANDLE ROUND","72128",2011,10,38,24.74,0.745,2,"C",2,5,15,3.66356164612965,38,30,40,31,40
"COLUMBIAN CANDLE ROUND","72130",2011,10,2,1.3,0.65,1,"C",38,2,14,1.09861228866811,2,5,3,6,3
"COLUMBIAN CANDLE ROUND","72127",2011,11,26,30.6,1.22285714285714,7,"C",2,38,22,3.29583686600433,26,27,28,30,28
"COLUMBIAN CANDLE ROUND","72128",2011,11,18,15.3,0.85,9,"C",26,2,15.3333333333333,2.94443897916644,18,25,19,34,19
"COLUMBIAN CANDLE ROUND","72130",2011,11,29,18.85,0.65,7,"C",18,26,24.3333333333333,3.40119738166216,29,34,28,40,28
"COLUMBIAN CUBE CANDLE","72132",2011,11,8,15.6,1.95,5,"C",1,2,3.66666666666667,2.19722457733622,8,8,8,10,8
"CONDIMENT TRAY 4 BOWLS AND 4 SPOONS","37476",2011,10,1,9.95,9.95,1,"C",1,1,1,0.693147180559945,1,1,1,1,1
"COOK WITH WINE METAL SIGN","21166",2011,10,893,1754.96,2.0543661971831,71,"A",2064,469,1142,6.79570577517351,893,1075,1152,1420,1152
"COOK WITH WINE METAL SIGN","21166",2011,11,1325,2828.96,2.08304347826087,46,"A",893,2064,1427.33333333333,7.18992217074581,1325,969,941,1146,941
"COOK WITH WINE METAL SIGN","21166",2011,12,855,1779.36,2.06151515151515,33,"A",1325,893,1024.33333333333,6.75227037614174,855,771,676,881,676
"COPPER/OLIVE GREEN FLOWER NECKLACE","90000D",2011,10,2,11.9,5.95,1,"C",2,1,1.66666666666667,1.09861228866811,2,2,2,2,2
"CORDIAL GLASS JUG","23015",2011,10,1,8.25,8.25,1,"C",16,3,6.66666666666667,0.693147180559945,1,2,2,2,2
"CORDIAL GLASS JUG","23015",2011,11,4,33,8.25,2,"C",1,16,7,1.6094379124341,4,5,4,4,4
"COSMETIC BAG VINTAGE ROSE PAISLEY","22277",2011,10,126,243.66,2.44636363636364,11,"B",23,28,59,4.84418708645859,126,116,145,114,145
"COSMETIC BAG VINTAGE ROSE PAISLEY","22277",2011,11,22,48.23,2.35375,8,"B",126,23,57,3.13549421592915,22,33,27,41,27
"COSMETIC BAG VINTAGE ROSE PAISLEY","22277",2011,12,11,25.13,2.77666666666667,3,"B",22,126,53,2.484906649788,11,16,13,15,13
"COSY HOUR CIGAR BOX MATCHES","21591",2011,10,454,540.14,1.24424242424242,30,"B",115,8,192.333333333333,6.12029741895095,454,373,496,482,496
"COSY HOUR CIGAR BOX MATCHES","21591",2011,11,295,368.75,1.25,47,"B",454,115,288,5.69035945432406,295,335,312,354,312
"COSY HOUR CIGAR BOX MATCHES","21591",2011,12,61,76.25,1.25,7,"B",295,454,270,4.12713438504509,61,105,63,68,63
"COSY SLIPPER SHOES LARGE GREEN","21741",2011,10,18,53.1,2.95,4,"C",14,13,15,2.94443897916644,18,17,18,14,18
"COSY SLIPPER SHOES LARGE GREEN","21741",2011,11,9,26.55,2.95,6,"C",18,14,13.6666666666667,2.30258509299405,9,13,11,13,11
"COSY SLIPPER SHOES SMALL  RED","21738",2011,10,4,11.8,2.95,2,"C",1,1,2,1.6094379124341,4,3,4,3,4
"COSY SLIPPER SHOES SMALL GREEN","21739",2011,10,22,61.96,2.73222222222222,9,"C",22,20,21.3333333333333,3.13549421592915,22,26,25,33,25
"COSY SLIPPER SHOES SMALL GREEN","21739",2011,11,27,78.67,2.88,14,"C",22,22,23.6666666666667,3.3322045101752,27,33,27,40,27
"COSY SLIPPER SHOES SMALL GREEN","21739",2011,12,1,2.95,2.95,1,"C",27,22,16.6666666666667,0.693147180559945,1,4,2,3,2
"COTTON APRON PANTRY DESIGN","22990",2011,10,30,148.5,4.95,13,"A",27,28,28.3333333333333,3.43398720448515,30,31,26,33,26
"COTTON APRON PANTRY DESIGN","22990",2011,11,30,144.3,4.89166666666667,12,"A",30,27,29,3.43398720448515,30,31,28,35,28
"COTTON APRON PANTRY DESIGN","22990",2011,12,108,334.44,2.87833333333333,12,"A",30,30,56,4.69134788222914,108,92,117,85,117
"COWBOYS AND INDIANS BIRTHDAY CARD","21509",2011,10,290,118.3,0.443333333333333,15,"B",362,300,317.333333333333,5.67332326717149,290,287,309,310,309
"COWBOYS AND INDIANS BIRTHDAY CARD","21509",2011,11,288,121.56,0.495238095238095,21,"B",290,362,313.333333333333,5.66642668811243,288,289,286,341,286
"COWBOYS AND INDIANS BIRTHDAY CARD","21509",2011,12,85,36.11,0.47125,8,"B",288,290,221,4.45434729625351,85,141,125,141,125
"CRAZY DAISY HEART DECORATION","20707",2011,10,15,18.89,1.8075,4,"C",4,12,10.3333333333333,2.77258872223978,15,14,14,18,14
"CRAZY DAISY HEART DECORATION","20707",2011,11,16,23.63,1.976,5,"C",15,4,11.6666666666667,2.83321334405622,16,15,16,19,16
"CRAZY DAISY HEART DECORATION","20707",2011,12,1,2.46,2.46,1,"C",16,15,10.6666666666667,0.693147180559945,1,3,3,3,3
"CREAM AND PINK FLOWERS PONY","84921",2011,10,3,11.25,3.75,2,"C",6,1,3.33333333333333,1.38629436111989,3,3,3,4,3
"CREAM CUPID HEARTS COAT HANGER","84406B",2011,10,69,273.55,4.1,8,"A",67,325,153.666666666667,4.24849524204936,69,83,73,61,73
"CREAM CUPID HEARTS COAT HANGER","84406B",2011,11,75,311.25,4.15,19,"A",69,67,70.3333333333333,4.33073334028633,75,76,69,77,69
"CREAM CUPID HEARTS COAT HANGER","84406B",2011,12,33,136.95,4.15,4,"A",75,69,59,3.52636052461616,33,28,28,25,28
"CREAM DELPHINIUM ARTIFICIAL FLOWER","84804A",2011,12,12,9.48,0.79,1,"C",3,24,13,2.56494935746154,12,10,11,7,11
"CREAM HEART CARD HOLDER","22189",2011,10,585,1676.51,3.8408,50,"A",521,217,441,6.37331978957701,585,521,536,517,536
"CREAM HEART CARD HOLDER","22189",2011,11,449,1376.77,3.94882352941177,50,"A",585,521,518.333333333333,6.10924758276437,449,462,476,450,476
"CREAM HEART CARD HOLDER","22189",2011,12,398,1378.6,4.09266666666667,15,"A",449,585,477.333333333333,5.98896141688986,398,278,266,247,266
"CREAM SLICE FLANNEL CHOCOLATE SPOT","21106",2011,10,27,70.05,2.75,2,"C",7,6,13.3333333333333,3.3322045101752,27,24,29,17,29
"CREAM SLICE FLANNEL CHOCOLATE SPOT","21106",2011,11,87,227.85,2.77857142857143,7,"C",27,7,40.3333333333333,4.47733681447821,87,72,89,66,89
"CREAM SLICE FLANNEL PINK SPOT","21107",2011,10,69,179.55,2.87,5,"B",30,22,40.3333333333333,4.24849524204936,69,58,71,49,71
"CREAM SLICE FLANNEL PINK SPOT","21107",2011,11,153,398.55,2.81666666666667,11,"B",69,30,84,5.03695260241363,153,123,130,108,130
"CREAM SLICE FLANNEL PINK SPOT","21107",2011,12,240,612,2.55,1,"B",153,69,154,5.48479693349065,240,20,45,26,45
"CREAM SWEETHEART MINI CHEST","85066",2011,10,89,1128.96,13.0474285714286,34,"A",222,116,142.333333333333,4.49980967033027,89,121,101,121,101
"CREAM SWEETHEART MINI CHEST","85066",2011,11,260,3030.6,12.6481132075472,53,"A",89,222,190.333333333333,5.56452040732269,260,220,238,228,238
"CREAM SWEETHEART MINI CHEST","85066",2011,12,126,1440.9,12.3346153846154,12,"A",260,89,158.333333333333,4.84418708645859,126,102,87,88,87
"CREAM WALL PLANTER HEART SHAPED","22822",2011,10,11,71.96,7.035,6,"B",6,13,10,2.484906649788,11,12,11,12,11
"CREAM WALL PLANTER HEART SHAPED","22822",2011,11,9,53.55,5.95,5,"B",11,6,8.66666666666667,2.30258509299405,9,9,9,9,9
"CREAM WALL PLANTER HEART SHAPED","22822",2011,12,2,11.9,5.95,2,"B",9,11,7.33333333333333,1.09861228866811,2,4,3,3,3
"CROCHET ROSE PURSE WITH SUEDE BACK","84592",2011,10,6,17.7,2.95,1,"C",10,4,6.66666666666667,1.94591014905531,6,4,4,4,4
"CROCHET ROSE PURSE WITH SUEDE BACK","84592",2011,11,12,35.4,2.95,2,"C",6,10,9.33333333333333,2.56494935746154,12,10,12,10,12
"CRYSTAL DIAMANTE STAR BROOCH","90206C",2011,11,3,14.85,4.95,3,"C",7,2,4,1.38629436111989,3,4,4,5,4
"CRYSTAL FROG PHONE CHARM","90086",2011,10,5,8.15,1.63,3,"C",2,12,6.33333333333333,1.79175946922805,5,6,5,7,5
"CRYSTAL FROG PHONE CHARM","90086",2011,11,5,8.15,1.63,3,"C",5,2,4,1.79175946922805,5,5,5,6,5
"CRYSTAL FROG PHONE CHARM","90086",2011,12,60,19.32,0.52,2,"C",5,5,23.3333333333333,4.11087386417331,60,44,65,52,65
"CRYSTAL HOOP EARRING FLORAL LEAF","90186B",2011,11,9,26.55,2.95,3,"C",1,1,3.66666666666667,2.30258509299405,9,7,8,6,8
"CRYSTAL PAIR HEART HAIR SLIDES","90003D",2011,11,1,3.75,3.75,1,"C",6,2,3,0.693147180559945,1,2,1,2,1
"CRYSTAL SEA HORSE PHONE CHARM","90087",2011,11,3,4.89,1.63,2,"C",13,2,6,1.38629436111989,3,4,4,6,4
"CRYSTAL SEA HORSE PHONE CHARM","90087",2011,12,72,13.68,0.19,2,"C",3,13,29.3333333333333,4.29045944114839,72,47,82,70,82
"CRYSTAL STUD EARRINGS ASSORTED COL","90058B",2011,10,216,82.08,0.38,5,"C",36,72,108,5.37989735354046,216,187,218,206,218
"CRYSTAL STUD EARRINGS ASSORTED COL","90058B",2011,11,216,82.08,0.38,5,"C",216,36,156,5.37989735354046,216,175,197,155,197
"CRYSTAL STUD EARRINGS ASSORTED COL","90058B",2011,12,36,13.68,0.38,1,"C",216,216,156,3.61091791264422,36,31,13,23,13
"CRYSTAL STUD EARRINGS CLEAR DISPLAY","90058A",2011,10,72,27.36,0.38,1,"C",36,36,48,4.29045944114839,72,31,52,30,52
"CRYSTAL STUD EARRINGS CLEAR DISPLAY","90058A",2011,11,180,68.4,0.38,4,"C",72,36,96,5.19849703126583,180,141,175,139,175
"CUBIC MUG FLOCK PINK ON BROWN","37479P",2011,10,18,7.02,0.39,3,"C",30,16,21.3333333333333,2.94443897916644,18,19,17,22,17
"CUBIC MUG FLOCK PINK ON BROWN","37479P",2011,11,22,8.58,0.39,2,"C",18,30,23.3333333333333,3.13549421592915,22,18,18,21,18
"CUPBOARD 3 DRAWER MA CAMPAGNE","22762",2011,10,10,145.1,14.675,8,"B",11,13,11.3333333333333,2.39789527279837,10,12,10,15,10
"CUPBOARD 3 DRAWER MA CAMPAGNE","22762",2011,11,13,189.95,14.675,8,"B",10,11,11.3333333333333,2.63905732961526,13,13,13,17,13
"CUPBOARD 3 DRAWER MA CAMPAGNE","22762",2011,12,6,89.7,14.95,2,"B",13,10,9.66666666666667,1.94591014905531,6,5,6,5,6
"CUPCAKE LACE PAPER SET 6","22938",2011,10,147,286.65,1.95,13,"A",120,89,118.666666666667,4.99721227376411,147,133,124,113,124
"CUPCAKE LACE PAPER SET 6","22938",2011,11,396,702.38,1.98238095238095,21,"A",147,120,221,5.98393628068719,396,370,426,315,426
"CUPCAKE LACE PAPER SET 6","22938",2011,12,3,5.85,1.95,3,"A",396,147,182,1.38629436111989,3,36,32,29,32
"CUPID DESIGN SCENTED CANDLES","72819",2011,10,19,48.45,2.55,3,"C",18,2,13,2.99573227355399,19,16,17,15,17
"CUPID DESIGN SCENTED CANDLES","72819",2011,11,6,15.3,2.55,1,"C",19,18,14.3333333333333,1.94591014905531,6,5,5,4,5
"CUPID DESIGN SCENTED CANDLES","72819",2011,12,64,80,1.25,8,"C",6,19,29.6666666666667,4.17438726989564,64,57,59,62,59
"CURIO CABINET LINEN AND LACE","23410",2011,11,4,30.4,7.6,2,"C",14,18,12,1.6094379124341,4,5,5,6,5
"CURIOUS IMAGES GIFT WRAP SET","85032C",2011,10,72,46.8,0.65,19,"C",148,54,91.3333333333333,4.29045944114839,72,102,95,113,95
"CURIOUS IMAGES GIFT WRAP SET","85032C",2011,11,60,39,0.65,20,"C",72,148,93.3333333333333,4.11087386417331,60,97,71,108,71
"CURIOUS IMAGES GIFT WRAP SET","85032C",2011,12,26,16.9,0.65,3,"C",60,72,52.6666666666667,3.29583686600433,26,34,31,36,31
"CUSHION COVER PINK UNION JACK","22786",2011,10,7,41.65,5.95,4,"C",6,1,4.66666666666667,2.07944154167984,7,7,7,7,7
"CUSHION COVER PINK UNION JACK","22786",2011,11,5,39.59,8.41,4,"C",7,6,6,1.79175946922805,5,7,5,7,5
"CUSHION COVER PINK UNION JACK","22786",2011,12,16,29.4,2.81666666666667,3,"C",5,7,9.33333333333333,2.83321334405622,16,15,16,14,16
"CUT GLASS HEXAGON T-LIGHT HOLDER","85106",2011,11,6,15.3,2.55,2,"B",505,2,171,1.94591014905531,6,23,15,15,15
"CUT GLASS T-LIGHT HOLDER OCTAGON","85107",2011,10,22,56.1,2.55,4,"C",6,53,27,3.13549421592915,22,20,17,17,17
"CUT GLASS T-LIGHT HOLDER OCTAGON","85107",2011,11,84,172.92,2.39363636363636,9,"C",22,6,37.3333333333333,4.44265125649032,84,70,92,78,92
"CUT GLASS T-LIGHT HOLDER OCTAGON","85107",2011,12,48,81.12,1.69,1,"C",84,22,51.3333333333333,3.89182029811063,48,15,24,11,24
"CUTE CATS TAPE","21881",2011,10,25,17.23,0.976666666666667,3,"C",24,12,20.3333333333333,3.25809653802148,25,26,23,27,23
"CUTE CATS TAPE","21881",2011,11,29,18.85,0.65,5,"C",25,24,26,3.40119738166216,29,34,37,39,37
"CUTE CATS TAPE","21881",2011,12,13,9.43,1.14,2,"C",29,25,22.3333333333333,2.63905732961526,13,15,14,15,14
"DAIRY MAID LARGE MILK JUG","21534",2011,10,37,174.75,4.90333333333333,15,"B",15,32,28,3.63758615972639,37,35,35,47,35
"DAIRY MAID LARGE MILK JUG","21534",2011,11,22,108.9,4.95,10,"B",37,15,24.6666666666667,3.13549421592915,22,26,22,26,22
"DAIRY MAID LARGE MILK JUG","21534",2011,12,9,44.55,4.95,4,"B",22,37,22.6666666666667,2.30258509299405,9,10,10,13,10
"DAIRY MAID STRIPE MUG","21845",2011,10,102,80.58,0.79,6,"B",174,202,159.333333333333,4.63472898822964,102,97,91,99,91
"DAIRY MAID STRIPE MUG","21845",2011,11,108,85.32,0.79,3,"B",102,174,128,4.69134788222914,108,51,64,51,64
"DAIRY MAID TOASTRACK","21530",2011,10,66,52.14,0.79,13,"C",106,22,64.6666666666667,4.20469261939097,66,79,55,76,55
"DAIRY MAID TOASTRACK","21530",2011,11,80,63.2,0.79,12,"C",66,106,84,4.39444915467244,80,88,90,99,90
"DAIRY MAID TOASTRACK","21530",2011,12,2,1.58,0.79,2,"C",80,66,49.3333333333333,1.09861228866811,2,21,17,19,17
"DAIRY MAID TRADITIONAL TEAPOT","21528",2011,10,22,140.9,6.75,5,"B",9,17,16,3.13549421592915,22,18,20,18,20
"DAIRY MAID TRADITIONAL TEAPOT","21528",2011,11,9,62.55,6.95,7,"B",22,9,13.3333333333333,2.30258509299405,9,13,9,14,9
"DAISIES  HONEYCOMB GARLAND","21204",2011,10,28,46.2,1.65,4,"C",51,36,38.3333333333333,3.36729582998647,28,32,27,28,27
"DAISIES  HONEYCOMB GARLAND","21204",2011,11,12,19.8,1.65,1,"C",28,51,30.3333333333333,2.56494935746154,12,6,6,6,6
"DAISIES  HONEYCOMB GARLAND","21204",2011,12,14,23.1,1.65,2,"C",12,28,18,2.70805020110221,14,13,13,11,13
"DAISY FOLKART HEART DECORATION","35972",2011,10,21,26.25,1.25,2,"C",2,8,10.3333333333333,3.09104245335832,21,17,21,16,21
"DAISY FOLKART HEART DECORATION","35972",2011,11,4,5,1.25,1,"C",21,2,9,1.6094379124341,4,3,3,4,3
"DAISY GARDEN MARKER","22479",2011,10,12,15,1.25,3,"B",10,37,19.6666666666667,2.56494935746154,12,9,10,13,10
"DAISY GARDEN MARKER","22479",2011,11,11,13.75,1.25,2,"B",12,10,11,2.484906649788,11,9,10,11,10
"DAISY GARDEN MARKER","22479",2011,12,3,3.75,1.25,1,"B",11,12,8.66666666666667,1.38629436111989,3,3,3,4,3
"DAISY HAIR BAND","90170",2011,11,1,1.65,1.65,1,"C",12,6,6.33333333333333,0.693147180559945,1,3,2,3,2
"DAISY JOURNAL","20769",2011,10,3,7.65,2.55,3,"C",15,4,7.33333333333333,1.38629436111989,3,6,4,6,4
"DAISY JOURNAL","20769",2011,11,14,35.7,2.55,8,"C",3,15,10.6666666666667,2.70805020110221,14,18,15,21,15
"DAISY JOURNAL","20769",2011,12,7,17.85,2.55,2,"C",14,3,8,2.07944154167984,7,6,6,6,6
"DAISY NOTEBOOK","20775",2011,10,11,18.15,1.65,2,"C",2,3,5.33333333333333,2.484906649788,11,10,11,9,11
"DAISY NOTEBOOK","20775",2011,11,21,34.65,1.65,6,"C",11,2,11.3333333333333,3.09104245335832,21,19,21,26,21
"DAISY SKETCHBOOK","20763",2011,10,2,7.5,3.75,2,"C",5,5,4,1.09861228866811,2,4,3,4,3
"DAISY SKETCHBOOK","20763",2011,11,24,53.71,3.95166666666667,6,"C",2,5,10.3333333333333,3.2188758248682,24,20,25,21,25
"DAISY SKETCHBOOK","20763",2011,12,1,3.75,3.75,1,"C",24,2,9,0.693147180559945,1,2,2,3,2
"DANISH ROSE DECORATIVE PLATE","84817",2011,10,14,29.4,2.1,2,"B",6,20,13.3333333333333,2.70805020110221,14,14,14,11,14
"DANISH ROSE DECORATIVE PLATE","84817",2011,11,19,39.9,2.1,3,"B",14,6,13,2.99573227355399,19,16,18,15,18
"DANISH ROSE DECORATIVE PLATE","84817",2011,12,211,84,0.561,9,"B",19,14,81.3333333333333,5.35658627467201,211,192,210,265,210
"DANISH ROSE DELUXE COASTER","84821",2011,10,29,24.65,0.85,3,"C",12,24,21.6666666666667,3.40119738166216,29,27,29,28,29
"DANISH ROSE DELUXE COASTER","84821",2011,11,29,24.65,0.85,3,"C",29,12,23.3333333333333,3.40119738166216,29,27,25,28,25
"DANISH ROSE DELUXE COASTER","84821",2011,12,52,9.88,0.19,3,"C",29,29,36.6666666666667,3.97029191355212,52,46,39,62,39
"DANISH ROSE PHOTO FRAME","84818",2011,10,11,8.69,0.79,6,"B",251,397,219.666666666667,2.484906649788,11,97,54,91,54
"DANISH ROSE ROUND SEWING BOX","84819",2011,10,6,25.5,4.25,2,"B",1,6,4.33333333333333,1.94591014905531,6,5,6,5,6
"DANISH ROSE ROUND SEWING BOX","84819",2011,11,11,39.87,3.82,2,"B",6,1,6,2.484906649788,11,8,10,8,10
"DANISH ROSE ROUND SEWING BOX","84819",2011,12,218,192.98,1.19705882352941,17,"B",11,6,78.3333333333333,5.3890717298165,218,205,215,335,215
"DANISH ROSE TRINKET TRAYS","84820",2011,10,4,23.8,5.95,2,"C",5,6,5,1.6094379124341,4,5,5,5,5
"DANISH ROSE TRINKET TRAYS","84820",2011,11,2,11.9,5.95,1,"C",4,5,3.66666666666667,1.09861228866811,2,2,2,2,2
"DANISH ROSE TRINKET TRAYS","84820",2011,12,52,51.4,1.822,5,"C",2,4,19.3333333333333,3.97029191355212,52,47,51,56,51
"DARK BIRD HOUSE TREE DECORATION","21015",2011,10,397,115.13,0.29,15,"C",198,15,203.333333333333,5.98645200528444,397,317,378,300,378
"DARK BIRD HOUSE TREE DECORATION","21015",2011,11,539,156.31,0.29,32,"C",397,198,378,6.29156913955832,539,478,447,511,447
"DARK BIRD HOUSE TREE DECORATION","21015",2011,12,88,25.52,0.29,7,"C",539,397,341.333333333333,4.48863636973214,88,196,162,167,162
"DECORATION  PINK CHICK MAGIC GARDEN","22248",2011,10,16,13.6,0.85,1,"C",16,15,15.6666666666667,2.83321334405622,16,12,12,7,12
"DECORATION  PINK CHICK MAGIC GARDEN","22248",2011,11,16,13.6,0.85,1,"C",16,16,16,2.83321334405622,16,13,12,8,12
"DECORATION SITTING BUNNY","22268",2011,10,226,42.94,0.19,12,"C",56,298,193.333333333333,5.4249500174814,226,198,249,246,249
"DECORATION SITTING BUNNY","22268",2011,11,98,18.62,0.19,3,"C",226,56,126.666666666667,4.59511985013459,98,83,79,84,79
"DECORATION WHITE CHICK MAGIC GARDEN","22249",2011,11,3,2.55,0.85,1,"C",16,3,7.33333333333333,1.38629436111989,3,3,3,3,3
"DECORATION WOBBLY CHICKEN","22287",2011,10,147,57.33,0.39,4,"C",12,10,56.3333333333333,4.99721227376411,147,119,141,190,141
"DECORATION WOBBLY CHICKEN","22287",2011,11,66,25.74,0.39,6,"C",147,12,75,4.20469261939097,66,71,67,88,67
"DECORATION WOBBLY CHICKEN","22287",2011,12,1,0.39,0.39,1,"C",66,147,71.3333333333333,0.693147180559945,1,10,7,11,7
"DECORATION WOBBLY RABBIT METAL","22286",2011,10,204,79.56,0.39,9,"C",17,184,135,5.32300997913841,204,180,187,174,187
"DECORATION WOBBLY RABBIT METAL","22286",2011,11,60,23.4,0.39,7,"C",204,17,93.6666666666667,4.11087386417331,60,76,62,74,62
"DECORATION WOBBLY RABBIT METAL","22286",2011,12,1,0.39,0.39,1,"C",60,204,88.3333333333333,0.693147180559945,1,14,7,12,7
"DECORATIVE CATS BATHROOM BOTTLE","21774",2011,10,111,120.51,1.212,5,"C",123,7,80.3333333333333,4.71849887129509,111,86,92,98,92
"DECORATIVE CATS BATHROOM BOTTLE","21774",2011,11,40,50,1.25,9,"C",111,123,91.3333333333333,3.71357206670431,40,55,53,59,53
"DECORATIVE FLORE BATHROOM BOTTLE","21775",2011,10,45,56.25,1.25,6,"C",19,3,22.3333333333333,3.8286413964891,45,39,39,40,39
"DECORATIVE FLORE BATHROOM BOTTLE","21775",2011,11,37,46.25,1.25,10,"C",45,19,33.6666666666667,3.63758615972639,37,44,39,38,39
"DECORATIVE PLANT POT WITH FRIEZE","22825",2011,10,9,71.55,7.95,2,"C",2,4,5,2.30258509299405,9,7,9,6,9
"DECORATIVE PLANT POT WITH FRIEZE","22825",2011,11,2,15.9,7.95,2,"C",9,2,4.33333333333333,1.09861228866811,2,3,3,3,3
"DECORATIVE ROSE BATHROOM BOTTLE","21773",2011,10,51,63.75,1.25,6,"C",12,4,22.3333333333333,3.95124371858143,51,46,56,55,56
"DECORATIVE ROSE BATHROOM BOTTLE","21773",2011,11,129,143.01,1.22625,8,"C",51,12,64,4.86753445045558,129,125,125,112,125
"DECORATIVE VINTAGE COFFEE  BOX","23413",2011,12,16,69.6,4.68333333333333,3,"C",26,2,14.6666666666667,2.83321334405622,16,12,14,12,14
"DECORATIVE WICKER HEART LARGE","23329",2011,10,387,638.55,1.65,55,"A",415,312,371.333333333333,5.96100533962327,387,435,397,489,397
"DECORATIVE WICKER HEART LARGE","23329",2011,11,478,788.7,1.65,71,"A",387,415,426.666666666667,6.17170059741091,478,520,514,571,514
"DECORATIVE WICKER HEART LARGE","23329",2011,12,109,179.85,1.65,11,"A",478,387,324.666666666667,4.70048036579242,109,141,138,161,138
"DECORATIVE WICKER HEART MEDIUM","23330",2011,10,316,395,1.25,49,"B",507,213,345.333333333333,5.75890177387728,316,374,339,398,339
"DECORATIVE WICKER HEART MEDIUM","23330",2011,11,664,830,1.25,74,"B",316,507,495.666666666667,6.49978704065585,664,617,641,699,641
"DECORATIVE WICKER HEART MEDIUM","23330",2011,12,51,63.75,1.25,10,"B",664,316,343.666666666667,3.95124371858143,51,176,172,145,172
"DECORATIVE WICKER HEART SMALL","23331",2011,10,182,114.66,0.63,17,"B",486,372,346.666666666667,5.20948615284142,182,268,237,281,237
"DECORATIVE WICKER HEART SMALL","23331",2011,11,362,228.06,0.63,28,"B",182,486,343.333333333333,5.89440283426485,362,355,381,380,381
"DECORATIVE WICKER HEART SMALL","23331",2011,12,90,56.7,0.63,7,"B",362,182,211.333333333333,4.51085950651685,90,130,93,121,93
"DELUXE SEWING KIT","22654",2011,10,83,522.25,6.34172413793103,29,"A",87,45,71.6666666666667,4.43081679884331,83,85,78,95,78
"DELUXE SEWING KIT","22654",2011,11,100,583.4,6.29533333333333,29,"A",83,87,90,4.61512051684126,100,106,109,106,109
"DELUXE SEWING KIT","22654",2011,12,22,136.58,6.46636363636364,11,"A",100,83,68.3333333333333,3.13549421592915,22,40,33,41,33
"DIAMANTE BOW BROOCH GREEN COLOUR","90082A",2011,10,1,6.35,6.35,1,"C",3,3,2.33333333333333,0.693147180559945,1,1,1,2,1
"DIAMANTE BOW BROOCH GREEN COLOUR","90082A",2011,11,1,6.35,6.35,1,"C",1,3,1.66666666666667,0.693147180559945,1,1,1,2,1
"DIAMANTE BOW BROOCH GREEN COLOUR","90082A",2011,12,2,12.7,6.35,2,"C",1,1,1.33333333333333,1.09861228866811,2,3,2,3,2
"DIAMANTE BOW BROOCH RED COLOUR","90082B",2011,11,1,6.35,6.35,1,"C",3,3,2.33333333333333,0.693147180559945,1,1,1,2,1
"DIAMANTE BOW BROOCH RED COLOUR","90082B",2011,12,1,6.35,6.35,1,"C",1,3,1.66666666666667,0.693147180559945,1,1,1,2,1
"DIAMANTE HAIR GRIP PACK/2 BLACK DIA","90059B",2011,11,1,1.65,1.65,1,"C",6,2,3,0.693147180559945,1,2,1,2,1
"DIAMANTE HAIR GRIP PACK/2 LT ROSE","90059F",2011,11,1,1.65,1.65,1,"C",6,2,3,0.693147180559945,1,2,1,2,1
"DIAMANTE HAIR GRIP PACK/2 MONTANA","90059C",2011,11,1,1.65,1.65,1,"C",6,1,2.66666666666667,0.693147180559945,1,2,1,2,1
"DIAMANTE HAIR GRIP PACK/2 RUBY","90059E",2011,11,1,1.65,1.65,1,"C",6,3,3.33333333333333,0.693147180559945,1,2,2,2,2
"DIAMANTE HEART SHAPED WALL MIRROR,","22165",2011,10,5,63.75,12.75,3,"B",1,12,6,1.79175946922805,5,5,4,5,4
"DIAMANTE HEART SHAPED WALL MIRROR,","22165",2011,11,8,102,12.75,6,"B",5,1,4.66666666666667,2.19722457733622,8,8,7,7,7
"DIAMANTE HEART SHAPED WALL MIRROR,","22165",2011,12,189,755.35,4.83,10,"B",8,5,67.3333333333333,5.24702407216049,189,146,191,170,191
"DIAMANTE NECKLACE PURPLE","90176D",2011,10,1,7.5,7.5,1,"C",2,2,1.66666666666667,0.693147180559945,1,1,1,2,1
"DIAMANTE NECKLACE PURPLE","90176D",2011,11,2,15,7.5,1,"C",1,2,1.66666666666667,1.09861228866811,2,2,2,2,2
"DIAMANTE RING ASSORTED IN BOX.","90057",2011,10,72,90,1.25,3,"B",72,96,80,4.29045944114839,72,36,47,40,47
"DIAMANTE RING ASSORTED IN BOX.","90057",2011,11,408,510,1.25,8,"B",72,72,184,6.0137151560428,408,278,436,309,436
"DIAMANTE RING ASSORTED IN BOX.","90057",2011,12,48,60,1.25,2,"B",408,72,176,3.89182029811063,48,27,18,24,18
"DINOSAUR HEIGHT CHART STICKER SET","21251",2011,10,7,20.65,2.95,2,"C",15,24,15.3333333333333,2.07944154167984,7,8,7,7,7
"DINOSAUR HEIGHT CHART STICKER SET","21251",2011,11,17,50.15,2.95,5,"C",7,15,13,2.89037175789616,17,16,17,16,17
"DINOSAUR KEYRINGS ASSORTED","21829",2011,10,919,184.02,0.235714285714286,14,"B",366,540,608.333333333333,6.82437367004309,919,677,837,841,837
"DINOSAUR LUNCH BOX WITH CUTLERY","21561",2011,10,219,479.86,2.63833333333333,12,"A",32,246,165.666666666667,5.39362754635236,219,161,192,163,192
"DINOSAUR LUNCH BOX WITH CUTLERY","21561",2011,11,31,83.87,2.95166666666667,12,"A",219,32,94,3.46573590279973,31,50,36,45,36
"DINOSAUR LUNCH BOX WITH CUTLERY","21561",2011,12,8,20.4,2.55,3,"A",31,219,86,2.19722457733622,8,24,15,18,15
"DINOSAUR PARTY BAG + STICKER SET","22334",2011,10,59,98.99,1.83222222222222,9,"B",22,53,44.6666666666667,4.0943445622221,59,57,58,62,58
"DINOSAUR PARTY BAG + STICKER SET","22334",2011,11,55,90.75,1.65,7,"B",59,22,45.3333333333333,4.02535169073515,55,52,51,44,51
"DINOSAUR PARTY BAG + STICKER SET","22334",2011,12,8,13.2,1.65,1,"B",55,59,40.6666666666667,2.19722457733622,8,7,5,6,5
"DINOSAURS  WRITING SET","21329",2011,10,71,117.15,1.65,24,"B",103,17,63.6666666666667,4.27666611901606,71,94,69,89,69
"DINOSAURS  WRITING SET","21329",2011,11,185,308.53,1.7169387755102,48,"B",71,103,119.666666666667,5.2257466737132,185,174,189,216,189
"DINOSAURS  WRITING SET","21329",2011,12,21,36.29,1.855,8,"B",185,71,92.3333333333333,3.09104245335832,21,47,41,55,41
"DISCO BALL CHRISTMAS DECORATION","20668",2011,10,2357,263.64,0.118461538461538,38,"B",313,1152,1274,7.76556908109732,2357,1206,2220,2325,2220
"DISCO BALL CHRISTMAS DECORATION","20668",2011,11,4319,472.2,0.118360655737705,60,"B",2357,313,2329.66666666667,8.37101068123816,4319,2129,3898,3380,3898
"DISCO BALL CHRISTMAS DECORATION","20668",2011,12,1422,153.36,0.116923076923077,13,"B",4319,2357,2699.33333333333,7.26052259808985,1422,1679,1922,2165,1922
"DISCO BALL ROTATOR BATTERY OPERATED","21464",2011,10,31,128.75,4.20833333333333,12,"B",20,8,19.6666666666667,3.46573590279973,31,31,29,36,29
"DISCO BALL ROTATOR BATTERY OPERATED","21464",2011,11,38,161.5,4.25,16,"B",31,20,29.6666666666667,3.66356164612965,38,38,34,40,34
"DISCO BALL ROTATOR BATTERY OPERATED","21464",2011,12,3,12.75,4.25,2,"B",38,31,24,1.38629436111989,3,8,7,9,7
"DO NOT TOUCH MY STUFF DOOR HANGER","21163",2011,10,247,96.33,0.39,22,"C",224,291,254,5.51342874616498,247,236,238,265,238
"DOCTOR'S BAG SOFT TOY","21056",2011,10,1,16.63,16.63,1,"B",1,1,1,0.693147180559945,1,1,1,1,1
"DOCTOR'S BAG SOFT TOY","21056",2011,11,27,318.45,11.3130769230769,13,"B",1,1,9.66666666666667,3.3322045101752,27,20,29,31,29
"DOCTOR'S BAG SOFT TOY","21056",2011,12,5,75.47,12.79,2,"B",27,1,11,1.79175946922805,5,4,3,4,3
"DOG BOWL CHASING BALL DESIGN","22349",2011,10,102,373.86,3.732,20,"A",91,8,67,4.63472898822964,102,96,99,93,99
"DOG BOWL CHASING BALL DESIGN","22349",2011,11,37,146.17,4.05916666666667,12,"A",102,91,76.6666666666667,3.63758615972639,37,51,43,51,43
"DOG BOWL CHASING BALL DESIGN","22349",2011,12,8,30,3.75,3,"A",37,102,49,2.19722457733622,8,16,11,16,11
"DOG BOWL VINTAGE CREAM","22852",2011,10,30,127.5,4.25,11,"B",33,22,28.3333333333333,3.43398720448515,30,28,28,35,28
"DOG BOWL VINTAGE CREAM","22852",2011,11,30,127.5,4.25,9,"B",30,33,31,3.43398720448515,30,31,30,31,30
"DOG BOWL VINTAGE CREAM","22852",2011,12,18,76.5,4.25,5,"B",30,30,26,2.94443897916644,18,17,18,19,18
"DOG TOY WITH PINK CROCHET SKIRT","84581",2011,10,32,120.38,3.77923076923077,13,"C",12,2,15.3333333333333,3.49650756146648,32,32,34,41,34
"DOG TOY WITH PINK CROCHET SKIRT","84581",2011,11,27,101.63,3.77714285714286,14,"C",32,12,23.6666666666667,3.3322045101752,27,30,27,31,27
"DOG TOY WITH PINK CROCHET SKIRT","84581",2011,12,4,15,3.75,2,"C",27,32,21,1.6094379124341,4,6,5,7,5
"DOGGY RUBBER","10120",2011,10,10,2.1,0.21,2,"C",10,35,18.3333333333333,2.39789527279837,10,13,9,18,9
"DOGGY RUBBER","10120",2011,11,49,10.29,0.21,8,"C",10,10,23,3.91202300542815,49,48,54,66,54
"DOGGY RUBBER","10120",2011,12,6,1.26,0.21,1,"C",49,10,21.6666666666667,1.94591014905531,6,6,4,8,4
"DOILEY STORAGE TIN","23236",2011,10,6,17.34,2.89,1,"A",12,183,67,1.94591014905531,6,6,6,6,6
"DOILEY STORAGE TIN","23236",2011,11,6,17.34,2.89,1,"A",6,12,8,1.94591014905531,6,5,5,4,5
"DOLLY CABINET 2 DRAWERS","23459",2011,12,5,62.5,12.5,3,"C",14,14,11,1.79175946922805,5,6,5,5,5
"DOLLY CABINET 3 DRAWERS","23458",2011,12,9,134.55,14.95,5,"B",30,12,17,2.30258509299405,9,12,10,11,10
"DOLLY GIRL BABY GIFT SET","23008",2011,10,22,360.9,16.7681818181818,11,"A",50,20,30.6666666666667,3.13549421592915,22,24,26,25,26
"DOLLY GIRL BABY GIFT SET","23008",2011,11,32,490.4,16.15,10,"A",22,50,34.6666666666667,3.49650756146648,32,30,29,28,29
"DOLLY GIRL BABY GIFT SET","23008",2011,12,2,33.9,16.95,2,"A",32,22,18.6666666666667,1.09861228866811,2,6,3,5,3
"DOLLY GIRL BEAKER","23345",2011,10,549,618.25,1.24291666666667,24,"A",615,945,703,6.30991827822652,549,603,644,626,644
"DOLLY GIRL BEAKER","23345",2011,11,146,182.5,1.25,24,"A",549,615,436.666666666667,4.99043258677874,146,272,223,327,223
"DOLLY GIRL BEAKER","23345",2011,12,72,90,1.25,9,"A",146,549,255.666666666667,4.29045944114839,72,133,108,92,108
"DOLLY GIRL CHILDRENS BOWL","23289",2011,10,136,170,1.25,18,"B",368,388,297.333333333333,4.91998092582813,136,171,149,206,149
"DOLLY GIRL CHILDRENS BOWL","23289",2011,11,184,230,1.25,33,"B",136,368,229.333333333333,5.22035582507833,184,235,176,252,176
"DOLLY GIRL CHILDRENS BOWL","23289",2011,12,19,23.75,1.25,4,"B",184,136,113,2.99573227355399,19,39,26,30,26
"DOLLY GIRL CHILDRENS CUP","23291",2011,10,157,198.67,1.30260869565217,22,"B",322,422,300.333333333333,5.06259503302697,157,201,152,247,152
"DOLLY GIRL CHILDRENS CUP","23291",2011,11,176,222.42,1.2878125,32,"B",157,322,218.333333333333,5.17614973257383,176,226,203,249,203
"DOLLY GIRL CHILDRENS CUP","23291",2011,12,22,27.5,1.25,7,"B",176,157,118.333333333333,3.13549421592915,22,59,31,47,31
"DOLLY GIRL CHILDRENS EGG CUP","22977",2011,10,32,40,1.25,6,"B",30,56,39.3333333333333,3.49650756146648,32,33,30,35,30
"DOLLY GIRL CHILDRENS EGG CUP","22977",2011,11,35,43.75,1.25,9,"B",32,30,32.3333333333333,3.58351893845611,35,39,40,45,40
"DOLLY GIRL CHILDRENS EGG CUP","22977",2011,12,2,3.71,1.855,2,"B",35,32,23,1.09861228866811,2,9,10,10,10
"DOLLY GIRL LUNCH BOX","22630",2011,10,901,1609.89,2.0035593220339,58,"A",944,1582,1142.33333333333,6.80461452006262,901,1076,968,1139,968
"DOLLY GIRL LUNCH BOX","22630",2011,11,813,1471.67,2.045,74,"A",901,944,886,6.70196036600254,813,882,794,985,794
"DOLLY GIRL LUNCH BOX","22630",2011,12,155,293.63,2.06058823529412,16,"A",813,901,623,5.04985600724954,155,336,225,320,225
"DOLLY GIRL MINI BACKPACK","23390",2011,11,94,390.1,4.15,34,"A",349,188,210.333333333333,4.55387689160054,94,166,124,188,124
"DOLLY GIRL MINI BACKPACK","23390",2011,12,82,320.3,4.11666666666667,12,"A",94,349,175,4.4188406077966,82,88,84,72,84
"DOLLY HONEYCOMB GARLAND","21202",2011,11,13,21.45,1.65,2,"C",13,12,12.6666666666667,2.63905732961526,13,12,11,12,11
"DOLLY MIXTURE CHILDREN'S UMBRELLA","20686",2011,10,25,84.63,3.73285714285714,7,"B",31,47,34.3333333333333,3.25809653802148,25,26,23,25,23
"DOLLY MIXTURE CHILDREN'S UMBRELLA","20686",2011,11,59,191.75,3.25,9,"B",25,31,38.3333333333333,4.0943445622221,59,54,66,59,66
"DOLLY MIXTURE CHILDREN'S UMBRELLA","20686",2011,12,2,6.5,3.25,2,"B",59,25,28.6666666666667,1.09861228866811,2,9,7,8,7
"DOOR HANGER  MUM + DADS ROOM","21248",2011,10,11,15.95,1.45,7,"C",6,49,22,2.484906649788,11,20,18,21,18
"DOOR HANGER  MUM + DADS ROOM","21248",2011,11,34,49.3,1.45,11,"C",11,6,17,3.55534806148941,34,34,36,57,36
"DOOR HANGER  MUM + DADS ROOM","21248",2011,12,14,20.3,1.45,2,"C",34,11,19.6666666666667,2.70805020110221,14,14,14,11,14
"DOORMAT 3 SMILEY CATS","48111",2011,10,39,298.35,8.055,12,"A",532,48,206.333333333333,3.68887945411394,39,85,49,48,49
"DOORMAT 3 SMILEY CATS","48111",2011,11,59,463.35,8.14363636363636,21,"A",39,532,210,4.0943445622221,59,116,75,112,75
"DOORMAT 3 SMILEY CATS","48111",2011,12,13,95.55,7.86,3,"A",59,39,37,2.63905732961526,13,14,9,11,9
"DOORMAT AIRMAIL","22366",2011,10,94,688.92,7.8,13,"A",214,15,107.666666666667,4.55387689160054,94,90,79,62,79
"DOORMAT AIRMAIL","22366",2011,11,76,568.5,7.94210526315789,19,"A",94,214,128,4.34380542185368,76,93,74,83,74
"DOORMAT AIRMAIL","22366",2011,12,4,33,8.25,2,"A",76,94,58,1.6094379124341,4,10,6,8,6
"DOORMAT BLACK FLOCK","48173C",2011,10,79,628.35,8.1564,25,"A",131,28,79.3333333333333,4.38202663467388,79,86,68,80,68
"DOORMAT BLACK FLOCK","48173C",2011,11,111,808.11,7.925,18,"A",79,131,107,4.71849887129509,111,92,99,97,99
"DOORMAT BLACK FLOCK","48173C",2011,12,6,49.5,8.25,3,"A",111,79,65.3333333333333,1.94591014905531,6,11,5,11,5
"DOORMAT CHRISTMAS VILLAGE","22687",2011,10,1,8.25,8.25,1,"A",511,40,184,0.693147180559945,1,14,3,5,3
"DOORMAT CHRISTMAS VILLAGE","22687",2011,11,8,99.52,11.602,5,"A",1,511,173.333333333333,2.19722457733622,8,47,16,16,16
"DOORMAT CHRISTMAS VILLAGE","22687",2011,12,4,66.52,16.63,1,"A",8,1,4.33333333333333,1.6094379124341,4,2,2,2,2
"DOORMAT ENGLISH ROSE","48184",2011,10,90,695.7,8.0628,25,"A",556,132,259.333333333333,4.51085950651685,90,149,105,146,105
"DOORMAT ENGLISH ROSE","48184",2011,11,147,1130.55,7.98074074074074,27,"A",90,556,264.333333333333,4.99721227376411,147,169,136,135,136
"DOORMAT ENGLISH ROSE","48184",2011,12,47,352.65,7.9575,12,"A",147,90,94.6666666666667,3.87120101090789,47,58,52,55,52
"DOORMAT FAIRY CAKE","48185",2011,10,69,545.07,8.79736842105263,19,"A",612,71,250.666666666667,4.24849524204936,69,144,90,88,90
"DOORMAT FAIRY CAKE","48185",2011,11,130,1028.78,8.76454545454545,22,"A",69,612,270.333333333333,4.87519732320115,130,164,130,120,130
"DOORMAT FAIRY CAKE","48185",2011,12,13,107.25,8.25,5,"A",130,69,70.6666666666667,2.63905732961526,13,22,15,21,15
"DOORMAT FANCY FONT HOME SWEET HOME","21523",2011,10,130,994.68,8.07571428571429,42,"A",459,135,241.333333333333,4.87519732320115,130,174,163,180,163
"DOORMAT FANCY FONT HOME SWEET HOME","21523",2011,11,215,1677.25,8.5268085106383,47,"A",130,459,268,5.37527840768417,215,229,224,215,224
"DOORMAT FANCY FONT HOME SWEET HOME","21523",2011,12,47,364.35,8.08285714285714,14,"A",215,130,130.666666666667,3.87120101090789,47,77,63,76,63
"DOORMAT HEARTS","48194",2011,10,126,984.9,8.48028571428571,35,"A",654,152,310.666666666667,4.84418708645859,126,189,166,212,166
"DOORMAT HEARTS","48194",2011,11,195,1549.69,8.41617021276596,47,"A",126,654,325,5.27811465923052,195,283,241,189,241
"DOORMAT HEARTS","48194",2011,12,25,213.79,8.87833333333333,12,"A",195,126,115.333333333333,3.25809653802148,25,60,42,52,42
"DOORMAT HOME SWEET HOME BLUE","22690",2011,10,76,598.24,8.3725,28,"A",268,60,134.666666666667,4.34380542185368,76,116,84,97,84
"DOORMAT HOME SWEET HOME BLUE","22690",2011,11,72,558.9,8.12,27,"A",76,268,138.666666666667,4.29045944114839,72,99,71,80,71
"DOORMAT HOME SWEET HOME BLUE","22690",2011,12,28,219.3,8.12,9,"A",72,76,58.6666666666667,3.36729582998647,28,30,30,34,30
"DOORMAT I LOVE LONDON","22660",2011,10,14,110.82,8.08285714285714,7,"B",122,15,50.3333333333333,2.70805020110221,14,25,15,22,15
"DOORMAT I LOVE LONDON","22660",2011,11,63,464.11,8.82777777777778,9,"B",14,122,66.3333333333333,4.15888308335967,63,47,53,36,53
"DOORMAT I LOVE LONDON","22660",2011,12,12,87.3,7.86,3,"B",63,14,29.6666666666667,2.56494935746154,12,11,8,8,8
"DOORMAT KEEP CALM AND COME IN","23284",2011,10,1502,10997.87,8.1074149659864,145,"A",739,1,747.333333333333,7.31521838975297,1502,980,1258,1143,1258
"DOORMAT KEEP CALM AND COME IN","23284",2011,11,687,5266.35,8.27137404580153,130,"A",1502,739,976,6.53378883793334,687,891,623,626,623
"DOORMAT KEEP CALM AND COME IN","23284",2011,12,170,1305.58,8.25542857142857,34,"A",687,1502,786.333333333333,5.14166355650266,170,446,329,378,329
"DOORMAT MERRY CHRISTMAS RED","22689",2011,10,167,1394.67,8.80461538461538,51,"A",306,59,177.333333333333,5.12396397940326,167,189,181,173,181
"DOORMAT MERRY CHRISTMAS RED","22689",2011,11,50,539.08,12.40875,8,"A",167,306,174.333333333333,3.93182563272433,50,58,34,50,34
"DOORMAT MULTICOLOUR STRIPE","48116",2011,10,38,278.4,7.86,6,"A",437,37,170.666666666667,3.66356164612965,38,65,48,36,48
"DOORMAT MULTICOLOUR STRIPE","48116",2011,11,16,139.54,8.87833333333333,12,"A",38,437,163.666666666667,2.83321334405622,16,67,52,61,52
"DOORMAT MULTICOLOUR STRIPE","48116",2011,12,7,57.75,8.25,3,"A",16,38,20.3333333333333,2.07944154167984,7,9,8,7,8
"DOORMAT NEIGHBOURHOOD WITCH","22414",2011,10,15,134.67,10.3733333333333,3,"B",121,5,47,2.77258872223978,15,12,8,12,8
"DOORMAT NEIGHBOURHOOD WITCH","22414",2011,11,12,121.62,10.3063636363636,11,"B",15,121,49.3333333333333,2.56494935746154,12,35,25,28,25
"DOORMAT NEIGHBOURHOOD WITCH","22414",2011,12,14,55.3,3.95,5,"B",12,15,13.6666666666667,2.70805020110221,14,15,15,15,15
"DOORMAT NEW ENGLAND","48187",2011,10,122,936.3,8.07,39,"A",756,145,341,4.81218435537242,122,209,142,227,142
"DOORMAT NEW ENGLAND","48187",2011,11,241,1859.25,8.1448275862069,58,"A",122,756,373,5.48893772615669,241,356,263,194,263
"DOORMAT NEW ENGLAND","48187",2011,12,42,323.1,8.172,15,"A",241,122,135,3.76120011569356,42,80,64,73,64
"DOORMAT PEACE ON EARTH BLUE","22688",2011,10,3,24.75,8.25,2,"A",636,14,217.666666666667,1.38629436111989,3,15,7,11,7
"DOORMAT PEACE ON EARTH BLUE","22688",2011,11,10,90.04,9.32714285714286,7,"A",3,636,216.333333333333,2.39789527279837,10,64,40,29,40
"DOORMAT PEACE ON EARTH BLUE","22688",2011,12,1,8.25,8.25,1,"A",10,3,4.66666666666667,0.693147180559945,1,2,2,2,2
"DOORMAT RED RETROSPOT","20685",2011,10,185,1400.41,8.15755555555556,45,"A",182,146,171,5.2257466737132,185,188,191,191,191
"DOORMAT RED RETROSPOT","20685",2011,11,327,2470.99,8.13362068965517,58,"A",185,182,231.333333333333,5.79301360838414,327,299,314,264,314
"DOORMAT RED RETROSPOT","20685",2011,12,84,622.8,7.925,18,"A",327,185,198.666666666667,4.44265125649032,84,115,83,108,83
"DOORMAT RESPECTABLE HOUSE","22365",2011,10,16,127.84,9.524,5,"A",299,58,124.333333333333,2.83321334405622,16,46,26,31,26
"DOORMAT RESPECTABLE HOUSE","22365",2011,11,130,978.6,7.73071428571429,14,"A",16,299,148.333333333333,4.87519732320115,130,113,105,105,105
"DOORMAT RESPECTABLE HOUSE","22365",2011,12,8,66,8.25,6,"A",130,16,51.3333333333333,2.19722457733622,8,18,13,18,13
"DOORMAT SPOTTY HOME SWEET HOME","21524",2011,10,93,741.69,8.80083333333333,36,"A",353,154,200,4.54329478227,93,156,129,146,129
"DOORMAT SPOTTY HOME SWEET HOME","21524",2011,11,143,1115.1,8.10914285714286,35,"A",93,353,196.333333333333,4.969813299576,143,145,146,145,146
"DOORMAT SPOTTY HOME SWEET HOME","21524",2011,12,38,315.24,8.68142857142857,14,"A",143,93,91.3333333333333,3.66356164612965,38,60,52,58,52
"DOORMAT TOPIARY","48129",2011,10,29,235.09,8.67466666666667,15,"A",363,39,143.666666666667,3.40119738166216,29,92,54,72,54
"DOORMAT TOPIARY","48129",2011,11,43,365.67,8.98210526315789,19,"A",29,363,145,3.78418963391826,43,105,61,59,61
"DOORMAT TOPIARY","48129",2011,12,21,161.55,8.055,6,"A",43,29,31,3.09104245335832,21,19,16,20,16
"DOORMAT UNION FLAG","48138",2011,10,154,1165.2,7.99928571428571,42,"A",786,121,353.666666666667,5.04342511691925,154,250,164,252,164
"DOORMAT UNION FLAG","48138",2011,11,189,1492.13,8.48604651162791,43,"A",154,786,376.333333333333,5.24702407216049,189,305,210,227,210
"DOORMAT UNION FLAG","48138",2011,12,66,486,7.8,13,"A",189,154,136.333333333333,4.20469261939097,66,71,57,66,57
"DOORMAT UNION JACK GUNS AND ROSES","21955",2011,10,28,209.94,8.016,10,"A",113,34,58.3333333333333,3.36729582998647,28,38,28,32,28
"DOORMAT UNION JACK GUNS AND ROSES","21955",2011,11,23,173.37,8.08285714285714,7,"A",28,113,54.6666666666667,3.17805383034795,23,25,20,18,20
"DOORMAT UNION JACK GUNS AND ROSES","21955",2011,12,12,87.3,7.665,2,"A",23,28,21,2.56494935746154,12,7,7,8,7
"DOORMAT VINTAGE LEAF","23283",2011,10,154,1192.24,8.22155555555556,45,"A",173,75,134,5.04342511691925,154,157,158,151,158
"DOORMAT VINTAGE LEAF","23283",2011,11,97,768.53,8.32944444444444,36,"A",154,173,141.333333333333,4.58496747867057,97,125,110,122,110
"DOORMAT VINTAGE LEAF","23283",2011,12,42,323.1,8.10375,16,"A",97,154,97.6666666666667,3.76120011569356,42,60,45,60,45
"DOORMAT WELCOME PUPPIES","48188",2011,10,107,835.17,8.52793103448276,29,"A",192,72,123.666666666667,4.68213122712422,107,121,109,113,109
"DOORMAT WELCOME PUPPIES","48188",2011,11,39,325.13,9.119375,16,"A",107,192,112.666666666667,3.68887945411394,39,70,64,64,64
"DOORMAT WELCOME PUPPIES","48188",2011,12,1,8.25,8.25,1,"A",39,107,49,0.693147180559945,1,4,2,3,2
"DOORMAT WELCOME SUNRISE","22691",2011,10,13,114.79,9.32714285714286,7,"B",136,24,57.6666666666667,2.63905732961526,13,22,15,24,15
"DOORMAT WELCOME SUNRISE","22691",2011,11,31,232.35,7.9575,8,"B",13,136,60,3.46573590279973,31,35,22,26,22
"DOORMAT WELCOME SUNRISE","22691",2011,12,10,82.5,8.25,5,"B",31,13,18,2.39789527279837,10,13,10,10,10
"DOORMAT WELCOME TO OUR HOME","22692",2011,10,88,708.34,8.38030303030303,33,"A",376,106,190,4.48863636973214,88,147,114,138,114
"DOORMAT WELCOME TO OUR HOME","22692",2011,11,60,467.44,8.52368421052632,19,"A",88,376,174.666666666667,4.11087386417331,60,92,58,82,58
"DOORMAT WELCOME TO OUR HOME","22692",2011,12,17,140.25,8.25,9,"A",60,88,55,2.89037175789616,17,26,24,27,24
"DOORSTOP FOOTBALL DESIGN","22513",2011,10,13,74.72,5.605,8,"C",12,7,10.6666666666667,2.63905732961526,13,14,14,17,14
"DOORSTOP FOOTBALL DESIGN","22513",2011,11,10,48.63,5.34,7,"C",13,12,11.6666666666667,2.39789527279837,10,13,10,14,10
"DOORSTOP FOOTBALL DESIGN","22513",2011,12,57,71.71,1.30307692307692,13,"C",10,13,26.6666666666667,4.06044301054642,57,53,59,69,59
"DOORSTOP RACING CAR DESIGN","22512",2011,10,6,21.06,3.63,3,"C",8,3,5.66666666666667,1.94591014905531,6,6,6,6,6
"DOORSTOP RACING CAR DESIGN","22512",2011,11,11,39.81,3.66,4,"C",6,8,8.33333333333333,2.484906649788,11,11,11,12,11
"DOORSTOP RACING CAR DESIGN","22512",2011,12,26,26.46,1.16,8,"C",11,6,14.3333333333333,3.29583686600433,26,28,26,44,26
"DOORSTOP RETROSPOT HEART","22508",2011,10,79,300.18,3.98533333333333,30,"A",811,64,318,4.38202663467388,79,213,184,252,184
"DOORSTOP RETROSPOT HEART","22508",2011,11,131,508.58,4.04108108108108,37,"A",79,811,340.333333333333,4.88280192258637,131,266,153,158,153
"DOORSTOP RETROSPOT HEART","22508",2011,12,21,78.75,3.75,6,"A",131,79,77,3.09104245335832,21,34,23,28,23
"DOTCOM POSTAGE","DOT",2011,10,5,3408.76,681.752,5,"A",5,1,3.66666666666667,1.79175946922805,5,6,5,6,5
"DOTCOM POSTAGE","DOT",2011,11,4,5205.34,1301.335,4,"A",5,5,4.66666666666667,1.6094379124341,4,5,4,5,4
"DOTCOM POSTAGE","DOT",2011,12,1,1599.26,1599.26,1,"A",4,5,3.33333333333333,0.693147180559945,1,2,1,2,1
"DOUGHNUT LIP GLOSS","23077",2011,10,1540,1799,1.24086956521739,46,"A",1320,723,1194.33333333333,7.34018683532012,1540,1281,1381,1292,1381
"DOUGHNUT LIP GLOSS","23077",2011,11,1920,2316,1.24333333333333,63,"A",1540,1320,1593.33333333333,7.56060116276856,1920,1760,1407,1682,1407
"DOUGHNUT LIP GLOSS","23077",2011,12,540,675,1.25,18,"A",1920,1540,1333.33333333333,6.29341927884648,540,715,571,727,571
"DOVE DECORATION PAINTED ZINC","22336",2011,10,804,152.76,0.19,12,"C",965,300,689.666666666667,6.69084227741856,804,627,590,563,590
"DRAGONS BLOOD INCENSE","17084P",2011,10,25,5.25,0.21,1,"C",50,50,41.6666666666667,3.25809653802148,25,22,22,22,22
"DRAGONS BLOOD INCENSE","17084P",2011,11,25,5.25,0.21,1,"C",25,50,33.3333333333333,3.25809653802148,25,23,26,20,26
"DRAWER KNOB CERAMIC BLACK","23034",2011,10,98,142.1,1.45,13,"B",282,96,158.666666666667,4.59511985013459,98,126,107,120,107
"DRAWER KNOB CERAMIC BLACK","23034",2011,11,117,169.65,1.45,10,"B",98,282,165.666666666667,4.77068462446567,117,100,93,96,93
"DRAWER KNOB CERAMIC BLACK","23034",2011,12,7,10.15,1.45,2,"B",117,98,74,2.07944154167984,7,14,10,14,10
"DRAWER KNOB CERAMIC IVORY","23035",2011,10,234,339.3,1.45,29,"A",332,248,271.333333333333,5.45958551414416,234,274,240,281,240
"DRAWER KNOB CERAMIC IVORY","23035",2011,11,425,616.25,1.45,39,"A",234,332,330.333333333333,6.05443934626937,425,414,400,388,400
"DRAWER KNOB CERAMIC IVORY","23035",2011,12,115,177.79,1.61727272727273,11,"A",425,234,258,4.75359019110636,115,134,118,141,118
"DRAWER KNOB CERAMIC RED","23033",2011,10,69,100.05,1.45,10,"B",219,42,110,4.24849524204936,69,75,77,74,77
"DRAWER KNOB CERAMIC RED","23033",2011,11,148,214.6,1.45,11,"B",69,219,145.333333333333,5.00394630594546,148,113,114,115,114
"DRAWER KNOB CERAMIC RED","23033",2011,12,1,1.45,1.45,1,"B",148,69,72.6666666666667,0.693147180559945,1,6,4,7,4
"DRAWER KNOB CRACKLE GLAZE BLUE","23028",2011,10,46,75.9,1.65,13,"B",346,208,200,3.85014760171006,46,108,80,121,80
"DRAWER KNOB CRACKLE GLAZE BLUE","23028",2011,11,2,3.3,1.65,1,"B",46,346,131.333333333333,1.09861228866811,2,6,4,5,4
"DRAWER KNOB CRACKLE GLAZE GREEN","23029",2011,10,140,231,1.65,20,"B",335,164,213,4.94875989037817,140,177,172,180,172
"DRAWER KNOB CRACKLE GLAZE GREEN","23029",2011,11,150,247.5,1.65,20,"B",140,335,208.333333333333,5.01727983681492,150,173,152,182,152
"DRAWER KNOB CRACKLE GLAZE GREEN","23029",2011,12,56,92.4,1.65,7,"B",150,140,115.333333333333,4.04305126783455,56,57,48,61,48
"DRAWER KNOB CRACKLE GLAZE IVORY","23032",2011,10,412,679.8,1.65,42,"A",679,376,489,6.02344759296103,412,484,408,510,408
"DRAWER KNOB CRACKLE GLAZE IVORY","23032",2011,11,117,193.05,1.65,14,"A",412,679,402.666666666667,4.77068462446567,117,203,177,227,177
"DRAWER KNOB CRACKLE GLAZE PINK","23031",2011,10,157,259.05,1.65,24,"B",347,165,223,5.06259503302697,157,204,174,212,174
"DRAWER KNOB CRACKLE GLAZE PINK","23031",2011,11,145,239.25,1.65,18,"B",157,347,216.333333333333,4.98360662170834,145,176,164,173,164
"DRAWER KNOB CRACKLE GLAZE PINK","23031",2011,12,48,79.2,1.65,9,"B",145,157,116.666666666667,3.89182029811063,48,62,62,64,62
"DRAWER KNOB VINTAGE GLASS BALL","23025",2011,10,61,126.88,2.08,10,"C",101,42,68,4.12713438504509,61,60,52,61,52
"DRAWER KNOB VINTAGE GLASS BALL","23025",2011,11,47,97.76,2.08,9,"C",61,101,69.6666666666667,3.87120101090789,47,53,55,61,55
"DRAWER KNOB VINTAGE GLASS BALL","23025",2011,12,12,24.96,2.08,1,"C",47,61,40,2.56494935746154,12,4,5,6,5
"DRAWER KNOB VINTAGE GLASS HEXAGON","23027",2011,10,15,31.2,2.08,3,"C",102,38,51.6666666666667,2.77258872223978,15,23,17,21,17
"DRAWER KNOB VINTAGE GLASS HEXAGON","23027",2011,11,60,124.8,2.08,6,"C",15,102,59,4.11087386417331,60,47,51,53,51
"DRAWER KNOB VINTAGE GLASS HEXAGON","23027",2011,12,30,62.4,2.08,2,"C",60,15,35,3.43398720448515,30,14,16,14,16
"DRAWER KNOB VINTAGE GLASS STAR","23026",2011,10,125,260,2.08,17,"B",48,60,77.6666666666667,4.83628190695148,125,121,131,121,131
"DRAWER KNOB VINTAGE GLASS STAR","23026",2011,11,54,114.37,2.26636363636364,9,"B",125,48,75.6666666666667,4.00733318523247,54,64,53,58,53
"DRAWER KNOB VINTAGE GLASS STAR","23026",2011,12,6,12.48,2.08,1,"B",54,125,61.6666666666667,1.94591014905531,6,6,3,5,3
"DROP DIAMANTE EARRINGS PURPLE","90177D",2011,10,1,2.95,2.95,1,"C",7,2,3.33333333333333,0.693147180559945,1,2,2,2,2
"EASTER BUNNY WITH BASKET ON BACK","84231",2011,11,13,8.45,0.65,2,"C",8,46,22.3333333333333,2.63905732961526,13,13,11,13,11
"EASTER CRAFT 4 CHICKS","22148",2011,10,3,5.85,1.95,1,"A",12,12,9,1.38629436111989,3,4,3,4,3
"EASTER CRAFT 4 CHICKS","22148",2011,11,15,29.25,1.95,4,"A",3,12,10,2.77258872223978,15,15,16,18,16
"EASTER CRAFT 4 CHICKS","22148",2011,12,12,23.4,1.95,1,"A",15,3,10,2.56494935746154,12,8,9,6,9
"EASTER DECORATION EGG BUNNY","22267",2011,10,172,67.08,0.39,6,"C",30,1,67.6666666666667,5.15329159449778,172,138,180,170,180
"EASTER DECORATION EGG BUNNY","22267",2011,11,70,27.3,0.39,8,"C",172,30,90.6666666666667,4.26267987704132,70,76,85,86,85
"EASTER DECORATION EGG BUNNY","22267",2011,12,49,19.11,0.39,2,"C",70,172,97,3.91202300542815,49,29,26,33,26
"EASTER DECORATION HANGING BUNNY","22266",2011,10,785,149.15,0.19,6,"C",96,64,315,6.66695679242921,785,503,877,774,877
"EASTER DECORATION HANGING BUNNY","22266",2011,11,135,25.65,0.19,9,"C",785,96,338.666666666667,4.91265488573605,135,250,176,272,176
"EASTER DECORATION HANGING BUNNY","22266",2011,12,76,14.44,0.19,4,"C",135,785,332,4.34380542185368,76,111,43,87,43
"EASTER DECORATION NATURAL CHICK","22265",2011,11,14,9.1,0.65,4,"C",10,12,12,2.70805020110221,14,16,15,22,15
"EASTER TIN BUNNY BOUQUET","22859",2011,10,120,176.4,1.58333333333333,3,"B",6,6,44,4.79579054559674,120,94,123,126,123
"EASTER TIN BUNNY BOUQUET","22859",2011,11,31,51.15,1.65,4,"B",120,6,52.3333333333333,3.46573590279973,31,30,25,35,25
"EASTER TIN CHICKS PINK DAISY","22860",2011,10,3,4.95,1.65,1,"B",54,231,96,1.38629436111989,3,9,8,6,8
"EASTER TIN CHICKS PINK DAISY","22860",2011,11,6,9.9,1.65,1,"B",3,54,21,1.94591014905531,6,4,4,5,4
"EASTER TIN KEEPSAKE","22858",2011,10,3,4.95,1.65,1,"B",6,110,39.6666666666667,1.38629436111989,3,8,6,5,6
"EASTER TREE YELLOW BIRDS","22281",2011,11,2,11.9,5.95,1,"C",14,42,19.3333333333333,1.09861228866811,2,4,2,3,2
"EASTER TREE YELLOW BIRDS","22281",2011,12,1,5.95,5.95,1,"C",2,14,5.66666666666667,0.693147180559945,1,2,1,2,1
"EAU DE NIL LOVE BIRD CANDLE","85169C",2011,11,2,2.5,1.25,2,"C",1,12,5,1.09861228866811,2,4,3,5,3
"EAU DE NIL LOVE BIRD CANDLE","85169C",2011,12,3,3.75,1.25,2,"C",2,1,2,1.38629436111989,3,3,3,4,3
"EAU DE NILE HEART SHAPE PHOTO FRAME","85025B",2011,10,74,122.1,1.65,5,"C",144,5,74.3333333333333,4.31748811353631,74,53,59,56,59
"EAU DE NILE HEART SHAPE PHOTO FRAME","85025B",2011,11,62,102.3,1.65,6,"C",74,144,93.3333333333333,4.14313472639153,62,50,53,51,53
"EAU DE NILE HEART SHAPE PHOTO FRAME","85025B",2011,12,2,3.3,1.65,1,"C",62,74,46,1.09861228866811,2,5,3,4,3
"EAU DE NILE JEWELLED PHOTOFRAME","85023B",2011,10,18,45.9,2.55,3,"C",2,2,7.33333333333333,2.94443897916644,18,15,18,16,18
"EAU DE NILE JEWELLED PHOTOFRAME","85023B",2011,11,7,17.85,2.55,2,"C",18,2,9,2.07944154167984,7,7,6,6,6
"EAU DE NILE JEWELLED PHOTOFRAME","85024B",2011,11,12,19.8,1.65,1,"C",7,18,12.3333333333333,2.56494935746154,12,7,9,7,9
"EAU DE NILE JEWELLED PHOTOFRAME","85023B",2011,12,1,2.55,2.55,1,"C",12,7,6.66666666666667,0.693147180559945,1,2,1,3,1
"EAU DE NILE JEWELLED PHOTOFRAME","85024B",2011,12,1,1.65,1.65,1,"C",1,12,4.66666666666667,0.693147180559945,1,2,1,2,1
"EAU DE NILE JEWELLED T-LIGHT HOLDER","85026B",2011,10,30,25.5,0.85,2,"C",6,3,13,3.43398720448515,30,27,32,31,32
"EAU DE NILE JEWELLED T-LIGHT HOLDER","85026B",2011,11,10,8.5,0.85,1,"C",30,6,15.3333333333333,2.39789527279837,10,8,7,7,7
"EAU DE NILE JEWELLED T-LIGHT HOLDER","85026B",2011,12,2,1.7,0.85,1,"C",10,30,14,1.09861228866811,2,5,4,5,4
"ECONOMY LUGGAGE TAG","20659",2011,10,3,7.38,2.46,2,"C",14,5,7.33333333333333,1.38629436111989,3,3,3,5,3
"ECONOMY LUGGAGE TAG","20659",2011,11,15,28.43,1.70375,8,"C",3,14,10.6666666666667,2.77258872223978,15,18,15,25,15
"ECONOMY LUGGAGE TAG","20659",2011,12,5,11.09,1.855,2,"C",15,3,7.66666666666667,1.79175946922805,5,5,5,6,5
"EDWARDIAN DROP EARRINGS JET BLACK","90022",2011,12,2,7.5,3.75,1,"C",4,1,2.33333333333333,1.09861228866811,2,1,2,2,2
"EDWARDIAN HEART PHOTO FRAME","23070",2011,10,24,99.6,4.15,3,"C",24,22,23.3333333333333,3.2188758248682,24,17,17,17,17
"EDWARDIAN HEART PHOTO FRAME","23070",2011,11,14,58.1,4.15,3,"C",24,24,20.6666666666667,2.70805020110221,14,13,12,14,12
"EDWARDIAN HEART PHOTO FRAME","23070",2011,12,3,12.45,4.15,2,"C",14,24,13.6666666666667,1.38629436111989,3,7,4,5,4
"EDWARDIAN PARASOL BLACK","15056BL",2011,10,548,2880.11,5.99441176470588,34,"A",259,215,340.666666666667,6.30809844150953,548,460,509,428,509
"EDWARDIAN PARASOL BLACK","15056BL",2011,11,165,933.75,5.91875,32,"A",548,259,324,5.11198778835654,165,247,208,227,208
"EDWARDIAN PARASOL BLACK","15056BL",2011,12,70,423.01,7.035,6,"A",165,548,261,4.26267987704132,70,74,26,39,26
"EDWARDIAN PARASOL NATURAL","15056N",2011,10,269,1528.55,5.87857142857143,28,"A",337,413,339.666666666667,5.59842195899838,269,307,267,275,267
"EDWARDIAN PARASOL NATURAL","15056N",2011,11,157,850.15,5.87307692307692,26,"A",269,337,254.333333333333,5.06259503302697,157,181,155,167,155
"EDWARDIAN PARASOL NATURAL","15056N",2011,12,80,464,5.80714285714286,7,"A",157,269,168.666666666667,4.39444915467244,80,61,41,53,41
"EDWARDIAN PARASOL PINK","15056P",2011,10,48,258.6,5.85909090909091,11,"A",48,79,58.3333333333333,3.89182029811063,48,48,53,50,53
"EDWARDIAN PARASOL PINK","15056P",2011,11,85,464.26,6.25611111111111,18,"A",48,48,60.3333333333333,4.45434729625351,85,81,83,81,83
"EDWARDIAN PARASOL PINK","15056P",2011,12,19,113.05,5.95,3,"A",85,48,50.6666666666667,2.99573227355399,19,16,15,19,15
"EDWARDIAN PARASOL RED","20679",2011,10,256,1376.2,5.84285714285714,28,"A",136,204,198.666666666667,5.54907608489522,256,237,232,215,232
"EDWARDIAN PARASOL RED","20679",2011,11,150,844.5,5.91666666666667,29,"A",256,136,180.666666666667,5.01727983681492,150,167,135,163,135
"EDWARDIAN PARASOL RED","20679",2011,12,36,214.2,5.95,7,"A",150,256,147.333333333333,3.61091791264422,36,50,23,42,23
"EDWARDIAN PHOTO FRAME","23069",2011,10,12,75,6.25,4,"C",13,18,14.3333333333333,2.56494935746154,12,12,11,11,11
"EDWARDIAN PHOTO FRAME","23069",2011,11,14,87.5,6.25,4,"C",12,13,13,2.70805020110221,14,14,14,12,14
"EDWARDIAN PHOTO FRAME","23069",2011,12,2,12.5,6.25,1,"C",14,12,9.33333333333333,1.09861228866811,2,2,2,2,2
"EGG CUP HENRIETTA HEN CREAM","23568",2011,12,144,149.76,1.04,1,"C",190,246,193.333333333333,4.97673374242057,144,18,21,18,21
"EGG CUP HENRIETTA HEN PINK","23567",2011,12,3,3.75,1.25,1,"C",112,72,62.3333333333333,1.38629436111989,3,7,3,6,3
"EGG CUP MILKMAID HEIDI","23566",2011,12,162,172.26,1.18,3,"B",275,347,261.333333333333,5.09375020080676,162,47,78,58,78
"EGG CUP MILKMAID HELGA","23565",2011,12,24,30,1.25,2,"C",181,143,116,3.2188758248682,24,11,8,12,8
"EGG CUP MILKMAID INGRID","23564",2011,12,18,22.5,1.25,2,"C",197,372,195.666666666667,2.94443897916644,18,14,11,15,11
"EGG CUP NATURAL CHICKEN","22269",2011,10,268,110.73,0.755294117647059,17,"C",101,17,128.666666666667,5.59471137960184,268,244,277,263,277
"EGG CUP NATURAL CHICKEN","22269",2011,11,94,42.87,0.85,9,"C",268,101,154.333333333333,4.55387689160054,94,105,111,110,111
"EGG CUP NATURAL CHICKEN","22269",2011,12,34,17.4,1.08,3,"C",94,268,132,3.55534806148941,34,23,26,29,26
"EGG FRYING PAN BLUE","23339",2011,10,29,60.32,2.08,14,"C",32,12,24.3333333333333,3.40119738166216,29,34,29,41,29
"EGG FRYING PAN BLUE","23339",2011,11,42,87.36,2.08,19,"C",29,32,34.3333333333333,3.76120011569356,42,48,44,51,44
"EGG FRYING PAN BLUE","23339",2011,12,8,16.64,2.08,2,"C",42,29,26.3333333333333,2.19722457733622,8,12,11,12,11
"EGG FRYING PAN IVORY","23335",2011,10,62,128.96,2.08,17,"B",41,21,41.3333333333333,4.14313472639153,62,65,69,65,69
"EGG FRYING PAN IVORY","23335",2011,11,74,153.92,2.08,20,"B",62,41,59,4.31748811353631,74,85,78,94,78
"EGG FRYING PAN IVORY","23335",2011,12,23,47.84,2.08,5,"B",74,62,53,3.17805383034795,23,25,26,34,26
"EGG FRYING PAN MINT","23337",2011,10,39,81.12,2.08,13,"C",24,19,27.3333333333333,3.68887945411394,39,42,41,50,41
"EGG FRYING PAN MINT","23337",2011,11,56,116.48,2.08,18,"C",39,24,39.6666666666667,4.04305126783455,56,61,63,67,63
"EGG FRYING PAN MINT","23337",2011,12,9,18.72,2.08,3,"C",56,39,34.6666666666667,2.30258509299405,9,18,13,15,13
"EGG FRYING PAN PINK","23336",2011,10,41,85.28,2.08,11,"C",66,11,39.3333333333333,3.73766961828337,41,47,45,49,45
"EGG FRYING PAN PINK","23336",2011,11,28,60.29,2.20058823529412,16,"C",41,66,45,3.36729582998647,28,43,35,49,35
"EGG FRYING PAN PINK","23336",2011,12,21,43.68,2.08,5,"C",28,41,30,3.09104245335832,21,20,20,25,20
"EGG FRYING PAN RED","23338",2011,10,43,89.44,2.08,13,"B",67,30,46.6666666666667,3.78418963391826,43,47,46,48,46
"EGG FRYING PAN RED","23338",2011,11,82,170.56,2.08,23,"B",43,67,64,4.4188406077966,82,92,77,111,77
"EGG FRYING PAN RED","23338",2011,12,88,172,2.06083333333333,12,"B",82,43,71,4.48863636973214,88,81,90,91,90
"EIGHT PIECE SNAKE  SET","21828",2011,10,50,62.5,1.25,10,"C",7,2,19.6666666666667,3.93182563272433,50,44,51,72,51
"EIGHT PIECE SNAKE  SET","21828",2011,11,81,101.25,1.25,18,"C",50,7,46,4.40671924726425,81,78,74,84,74
"EIGHT PIECE SNAKE  SET","21828",2011,12,19,23.75,1.25,5,"C",81,50,50,2.99573227355399,19,28,29,37,29
"ELEPHANT BIRTHDAY CARD","21507",2011,10,302,127.66,0.439523809523809,21,"C",196,12,170,5.71373280550937,302,268,285,292,285
"ELEPHANT BIRTHDAY CARD","21507",2011,11,461,187.03,0.4644,25,"C",302,196,319.666666666667,6.13556489108174,461,409,411,402,411
"ELEPHANT BIRTHDAY CARD","21507",2011,12,109,46.19,0.465555555555556,9,"C",461,302,290.666666666667,4.70048036579242,109,168,167,170,167
"ELEPHANT CARNIVAL POUFFE","21627",2011,10,3,44.85,14.95,3,"C",1,8,4,1.38629436111989,3,4,4,4,4
"EMBOSSED GLASS TEALIGHT HOLDER","22460",2011,10,176,223.63,1.45166666666667,18,"A",210,114,166.666666666667,5.17614973257383,176,163,162,160,162
"EMBOSSED GLASS TEALIGHT HOLDER","22460",2011,11,372,455.23,1.32689655172414,29,"A",176,210,252.666666666667,5.92157841964382,372,347,376,319,376
"EMBOSSED GLASS TEALIGHT HOLDER","22460",2011,12,61,91.98,1.492,5,"A",372,176,203,4.12713438504509,61,70,57,62,57
"EMBOSSED HEART TRINKET BOX","23074",2011,11,57,118.56,2.08,11,"C",112,44,71,4.06044301054642,57,59,61,62,61
"EMBOSSED HEART TRINKET BOX","23074",2011,12,8,16.64,2.08,3,"C",57,112,59,2.19722457733622,8,18,11,17,11
"EMBROIDERED RIBBON REEL CLAIRE","23519",2011,11,27,101.25,3.75,7,"B",156,36,73,3.3322045101752,27,35,29,34,29
"EMBROIDERED RIBBON REEL DAISY","23515",2011,11,83,172.64,2.08,20,"B",396,61,180,4.43081679884331,83,136,109,147,109
"EMBROIDERED RIBBON REEL DAISY","23515",2011,12,18,37.44,2.08,3,"B",83,396,165.666666666667,2.94443897916644,18,21,16,20,16
"EMBROIDERED RIBBON REEL EMILY","23511",2011,11,108,224.64,2.08,24,"B",315,86,169.666666666667,4.69134788222914,108,160,136,167,136
"EMBROIDERED RIBBON REEL EMILY","23511",2011,12,15,31.2,2.08,4,"B",108,315,146,2.77258872223978,15,29,23,29,23
"EMBROIDERED RIBBON REEL RACHEL","23518",2011,11,29,83.81,2.89,9,"B",277,45,117,3.40119738166216,29,63,63,55,63
"EMBROIDERED RIBBON REEL RACHEL","23518",2011,12,6,17.34,2.89,1,"B",29,277,104,1.94591014905531,6,7,6,5,6
"EMBROIDERED RIBBON REEL REBECCA","23517",2011,11,49,141.61,2.89,13,"B",215,41,101.666666666667,3.91202300542815,49,72,64,63,64
"EMBROIDERED RIBBON REEL REBECCA","23517",2011,12,7,20.23,2.89,2,"B",49,215,90.3333333333333,2.07944154167984,7,13,11,15,11
"EMBROIDERED RIBBON REEL ROSIE","23512",2011,11,60,124.8,2.08,16,"B",371,42,157.666666666667,4.11087386417331,60,117,76,106,76
"EMBROIDERED RIBBON REEL ROSIE","23512",2011,12,11,22.88,2.08,5,"B",60,371,147.333333333333,2.484906649788,11,54,24,31,24
"EMBROIDERED RIBBON REEL RUBY","23520",2011,11,13,48.75,3.75,8,"C",101,44,52.6666666666667,2.63905732961526,13,30,18,29,18
"EMBROIDERED RIBBON REEL RUBY","23520",2011,12,7,26.25,3.75,2,"C",13,101,40.3333333333333,2.07944154167984,7,7,7,9,7
"EMBROIDERED RIBBON REEL SALLY","23514",2011,11,116,241.28,2.08,24,"B",257,72,148.333333333333,4.76217393479776,116,154,127,182,127
"EMBROIDERED RIBBON REEL SALLY","23514",2011,12,13,27.04,2.08,3,"B",116,257,128.666666666667,2.63905732961526,13,18,17,21,17
"EMBROIDERED RIBBON REEL SOPHIE","23516",2011,11,31,116.25,3.75,9,"B",216,31,92.6666666666667,3.46573590279973,31,46,30,43,30
"EMBROIDERED RIBBON REEL SOPHIE","23516",2011,12,13,48.75,3.75,3,"B",31,216,86.6666666666667,2.63905732961526,13,22,19,18,19
"EMBROIDERED RIBBON REEL SUSIE","23513",2011,11,69,143.52,2.08,20,"B",403,74,182,4.24849524204936,69,138,133,144,133
"EMBROIDERED RIBBON REEL SUSIE","23513",2011,12,10,20.8,2.08,3,"B",69,403,160.666666666667,2.39789527279837,10,22,19,20,19
"EMERGENCY FIRST AID TIN","22494",2011,10,31,49.64,1.613,10,"B",84,24,46.3333333333333,3.46573590279973,31,40,33,41,33
"EMERGENCY FIRST AID TIN","22494",2011,11,62,87.18,1.57266666666667,15,"B",31,84,59,4.14313472639153,62,68,65,78,65
"EMERGENCY FIRST AID TIN","22494",2011,12,5,8.67,1.65333333333333,3,"B",62,31,32.6666666666667,1.79175946922805,5,16,9,15,9
"EMPIRE BIRTHDAY CARD","22023",2011,10,36,15.12,0.42,3,"C",96,108,80,3.61091791264422,36,53,50,40,50
"EMPIRE BIRTHDAY CARD","22023",2011,11,123,52.89,0.494545454545455,11,"C",36,96,85,4.82028156560504,123,123,127,128,127
"EMPIRE BIRTHDAY CARD","22023",2011,12,12,5.04,0.42,1,"C",123,36,57,2.56494935746154,12,17,12,12,12
"EMPIRE DESIGN ROSETTE","22053",2011,10,20,25,1.25,2,"A",2,10,10.6666666666667,3.04452243772342,20,15,17,15,17
"EMPIRE DESIGN ROSETTE","22053",2011,11,11,13.75,1.25,2,"A",20,2,11,2.484906649788,11,9,9,9,9
"EMPIRE GIFT WRAP","22047",2011,10,325,136.5,0.42,8,"B",250,375,316.666666666667,5.78689738136671,325,260,294,225,294
"EMPIRE GIFT WRAP","22047",2011,11,500,198,0.415384615384615,13,"B",325,250,358.333333333333,6.21660610108486,500,425,473,423,473
"EMPIRE GIFT WRAP","22047",2011,12,50,21,0.42,2,"B",500,325,291.666666666667,3.93182563272433,50,50,43,48,43
"EMPIRE TISSUE BOX","22091",2011,10,692,269.88,0.39,30,"B",96,315,367.666666666667,6.5410299991899,692,577,727,661,727
"EMPIRE TISSUE BOX","22091",2011,11,330,136.98,0.523548387096774,31,"B",692,96,372.666666666667,5.80211837537706,330,373,257,393,257
"EMPIRE TISSUE BOX","22091",2011,12,7,2.73,0.39,4,"B",330,692,343,2.07944154167984,7,121,60,89,60
"EMPIRE UNION JACK TV DINNER TRAY","22476",2011,10,40,194.98,5.5925,8,"B",7,5,17.3333333333333,3.71357206670431,40,34,38,39,38
"EMPIRE UNION JACK TV DINNER TRAY","22476",2011,11,42,216.56,5.73428571428571,14,"B",40,7,29.6666666666667,3.76120011569356,42,40,43,39,43
"EMPIRE UNION JACK TV DINNER TRAY","22476",2011,12,628,1233.44,2.834,10,"B",42,40,236.666666666667,6.44413125670044,628,490,675,487,675
"ENAMEL BLUE RIM COFFEE CONTAINER","35810B",2011,10,2,1.66,0.83,1,"C",24,48,24.6666666666667,1.09861228866811,2,7,3,8,3
"ENAMEL BLUE RIM COFFEE CONTAINER","35810B",2011,11,5,4.15,0.83,2,"C",2,24,10.3333333333333,1.79175946922805,5,6,5,8,5
"ENAMEL BREAD BIN CREAM","22424",2011,10,61,763.35,12.6985714285714,35,"A",80,42,61,4.12713438504509,61,70,61,75,61
"ENAMEL BREAD BIN CREAM","22424",2011,11,58,710.7,12.6214285714286,28,"A",61,80,66.3333333333333,4.07753744390572,58,67,66,71,66
"ENAMEL BREAD BIN CREAM","22424",2011,12,14,190.71,13.6892307692308,13,"A",58,61,44.3333333333333,2.70805020110221,14,31,27,30,27
"ENAMEL COLANDER CREAM","22425",2011,10,37,176.96,5.28153846153846,13,"B",32,37,35.3333333333333,3.63758615972639,37,35,36,38,36
"ENAMEL COLANDER CREAM","22425",2011,11,40,186.8,4.89615384615385,13,"B",37,32,36.3333333333333,3.71357206670431,40,38,42,41,42
"ENAMEL COLANDER CREAM","22425",2011,12,2,9.9,4.95,2,"B",40,37,26.3333333333333,1.09861228866811,2,8,5,8,5
"ENAMEL FIRE BUCKET CREAM","22428",2011,10,24,166.8,6.95,10,"B",10,32,22,3.2188758248682,24,26,26,27,26
"ENAMEL FIRE BUCKET CREAM","22428",2011,11,19,139.23,7.668,10,"B",24,10,17.6666666666667,2.99573227355399,19,23,21,27,21
"ENAMEL FIRE BUCKET CREAM","22428",2011,12,1,6.95,6.95,1,"B",19,24,14.6666666666667,0.693147180559945,1,4,2,3,2
"ENAMEL FLOWER JUG CREAM","22427",2011,10,172,981.08,6.07266666666667,28,"A",153,235,186.666666666667,5.15329159449778,172,168,169,168,169
"ENAMEL FLOWER JUG CREAM","22427",2011,11,12,65.4,5.45,1,"A",172,153,112.333333333333,2.56494935746154,12,6,2,5,2
"ENAMEL MEASURING JUG CREAM","22429",2011,10,146,590.5,4.23148148148148,27,"A",84,76,102,4.99043258677874,146,139,136,142,136
"ENAMEL MEASURING JUG CREAM","22429",2011,11,61,263.29,4.38931034482759,29,"A",146,84,97,4.12713438504509,61,96,86,102,86
"ENAMEL MEASURING JUG CREAM","22429",2011,12,12,51,4.25,6,"A",61,146,73,2.56494935746154,12,34,22,26,22
"ENAMEL PINK COFFEE CONTAINER","35810A",2011,10,33,27.39,0.83,4,"C",24,24,27,3.52636052461616,33,36,38,40,38
"ENAMEL WASH BOWL CREAM","22426",2011,10,50,174.7,3.68846153846154,13,"B",65,53,56,3.93182563272433,50,53,56,52,56
"ENAMEL WASH BOWL CREAM","22426",2011,11,35,118.45,3.67,10,"B",50,65,50,3.58351893845611,35,43,41,44,41
"ENAMEL WASH BOWL CREAM","22426",2011,12,5,18.75,3.75,2,"B",35,50,30,1.79175946922805,5,8,6,9,6
"ENAMEL WATERING CAN CREAM","22430",2011,10,27,133.65,4.95,10,"A",24,33,28,3.3322045101752,27,28,26,32,26
"ENAMEL WATERING CAN CREAM","22430",2011,11,39,193.05,4.95,12,"A",27,24,30,3.68887945411394,39,37,41,38,41
"ENAMEL WATERING CAN CREAM","22430",2011,12,2,9.9,4.95,2,"A",39,27,22.6666666666667,1.09861228866811,2,7,5,7,5
"ENCHANTED BIRD COATHANGER 5 HOOK","84792",2011,10,82,365.62,4.85222222222222,18,"A",44,38,54.6666666666667,4.4188406077966,82,71,71,75,71
"ENCHANTED BIRD COATHANGER 5 HOOK","84792",2011,11,90,398.34,4.61347826086957,23,"A",82,44,72,4.51085950651685,90,87,90,100,90
"ENCHANTED BIRD COATHANGER 5 HOOK","84792",2011,12,20,97.48,5.29,7,"A",90,82,64,3.04452243772342,20,27,25,29,25
"ENGLISH ROSE GARDEN SECATEURS","47504K",2011,10,117,92.43,0.79,25,"B",515,471,367.666666666667,4.77068462446567,117,251,189,298,189
"ENGLISH ROSE GARDEN SECATEURS","47504K",2011,11,24,18.96,0.79,6,"B",117,515,218.666666666667,3.2188758248682,24,112,75,84,75
"ENGLISH ROSE HOT WATER BOTTLE","84030E",2011,10,211,888.79,4.31807692307692,52,"A",255,41,169,5.35658627467201,211,213,218,221,218
"ENGLISH ROSE HOT WATER BOTTLE","84030E",2011,11,400,1576.04,4.24292307692308,64,"A",211,255,288.666666666667,5.99396142730657,400,394,409,366,409
"ENGLISH ROSE HOT WATER BOTTLE","84030E",2011,12,79,311.75,4.21153846153846,13,"A",400,211,230,4.38202663467388,79,115,121,124,121
"ENGLISH ROSE NOTEBOOK A7 SIZE","84536A",2011,10,347,145.74,0.42,31,"B",106,309,254,5.85220247977447,347,308,324,313,324
"ENGLISH ROSE NOTEBOOK A7 SIZE","84536A",2011,11,500,210.41,0.429761904761905,41,"B",347,106,317.666666666667,6.21660610108486,500,462,492,473,492
"ENGLISH ROSE NOTEBOOK A7 SIZE","84536A",2011,12,98,41.57,0.465555555555556,9,"B",500,347,315,4.59511985013459,98,179,174,177,174
"ENGLISH ROSE SCENTED HANGING FLOWER","47574A",2011,10,20,15,0.75,4,"C",58,19,32.3333333333333,3.04452243772342,20,29,22,31,22
"ENGLISH ROSE SMALL SCENTED FLOWER","47578A",2011,10,15,12.75,0.85,3,"C",41,10,22,2.77258872223978,15,18,14,22,14
"ENGLISH ROSE SMALL SCENTED FLOWER","47578A",2011,11,53,45.05,0.85,7,"C",15,41,36.3333333333333,3.98898404656427,53,50,46,57,46
"ENGLISH ROSE SMALL SCENTED FLOWER","47578A",2011,12,20,17,0.85,2,"C",53,15,29.3333333333333,3.04452243772342,20,15,15,13,15
"ENGLISH ROSE SPIRIT LEVEL","47504H",2011,10,67,80.43,1.62333333333333,15,"B",80,346,164.333333333333,4.21950770517611,67,121,94,97,94
"ENGLISH ROSE SPIRIT LEVEL","47504H",2011,11,122,116.38,1.24454545454545,22,"B",67,80,89.6666666666667,4.81218435537242,122,123,114,142,114
"ENGLISH ROSE SPIRIT LEVEL","47504H",2011,12,98,92.42,1.1025,8,"B",122,67,95.6666666666667,4.59511985013459,98,99,114,93,114
"ENVELOPE 50 BLOSSOM IMAGES","85017B",2011,10,106,49.68,0.446875,15,"C",151,42,99.6666666666667,4.67282883446191,106,134,119,125,119
"ENVELOPE 50 BLOSSOM IMAGES","85017B",2011,11,3,1.26,0.42,2,"C",106,151,86.6666666666667,1.38629436111989,3,34,28,25,28
"ETCHED GLASS COASTER","21294",2011,10,41,15.99,0.39,5,"B",26,16,27.6666666666667,3.73766961828337,41,41,34,44,34
"EUCALYPTUS & PINECONE  WREATH","21352",2011,10,121,356.95,2.95,13,"B",114,6,80.3333333333333,4.80402104473326,121,98,116,93,116
"EUCALYPTUS & PINECONE  WREATH","21352",2011,11,22,64.9,2.95,3,"B",121,114,85.6666666666667,3.13549421592915,22,22,17,19,17
"FAIRY CAKE BIRTHDAY CANDLE SET","37495",2011,10,73,244.95,3.66111111111111,9,"B",23,20,38.6666666666667,4.30406509320417,73,65,89,67,89
"FAIRY CAKE BIRTHDAY CANDLE SET","37495",2011,11,44,136.2,3.48333333333333,3,"B",73,23,46.6666666666667,3.80666248977032,44,23,22,21,22
"FAIRY CAKE BIRTHDAY CANDLE SET","37495",2011,12,4,15,3.75,1,"B",44,73,40.3333333333333,1.6094379124341,4,3,3,4,3
"FAIRY CAKE DESIGN UMBRELLA","15060B",2011,10,22,87.04,4.25444444444444,9,"B",75,93,63.3333333333333,3.13549421592915,22,37,33,39,33
"FAIRY CAKE DESIGN UMBRELLA","15060B",2011,11,18,53.1,2.95,1,"B",22,75,38.3333333333333,2.94443897916644,18,5,6,5,6
"FAIRY CAKE FLANNEL ASSORTED COLOUR","21108",2011,10,706,589.42,0.882631578947368,38,"A",75,45,275.333333333333,6.56103066589657,706,613,777,844,777
"FAIRY CAKE FLANNEL ASSORTED COLOUR","21108",2011,11,2332,1913.02,0.823164556962025,78,"A",706,75,1037.66666666667,7.75491027202143,2332,1536,2159,1791,2159
"FAIRY CAKE FLANNEL ASSORTED COLOUR","21108",2011,12,204,200.58,1.00928571428571,14,"A",2332,706,1080.66666666667,5.32300997913841,204,722,608,646,608
"FAIRY CAKES NOTEBOOK A6 SIZE","84535B",2011,10,291,157.65,0.727222222222222,18,"B",82,206,193,5.67675380226828,291,258,282,277,282
"FAIRY CAKES NOTEBOOK A6 SIZE","84535B",2011,11,158,103.51,0.697647058823529,17,"B",291,82,177,5.06890420222023,158,188,179,187,179
"FAIRY CAKES NOTEBOOK A6 SIZE","84535B",2011,12,4,2.6,0.65,2,"B",158,291,151,1.6094379124341,4,33,20,24,20
"FAIRY CAKES NOTEBOOK A7 SIZE","84536B",2011,10,435,156.73,0.440666666666667,15,"C",42,76,184.333333333333,6.07764224334903,435,380,441,431,441
"FAIRY CAKES NOTEBOOK A7 SIZE","84536B",2011,11,143,60.47,0.457272727272727,11,"C",435,42,206.666666666667,4.969813299576,143,168,137,145,137
"FAIRY CAKES NOTEBOOK A7 SIZE","84536B",2011,12,4,2.5,0.625,2,"C",143,435,194,1.6094379124341,4,34,52,34,52
"FAIRY DREAMS INCENSE","17084N",2011,10,175,34.25,0.1975,4,"C",125,75,125,5.17048399503815,175,145,181,143,181
"FAIRY DREAMS INCENSE","17084N",2011,11,125,26.25,0.21,4,"C",175,125,141.666666666667,4.83628190695148,125,92,121,104,121
"FAIRY DREAMS INCENSE","17084N",2011,12,25,5.25,0.21,1,"C",125,175,108.333333333333,3.25809653802148,25,28,24,29,24
"FAIRY TALE COTTAGE NIGHT LIGHT","22466",2011,11,415,751.65,1.93,29,"B",192,228,278.333333333333,6.03068526026126,415,382,416,363,416
"FAIRY TALE COTTAGE NIGHT LIGHT","22466",2011,12,77,150.15,1.95,9,"B",415,192,228,4.35670882668959,77,122,115,108,115
"FAIRY TALE COTTAGE NIGHTLIGHT","22466",2011,10,12,23.4,1.95,1,"A",90,73,58.3333333333333,2.56494935746154,12,8,6,7,6
"FAMILY ALBUM WHITE PICTURE FRAME","22169",2011,10,90,755.76,8.66909090909091,33,"A",220,73,127.666666666667,4.51085950651685,90,123,107,114,107
"FAMILY ALBUM WHITE PICTURE FRAME","22169",2011,11,111,897.23,8.57032258064516,31,"A",90,220,140.333333333333,4.71849887129509,111,122,119,127,119
"FAMILY ALBUM WHITE PICTURE FRAME","22169",2011,12,54,431.8,8.2875,12,"A",111,90,85,4.00733318523247,54,58,49,47,49
"FAMILY PHOTO FRAME CORNICE","22768",2011,10,70,696.5,9.95,31,"A",206,39,105,4.26267987704132,70,98,80,79,80
"FAMILY PHOTO FRAME CORNICE","22768",2011,11,89,895.56,10.2729032258065,31,"A",70,206,121.666666666667,4.49980967033027,89,108,95,98,95
"FAMILY PHOTO FRAME CORNICE","22768",2011,12,42,394.7,9.76875,8,"A",89,70,67,3.76120011569356,42,36,31,34,31
"FAN BLACK FRAME","15030",2011,10,10,2.9,0.29,1,"C",3,2,5,2.39789527279837,10,7,11,6,11
"FAN BLACK FRAME","15030",2011,11,22,6.38,0.29,2,"C",10,3,11.6666666666667,3.13549421592915,22,20,20,23,20
"FAN BLACK FRAME","15030",2011,12,2,0.58,0.29,1,"C",22,10,11.3333333333333,1.09861228866811,2,4,3,5,3
"FANCY FONT BIRTHDAY CARD,","21506",2011,10,816,313.92,0.417692307692308,26,"B",336,204,452,6.70563909486,816,755,720,725,720
"FANCY FONT BIRTHDAY CARD,","21506",2011,11,408,171.36,0.42,33,"B",816,336,520,6.0137151560428,408,453,475,490,475
"FANCY FONT BIRTHDAY CARD,","21506",2011,12,360,136.8,0.414,10,"B",408,816,528,5.88887795833288,360,390,380,351,380
"FANCY FONTS BIRTHDAY WRAP","21497",2011,10,1575,607.5,0.415714285714286,28,"A",625,1550,1250,7.36264527041782,1575,1361,1518,1122,1518
"FANCY FONTS BIRTHDAY WRAP","21497",2011,11,925,376.5,0.417857142857143,28,"A",1575,625,1041.66666666667,6.83087423464618,925,894,771,916,771
"FANCY FONTS BIRTHDAY WRAP","21497",2011,12,425,166.5,0.414,10,"A",925,1575,975,6.05443934626937,425,527,311,509,311
"FAUX FUR CHOCOLATE THROW","22802",2011,10,4,79.8,19.95,3,"B",2,2,2.66666666666667,1.6094379124341,4,4,4,4,4
"FAUX FUR CHOCOLATE THROW","22802",2011,11,9,179.55,19.95,6,"B",4,2,5,2.30258509299405,9,8,10,10,10
"FAUX FUR CHOCOLATE THROW","22802",2011,12,20,171,9.95,6,"B",9,4,11,3.04452243772342,20,16,16,13,16
"FAWN BLUE HOT WATER BOTTLE","21481",2011,10,366,1312.62,3.76132075471698,53,"A",348,448,387.333333333333,5.90536184805457,366,380,421,364,421
"FAWN BLUE HOT WATER BOTTLE","21481",2011,11,509,1850.91,3.75674157303371,88,"A",366,348,407.666666666667,6.23441072571837,509,522,539,482,539
"FAWN BLUE HOT WATER BOTTLE","21481",2011,12,169,607.83,3.726,30,"A",509,366,348,5.13579843705026,169,238,239,259,239
"FEATHER PEN,COAL BLACK","51014C",2011,10,392,166.76,0.483684210526316,19,"B",262,204,286,5.97380961186926,392,354,396,346,396
"FEATHER PEN,COAL BLACK","51014C",2011,11,801,321.63,0.455185185185185,27,"B",392,262,485,6.68710860786651,801,711,805,685,805
"FEATHER PEN,COAL BLACK","51014C",2011,12,69,30.87,0.463333333333333,6,"B",801,392,420.666666666667,4.24849524204936,69,183,127,122,127
"FEATHER PEN,HOT PINK","51014A",2011,10,747,335.13,0.481724137931034,29,"B",463,420,543.333333333333,6.61740297797448,747,641,730,569,730
"FEATHER PEN,HOT PINK","51014A",2011,11,928,391.14,0.427380952380952,42,"B",747,463,712.666666666667,6.83410873881384,928,799,845,912,845
"FEATHER PEN,HOT PINK","51014A",2011,12,139,67.85,0.445,8,"B",928,747,604.666666666667,4.9416424226093,139,243,166,229,166
"FEATHER PEN,LIGHT PINK","51014L",2011,10,308,139.72,0.55625,16,"B",197,276,260.333333333333,5.73334127689775,308,279,274,269,274
"FEATHER PEN,LIGHT PINK","51014L",2011,11,419,171.25,0.455416666666667,24,"B",308,197,308,6.04025471127741,419,377,427,393,427
"FEATHER PEN,LIGHT PINK","51014L",2011,12,55,24.53,0.5,4,"B",419,308,260.666666666667,4.02535169073515,55,89,108,78,108
"FELT EGG COSY BLUE RABBIT","22260",2011,10,5,5.81,1.37,3,"C",4,12,7,1.79175946922805,5,7,6,8,6
"FELT EGG COSY BLUE RABBIT","22260",2011,11,28,24.58,0.928,7,"C",5,4,12.3333333333333,3.36729582998647,28,28,27,42,27
"FELT EGG COSY CHICKEN","22262",2011,10,65,57.59,1.045,4,"B",13,72,50,4.18965474202643,65,60,64,69,64
"FELT EGG COSY CHICKEN","22262",2011,11,38,32.3,0.85,8,"B",65,13,38.6666666666667,3.66356164612965,38,44,43,49,43
"FELT EGG COSY CHICKEN","22262",2011,12,5,5.03,1.24,2,"B",38,65,36,1.79175946922805,5,8,10,12,10
"FELT EGG COSY LADYBIRD","22263",2011,11,10,10.84,1.11,5,"C",4,24,12.6666666666667,2.39789527279837,10,14,12,17,12
"FELT EGG COSY WHITE RABBIT","22261",2011,10,7,9.07,1.37,3,"C",4,12,7.66666666666667,2.07944154167984,7,8,7,9,7
"FELT EGG COSY WHITE RABBIT","22261",2011,11,18,15.3,0.85,7,"C",7,4,9.66666666666667,2.94443897916644,18,21,17,29,17
"FELT EGG COSY WHITE RABBIT","22261",2011,12,2,3.26,1.63,1,"C",18,7,9,1.09861228866811,2,3,3,3,3
"FELT FARM ANIMAL RABBIT","22258",2011,11,13,16.25,1.25,2,"C",12,37,20.6666666666667,2.63905732961526,13,11,11,11,11
"FELT FARM ANIMAL SHEEP","22257",2011,10,6,7.5,1.25,1,"C",10,28,14.6666666666667,1.94591014905531,6,5,4,5,4
"FELT TOADSTOOL  SMALL","22255",2011,10,24,20.4,0.85,1,"C",32,19,25,3.2188758248682,24,10,16,10,16
"FELT TOADSTOOL  SMALL","22255",2011,11,99,84.15,0.85,9,"C",24,32,51.6666666666667,4.60517018598809,99,87,115,103,115
"FELT TOADSTOOL  SMALL","22255",2011,12,24,20.4,0.85,2,"C",99,24,49,3.2188758248682,24,21,25,22,25
"FELT TOADSTOOL LARGE","22254",2011,10,10,12.5,1.25,1,"C",8,12,10,2.39789527279837,10,9,10,7,10
"FELT TOADSTOOL LARGE","22254",2011,11,29,36.25,1.25,3,"C",10,8,15.6666666666667,3.40119738166216,29,25,24,23,24
"FELT TOADSTOOL LARGE","22254",2011,12,24,30,1.25,2,"C",29,10,21,3.2188758248682,24,17,18,15,18
"FELTCRAFT 6 FLOWER FRIENDS","22149",2011,10,1749,3301.17,2.22736842105263,38,"A",566,741,1018.66666666667,7.46737106691756,1749,1039,1161,956,1161
"FELTCRAFT 6 FLOWER FRIENDS","22149",2011,11,40,77,2.05,5,"A",1749,566,785,3.71357206670431,40,121,130,121,130
"FELTCRAFT BOY JEAN-PAUL KIT","23128",2011,10,63,296.09,4.851875,16,"B",19,45,42.3333333333333,4.15888308335967,63,58,59,59,59
"FELTCRAFT BOY JEAN-PAUL KIT","23128",2011,11,53,261.79,5.202,20,"B",63,19,45,3.98898404656427,53,54,53,52,53
"FELTCRAFT BOY JEAN-PAUL KIT","23128",2011,12,20,99,4.95,7,"B",53,63,45.3333333333333,3.04452243772342,20,28,20,24,20
"FELTCRAFT BUTTERFLY HEARTS","22147",2011,10,2274,2952.42,1.52946666666667,73,"A",592,797,1221,7.72973533138505,2274,1778,2138,1544,2138
"FELTCRAFT BUTTERFLY HEARTS","22147",2011,11,71,90.79,2.27,2,"A",2274,592,979,4.27666611901606,71,47,55,42,55
"FELTCRAFT BUTTERFLY HEARTS","22147",2011,12,33,47.85,1.45,1,"A",71,2274,792.666666666667,3.52636052461616,33,34,25,15,25
"FELTCRAFT CHRISTMAS FAIRY","22940",2011,10,453,1865.53,4.46410256410256,76,"A",249,405,369,6.11809719804135,453,448,482,453,482
"FELTCRAFT CHRISTMAS FAIRY","22940",2011,11,391,1631.91,4.31988505747126,86,"A",453,249,364.333333333333,5.97126183979046,391,408,389,382,389
"FELTCRAFT CHRISTMAS FAIRY","22940",2011,12,77,333.37,4.40391304347826,23,"A",391,453,307,4.35670882668959,77,163,147,186,147
"FELTCRAFT CUSHION BUTTERFLY","22569",2011,10,511,1757.85,3.69461538461538,26,"A",278,364,384.333333333333,6.23832462503951,511,408,466,382,466
"FELTCRAFT CUSHION OWL","22568",2011,10,855,2997.06,3.81057971014493,69,"A",231,398,494.666666666667,6.75227037614174,855,693,832,620,832
"FELTCRAFT CUSHION OWL","22568",2011,11,438,1619.87,3.94757575757576,66,"A",855,231,508,6.08449941307517,438,504,461,404,461
"FELTCRAFT CUSHION OWL","22568",2011,12,24,90,3.75,3,"A",438,855,439,3.2188758248682,24,19,12,25,12
"FELTCRAFT CUSHION RABBIT","22570",2011,10,658,2251.5,3.68454545454545,21,"A",258,383,433,6.49072353450251,658,497,511,399,511
"FELTCRAFT CUSHION RABBIT","22570",2011,11,41,139.35,3.57,2,"A",658,258,319,3.73766961828337,41,20,17,26,17
"FELTCRAFT DOLL EMILY","22274",2011,10,167,493.53,3.12032258064516,31,"A",139,77,127.666666666667,5.12396397940326,167,162,169,172,169
"FELTCRAFT DOLL EMILY","22274",2011,11,242,722.42,3.05716981132076,53,"A",167,139,182.666666666667,5.49306144334055,242,244,259,254,259
"FELTCRAFT DOLL EMILY","22274",2011,12,54,159.3,2.95,12,"A",242,167,154.333333333333,4.00733318523247,54,91,75,93,75
"FELTCRAFT DOLL MOLLY","22273",2011,10,2446,6123.7,2.87560975609756,40,"A",183,612,1080.33333333333,7.80261806344267,2446,1163,1653,1418,1653
"FELTCRAFT DOLL MOLLY","22273",2011,11,292,867.08,3.05923076923077,52,"A",2446,183,973.666666666667,5.68017260901707,292,573,350,396,350
"FELTCRAFT DOLL MOLLY","22273",2011,12,61,185.63,3.13933333333333,15,"A",292,2446,933,4.12713438504509,61,289,294,235,294
"FELTCRAFT DOLL ROSIE","22271",2011,10,207,599.09,2.99432432432432,36,"A",174,92,157.666666666667,5.33753807970132,207,210,216,204,216
"FELTCRAFT DOLL ROSIE","22271",2011,11,259,766.89,3.01173913043478,46,"A",207,174,213.333333333333,5.56068163101553,259,263,270,261,270
"FELTCRAFT GIRL AMELIE KIT","23126",2011,10,181,859.63,5.016,40,"A",139,77,132.333333333333,5.2040066870768,181,178,181,165,181
"FELTCRAFT GIRL AMELIE KIT","23126",2011,11,206,1020.66,5.13133333333333,58,"A",181,139,175.333333333333,5.33271879326537,206,211,202,223,202
"FELTCRAFT GIRL AMELIE KIT","23126",2011,12,48,243.44,5.33933333333333,15,"A",206,181,145,3.89182029811063,48,82,66,87,66
"FELTCRAFT GIRL NICOLE KIT","23127",2011,10,118,561.14,5.09333333333333,24,"A",39,51,69.3333333333333,4.77912349311153,118,110,123,120,123
"FELTCRAFT GIRL NICOLE KIT","23127",2011,11,144,712.8,4.95,35,"A",118,39,100.333333333333,4.97673374242057,144,140,141,133,141
"FELTCRAFT GIRL NICOLE KIT","23127",2011,12,39,193.05,4.95,12,"A",144,118,100.333333333333,3.68887945411394,39,59,46,66,46
"FELTCRAFT HAIRBAND PINK AND BLUE","22586",2011,10,125,106.25,0.85,18,"C",49,46,73.3333333333333,4.83628190695148,125,131,121,122,121
"FELTCRAFT HAIRBAND PINK AND BLUE","22586",2011,11,73,62.05,0.85,22,"C",125,49,82.3333333333333,4.30406509320417,73,103,90,102,90
"FELTCRAFT HAIRBAND PINK AND BLUE","22586",2011,12,38,32.3,0.85,7,"C",73,125,78.6666666666667,3.66356164612965,38,57,47,58,47
"FELTCRAFT HAIRBAND PINK AND PURPLE","22566",2011,10,81,71.97,0.9475,16,"B",31,37,49.6666666666667,4.40671924726425,81,76,77,100,77
"FELTCRAFT HAIRBAND PINK AND PURPLE","22566",2011,11,237,207.69,0.930689655172414,27,"B",81,31,116.333333333333,5.47227067367148,237,208,233,225,233
"FELTCRAFT HAIRBAND PINK AND PURPLE","22566",2011,12,36,32.94,0.961428571428571,7,"B",237,81,118,3.61091791264422,36,66,53,62,53
"FELTCRAFT HAIRBAND RED AND BLUE","22587",2011,10,91,77.35,0.85,14,"B",111,25,75.6666666666667,4.52178857704904,91,103,92,94,92
"FELTCRAFT HAIRBAND RED AND BLUE","22587",2011,11,229,194.65,0.85,33,"B",91,111,143.666666666667,5.4380793089232,229,218,198,236,198
"FELTCRAFT HAIRBAND RED AND BLUE","22587",2011,12,58,49.3,0.85,12,"B",229,91,126,4.07753744390572,58,93,85,106,85
"FELTCRAFT HAIRBANDS PINK AND WHITE","22565",2011,10,85,76.15,1.06272727272727,11,"B",42,64,63.6666666666667,4.45434729625351,85,87,76,98,76
"FELTCRAFT HAIRBANDS PINK AND WHITE","22565",2011,11,166,148.9,0.985652173913043,22,"B",85,42,97.6666666666667,5.11799381241676,166,158,177,173,177
"FELTCRAFT HAIRBANDS PINK AND WHITE","22565",2011,12,4,4.18,1.045,4,"B",166,85,85,1.6094379124341,4,43,26,37,26
"FELTCRAFT PRINCESS CHARLOTTE DOLL","22749",2011,10,412,1483.91,3.77214285714286,70,"A",205,163,260,6.02344759296103,412,365,389,324,389
"FELTCRAFT PRINCESS CHARLOTTE DOLL","22749",2011,11,265,993.75,3.75,68,"A",412,205,294,5.5834963087817,265,307,295,304,295
"FELTCRAFT PRINCESS CHARLOTTE DOLL","22749",2011,12,121,440.18,3.92631578947368,19,"A",265,412,266,4.80402104473326,121,165,131,148,131
"FELTCRAFT PRINCESS LOLA DOLL","22750",2011,10,294,1083.39,3.84966666666667,60,"A",248,135,225.666666666667,5.68697535633982,294,288,268,262,268
"FELTCRAFT PRINCESS LOLA DOLL","22750",2011,11,271,1027.38,3.79818181818182,77,"A",294,248,271,5.605802066296,271,306,286,313,286
"FELTCRAFT PRINCESS LOLA DOLL","22750",2011,12,63,236.25,3.75,19,"A",271,294,209.333333333333,4.15888308335967,63,119,93,141,93
"FELTCRAFT PRINCESS OLIVIA DOLL","22751",2011,10,218,807.03,3.966875,48,"A",405,65,229.333333333333,5.3890717298165,218,250,216,254,216
"FELTCRAFT PRINCESS OLIVIA DOLL","22751",2011,11,146,551.21,3.82274509803922,50,"A",218,405,256.333333333333,4.99043258677874,146,216,191,230,191
"FELTCRAFT PRINCESS OLIVIA DOLL","22751",2011,12,35,131.25,3.75,12,"A",146,218,133,3.58351893845611,35,70,60,68,60
"FENG SHUI PILLAR CANDLE","72232",2011,10,146,27.74,0.19,7,"C",402,146,231.333333333333,4.99043258677874,146,187,162,195,162
"FENG SHUI PILLAR CANDLE","72232",2011,11,328,62.32,0.19,11,"C",146,402,292,5.79605775076537,328,270,313,335,313
"FENG SHUI PILLAR CANDLE","72232",2011,12,144,27.36,0.19,1,"C",328,146,206,4.97673374242057,144,62,82,44,82
"FILIGREE DIAMANTE EARRINGS","90023",2011,11,2,8.5,4.25,1,"C",1,3,2,1.09861228866811,2,2,2,2,2
"FILIGREE HEART BIRD WHITE","23228",2011,10,248,311.01,1.49368421052632,19,"B",142,233,207.666666666667,5.51745289646471,248,218,238,244,238
"FILIGREE HEART BIRD WHITE","23228",2011,11,283,357.38,1.45166666666667,18,"B",248,142,224.333333333333,5.64897423816121,283,266,251,224,251
"FILIGREE HEART BIRD WHITE","23228",2011,12,29,41.09,1.65333333333333,3,"B",283,248,186.666666666667,3.40119738166216,29,29,16,28,16
"FILIGREE HEART BUTTERFLY WHITE","23227",2011,10,207,254.92,1.32142857142857,14,"B",209,239,218.333333333333,5.33753807970132,207,216,195,182,195
"FILIGREE HEART BUTTERFLY WHITE","23227",2011,11,272,341.21,1.30761904761905,21,"B",207,209,229.333333333333,5.60947179518496,272,271,248,240,248
"FILIGREE HEART BUTTERFLY WHITE","23227",2011,12,36,45,1.25,4,"B",272,207,171.666666666667,3.61091791264422,36,62,33,38,33
"FILIGREE HEART DAISY WHITE","23226",2011,10,101,121.21,1.23090909090909,10,"B",101,280,160.666666666667,4.62497281328427,101,115,108,118,108
"FILIGREE HEART DAISY WHITE","23226",2011,11,159,198.75,1.25,14,"B",101,101,120.333333333333,5.07517381523383,159,143,148,135,148
"FILIGREE HEART DAISY WHITE","23226",2011,12,34,42.5,1.25,3,"B",159,101,98,3.55534806148941,34,22,18,28,18
"FILIGRIS HEART WITH BUTTERFLY","21390",2011,10,439,495.24,1.34272727272727,11,"A",630,192,420.333333333333,6.08677472691231,439,304,323,247,323
"FILIGRIS HEART WITH BUTTERFLY","21390",2011,11,178,226.13,1.3652380952381,21,"A",439,630,415.666666666667,5.18738580584075,178,270,255,286,255
"FILIGRIS HEART WITH BUTTERFLY","21390",2011,12,44,55,1.25,6,"A",178,439,220.333333333333,3.80666248977032,44,95,69,62,69
"FINE SILVER NECKLACE W PASTEL FLOWE","90146",2011,10,9,33.75,3.75,1,"C",2,2,4.33333333333333,2.30258509299405,9,7,11,4,11
"FIRST AID TIN","21260",2011,10,86,243.5,3.16666666666667,5,"A",139,26,83.6666666666667,4.46590811865458,86,53,55,50,55
"FIRST AID TIN","21260",2011,11,46,149.5,3.25,12,"A",86,139,90.3333333333333,3.85014760171006,46,60,61,61,61
"FIRST AID TIN","21260",2011,12,12,39,3.25,3,"A",46,86,48,2.56494935746154,12,13,11,17,11
"FIRST CLASS HOLIDAY PURSE","20662",2011,10,3,17.37,5.79,2,"C",1,7,3.66666666666667,1.38629436111989,3,3,3,4,3
"FIRST CLASS LUGGAGE TAG","20654",2011,10,1,1.25,1.25,1,"C",2,13,5.33333333333333,0.693147180559945,1,2,1,2,1
"FIRST CLASS LUGGAGE TAG","20654",2011,11,17,21.25,1.25,2,"C",1,2,6.66666666666667,2.89037175789616,17,15,19,16,19
"FIRST CLASS LUGGAGE TAG","20654",2011,12,1,1.25,1.25,1,"C",17,1,6.33333333333333,0.693147180559945,1,3,2,3,2
"FIRST CLASS PASSPORT COVER","20617",2011,10,3,8.33,2.77666666666667,3,"C",2,7,4,1.38629436111989,3,5,4,5,4
"FIRST CLASS PASSPORT COVER","20617",2011,11,12,27.23,2.43833333333333,6,"C",3,2,5.66666666666667,2.56494935746154,12,12,13,15,13
"FIVE CATS HANGING DECORATION","22317",2011,10,19,58.89,3.35571428571429,7,"C",7,7,11,2.99573227355399,19,18,20,21,20
"FIVE CATS HANGING DECORATION","22317",2011,11,8,29.28,4.37,2,"C",19,7,11.3333333333333,2.19722457733622,8,7,6,6,6
"FIVE HEART HANGING DECORATION","22318",2011,10,38,112.1,2.95,11,"B",17,21,25.3333333333333,3.66356164612965,38,38,43,46,43
"FIVE HEART HANGING DECORATION","22318",2011,11,10,29.5,2.95,5,"B",38,17,21.6666666666667,2.39789527279837,10,16,11,15,11
"FIVE HEART HANGING DECORATION","22318",2011,12,2,5.9,2.95,2,"B",10,38,16.6666666666667,1.09861228866811,2,7,5,6,5
"FLAG OF ST GEORGE CHAIR","78033",2011,10,2,11.9,5.95,1,"C",7,14,7.66666666666667,1.09861228866811,2,3,3,2,3
"FLAMES SUNGLASSES PINK LENSES","84527",2011,11,1,1.95,1.95,1,"C",2,24,9,0.693147180559945,1,2,2,3,2
"FLOOR CUSHION ELEPHANT CARNIVAL","21630",2011,10,28,228.6,8.35,5,"C",9,2,13,3.36729582998647,28,22,25,18,25
"FLOOR CUSHION ELEPHANT CARNIVAL","21630",2011,11,4,35.8,8.95,3,"C",28,9,13.6666666666667,1.6094379124341,4,6,4,7,4
"FLOOR CUSHION ELEPHANT CARNIVAL","21630",2011,12,1,8.95,8.95,1,"C",4,28,11,0.693147180559945,1,2,2,2,2
"FLORAL BLUE MONSTER","20695",2011,11,1,4.25,4.25,1,"C",2,1,1.33333333333333,0.693147180559945,1,1,1,2,1
"FLORAL FOLK STATIONERY SET","21993",2011,10,152,231.14,1.48269230769231,26,"B",162,101,138.333333333333,5.03043792139244,152,156,146,168,146
"FLORAL FOLK STATIONERY SET","21993",2011,11,378,524.53,1.33066666666667,58,"B",152,162,230.666666666667,5.93753620508243,378,360,427,385,427
"FLORAL FOLK STATIONERY SET","21993",2011,12,80,120.57,1.33642857142857,14,"B",378,152,203.333333333333,4.39444915467244,80,131,105,129,105
"FLORAL PINK MONSTER","20694",2011,10,12,45,3.75,2,"C",9,1,7.33333333333333,2.56494935746154,12,9,10,7,10
"FLORAL SOFT CAR TOY","20696",2011,10,11,41.25,3.75,3,"C",7,1,6.33333333333333,2.484906649788,11,9,10,8,10
"FLORAL SOFT CAR TOY","20696",2011,11,2,7.5,3.75,1,"C",11,7,6.66666666666667,1.09861228866811,2,3,2,3,2
"FLOWER FAIRY 5 DRAWER LINERS","17107D",2011,10,25,63.75,2.55,7,"C",10,4,13,3.25809653802148,25,24,27,32,27
"FLOWER FAIRY 5 DRAWER LINERS","17107D",2011,11,15,38.25,2.55,7,"C",25,10,16.6666666666667,2.77258872223978,15,21,17,24,17
"FLOWER FAIRY 5 DRAWER LINERS","17107D",2011,12,5,12.75,2.55,1,"C",15,25,15,1.79175946922805,5,5,4,4,4
"FLOWER GLASS GARLD NECKL36""AMETHYST","90036E",2011,10,1,7.95,7.95,1,"C",4,1,2,0.693147180559945,1,1,1,1,1
"FLOWER VINE RAFFIA FOOD COVER","21470",2011,10,11,48.67,4.57444444444444,9,"B",27,15,17.6666666666667,2.484906649788,11,18,14,21,14
"FLOWER VINE RAFFIA FOOD COVER","21470",2011,11,23,89.96,4.121,10,"B",11,27,20.3333333333333,3.17805383034795,23,24,24,29,24
"FLOWER VINE RAFFIA FOOD COVER","21470",2011,12,7,26.25,3.75,2,"B",23,11,13.6666666666667,2.07944154167984,7,8,6,6,6
"FLOWERS  STICKERS","21676",2011,10,9,14.67,1.63,5,"C",21,12,14,2.30258509299405,9,12,11,15,11
"FLOWERS  STICKERS","21676",2011,11,21,20.19,1.318,5,"C",9,21,17,3.09104245335832,21,20,21,20,21
"FLOWERS CHANDELIER T-LIGHT HOLDER","23056",2011,10,634,2083.24,5.05444444444444,9,"A",7,3,214.666666666667,6.45362499889269,634,470,629,797,629
"FLOWERS CHANDELIER T-LIGHT HOLDER","23056",2011,11,146,168.92,8.64,3,"A",634,7,262.333333333333,4.99043258677874,146,21,20,33,20
"FLOWERS TILE COASTER","84926E",2011,10,24,6.96,0.29,1,"C",124,396,181.333333333333,3.2188758248682,24,37,60,22,60
"FLOWERS TILE COASTER","84926E",2011,11,86,29.28,0.651666666666667,6,"C",24,124,78,4.46590811865458,86,72,82,79,82
"FLOWERS TILE COASTER","84926E",2011,12,28,8.12,0.29,2,"C",86,24,46,3.36729582998647,28,26,20,26,20
"FLUTED ANTIQUE CANDLE HOLDER","22792",2011,10,178,151.3,0.85,16,"B",260,84,174,5.18738580584075,178,178,167,175,167
"FLUTED ANTIQUE CANDLE HOLDER","22792",2011,11,774,618.12,0.915,30,"B",178,260,404,6.65286302935335,774,667,793,676,793
"FLUTED ANTIQUE CANDLE HOLDER","22792",2011,12,230,179.38,0.907777777777778,9,"B",774,178,394,5.44241771052179,230,254,173,177,173
"FLYING PIG WATERING CAN","84674",2011,10,10,29.5,2.95,3,"C",4,7,7,2.39789527279837,10,9,10,10,10
"FLYING PIG WATERING CAN","84674",2011,11,4,11.8,2.95,3,"C",10,4,6,1.6094379124341,4,5,5,6,5
"FLYING PIG WATERING CAN","84674",2011,12,1,2.95,2.95,1,"C",4,10,5,0.693147180559945,1,2,2,2,2
"FOLDING BUTTERFLY MIRROR HOT PINK","23280",2011,10,106,85.34,0.821538461538462,13,"B",137,454,232.333333333333,4.67282883446191,106,159,138,184,138
"FOLDING BUTTERFLY MIRROR HOT PINK","23280",2011,11,201,166.83,0.83,26,"B",106,137,148,5.30826769740121,201,206,208,255,208
"FOLDING BUTTERFLY MIRROR HOT PINK","23280",2011,12,192,152.06,0.968181818181818,11,"B",201,106,166.333333333333,5.26269018890489,192,163,176,149,176
"FOLDING BUTTERFLY MIRROR IVORY","23282",2011,10,86,68.74,0.82,11,"C",63,44,64.3333333333333,4.46590811865458,86,90,83,101,83
"FOLDING BUTTERFLY MIRROR IVORY","23282",2011,11,99,82.17,0.83,20,"C",86,63,82.6666666666667,4.60517018598809,99,115,101,135,101
"FOLDING BUTTERFLY MIRROR IVORY","23282",2011,12,8,8.27,1.2375,4,"C",99,86,64.3333333333333,2.19722457733622,8,29,28,27,28
"FOLDING BUTTERFLY MIRROR RED","23281",2011,10,65,53.95,0.83,10,"B",56,321,147.333333333333,4.18965474202643,65,115,94,116,94
"FOLDING BUTTERFLY MIRROR RED","23281",2011,11,76,63.08,0.83,17,"B",65,56,65.6666666666667,4.34380542185368,76,93,85,112,85
"FOLDING BUTTERFLY MIRROR RED","23281",2011,12,146,110.62,0.817777777777778,8,"B",76,65,95.6666666666667,4.99043258677874,146,137,156,145,156
"FOLDING UMBRELLA BLACKBLUE POLKADOT","21707",2011,10,6,34.71,6.2025,4,"C",7,14,9,1.94591014905531,6,9,8,7,8
"FOLDING UMBRELLA BLACKBLUE POLKADOT","21707",2011,11,25,125.96,5.25785714285714,14,"C",6,7,12.6666666666667,3.25809653802148,25,24,28,31,28
"FOLDING UMBRELLA BLACKBLUE POLKADOT","21707",2011,12,8,39.6,4.95,2,"C",25,6,13,2.19722457733622,8,6,6,6,6
"FOLDING UMBRELLA CHOCOLATE POLKADOT","21709",2011,10,9,38.95,4.6,2,"C",13,13,11.6666666666667,2.30258509299405,9,8,7,7,7
"FOLDING UMBRELLA CHOCOLATE POLKADOT","21709",2011,11,12,59.4,4.95,5,"C",9,13,11.3333333333333,2.56494935746154,12,14,11,11,11
"FOLDING UMBRELLA CREAM POLKADOT","21708",2011,10,42,205.1,4.71666666666667,3,"C",18,29,29.6666666666667,3.76120011569356,42,25,28,21,28
"FOLDING UMBRELLA CREAM POLKADOT","21708",2011,11,12,56.6,4.81,5,"C",42,18,24,2.56494935746154,12,14,14,17,14
"FOLDING UMBRELLA PINKWHITE POLKADOT","21710",2011,10,14,68.71,6.0275,4,"C",8,22,14.6666666666667,2.70805020110221,14,12,11,11,11
"FOLDING UMBRELLA PINKWHITE POLKADOT","21710",2011,11,10,46.7,4.83333333333333,6,"C",14,8,10.6666666666667,2.39789527279837,10,11,11,11,11
"FOLDING UMBRELLA RED/WHITE POLKADOT","21706",2011,10,26,125.31,5.48875,8,"B",35,38,33,3.29583686600433,26,23,24,28,24
"FOLDING UMBRELLA RED/WHITE POLKADOT","21706",2011,11,17,78.55,4.85,7,"B",26,35,26,2.89037175789616,17,21,18,22,18
"FOLDING UMBRELLA RED/WHITE POLKADOT","21706",2011,12,8,39.6,4.95,2,"B",17,26,17,2.19722457733622,8,7,6,7,6
"FOLDING UMBRELLA WHITE/RED POLKADOT","21711",2011,10,40,195.2,4.6,2,"C",6,14,20,3.71357206670431,40,20,38,20,38
"FOLDING UMBRELLA WHITE/RED POLKADOT","21711",2011,11,6,26.9,4.71666666666667,3,"C",40,6,17.3333333333333,1.94591014905531,6,9,8,10,8
"FOLK ART GREETING CARD,pack/12","84247K",2011,10,1,2.95,2.95,1,"C",2,1,1.33333333333333,0.693147180559945,1,1,1,1,1
"FOLK ART METAL HEART T-LIGHT HOLDER","35968",2011,10,38,14.44,0.38,4,"C",21,12,23.6666666666667,3.66356164612965,38,36,35,43,35
"FOLK ART METAL HEART T-LIGHT HOLDER","35968",2011,11,13,2.6,0.2,1,"C",38,21,24,2.63905732961526,13,12,13,13,13
"FOLK ART METAL STAR T-LIGHT HOLDER","35967",2011,10,100,38,0.38,7,"C",65,48,71,4.61512051684126,100,96,96,108,96
"FOLK ART METAL STAR T-LIGHT HOLDER","35967",2011,11,76,28.88,0.38,7,"C",100,65,80.3333333333333,4.34380542185368,76,83,74,100,74
"FOLK ART METAL STAR T-LIGHT HOLDER","35967",2011,12,24,14.88,0.62,2,"C",76,100,66.6666666666667,3.2188758248682,24,38,33,30,33
"FOLK FELT HANGING MULTICOL GARLAND","84748",2011,11,2,7.5,3.75,2,"C",6,4,4,1.09861228866811,2,4,3,4,3
"FOLKART CLIP ON STARS","35964",2011,11,214,83.46,0.39,17,"C",273,80,189,5.37063802812766,214,217,202,211,202
"FOLKART CLIP ON STARS","35964",2011,12,54,24.48,0.732,5,"C",214,273,180.333333333333,4.00733318523247,54,76,64,80,64
"FOLKART STAR CHRISTMAS DECORATIONS","35953",2011,10,697,271.83,0.39,17,"B",264,33,331.333333333333,6.54821910276237,697,599,779,601,779
"FOLKART STAR CHRISTMAS DECORATIONS","35953",2011,11,1731,675.09,0.39,45,"B",697,264,897.333333333333,7.45703208912238,1731,1229,1488,1323,1488
"FOLKART STAR CHRISTMAS DECORATIONS","35953",2011,12,226,88.14,0.39,9,"B",1731,697,884.666666666667,5.4249500174814,226,347,364,441,364
"FOLKART ZINC HEART CHRISTMAS DEC","35961",2011,10,169,143.65,0.85,17,"B",156,370,231.666666666667,5.13579843705026,169,192,181,202,181
"FOLKART ZINC HEART CHRISTMAS DEC","35961",2011,11,200,170,0.85,22,"B",169,156,175,5.30330490805908,200,209,194,216,194
"FOLKART ZINC HEART CHRISTMAS DEC","35961",2011,12,67,56.95,0.85,7,"B",200,169,145.333333333333,4.21950770517611,67,71,62,75,62
"FOOD CONTAINER SET 3 LOVE HEART","22131",2011,10,248,449.12,2.23363636363636,21,"A",127,205,193.333333333333,5.51745289646471,248,236,245,220,245
"FOOD CONTAINER SET 3 LOVE HEART","22131",2011,11,191,335.79,2.15888888888889,18,"A",248,127,188.666666666667,5.25749537202778,191,180,170,168,170
"FOOD CONTAINER SET 3 LOVE HEART","22131",2011,12,24,53.34,2.495,4,"A",191,248,154.333333333333,3.2188758248682,24,43,24,30,24
"FOOD COVER WITH BEADS SET 2","23299",2011,10,29,108.75,3.75,7,"A",55,57,47,3.40119738166216,29,31,27,26,27
"FOOD COVER WITH BEADS SET 2","23299",2011,11,16,63.71,4.121,10,"A",29,55,33.3333333333333,2.83321334405622,16,27,23,26,23
"FOOD/DRINK SPONGE STICKERS","16012",2011,11,168,35.28,0.21,7,"C",24,194,128.666666666667,5.12989871492307,168,158,178,152,178
"FOOD/DRINK SPONGE STICKERS","16012",2011,12,25,5.25,0.21,2,"C",168,24,72.3333333333333,3.25809653802148,25,44,38,45,38
"FOOT STOOL HOME SWEET HOME","23397",2011,11,152,1397.2,9.83,60,"A",120,162,144.666666666667,5.03043792139244,152,157,147,157,147
"FORKED CACTUS CANDLE","20936",2011,11,20,59.44,3.438,5,"C",32,1,17.6666666666667,3.04452243772342,20,20,18,16,18
"FORKED CACTUS CANDLE","20936",2011,12,1,1.25,1.25,1,"C",20,32,17.6666666666667,0.693147180559945,1,4,3,4,3
"FOUR HOOK  WHITE LOVEBIRDS","22212",2011,10,110,231,2.1,23,"A",72,134,105.333333333333,4.70953020131233,110,118,111,138,111
"FOUR HOOK  WHITE LOVEBIRDS","22212",2011,11,108,230.86,2.1725,27,"A",110,72,96.6666666666667,4.69134788222914,108,120,120,141,120
"FOUR HOOK  WHITE LOVEBIRDS","22212",2011,12,70,149.03,2.32555555555556,9,"A",108,110,96,4.26267987704132,70,75,71,69,71
"FRAPPUCINO SCARF KNITTING KIT","82616B",2011,10,81,104.88,1.613,9,"C",40,24,48.3333333333333,4.40671924726425,81,75,84,70,84
"FRAPPUCINO SCARF KNITTING KIT","82616B",2011,11,72,93.63,1.39235294117647,17,"C",81,40,64.3333333333333,4.29045944114839,72,81,66,88,66
"FRAPPUCINO SCARF KNITTING KIT","82616B",2011,12,3,3.75,1.25,1,"C",72,81,52,1.38629436111989,3,5,3,6,3
"FRENCH BATHROOM SIGN BLUE METAL","22672",2011,10,93,153.45,1.65,15,"B",30,138,87,4.54329478227,93,99,95,102,95
"FRENCH BATHROOM SIGN BLUE METAL","22672",2011,11,69,118.77,1.7525,16,"B",93,30,64,4.24849524204936,69,79,68,86,68
"FRENCH BATHROOM SIGN BLUE METAL","22672",2011,12,43,70.95,1.65,5,"B",69,93,68.3333333333333,3.78418963391826,43,42,41,39,41
"FRENCH BLUE METAL DOOR SIGN 0","22685",2011,10,24,30,1.25,5,"C",27,76,42.3333333333333,3.2188758248682,24,26,23,24,23
"FRENCH BLUE METAL DOOR SIGN 0","22685",2011,11,53,66.25,1.25,8,"C",24,27,34.6666666666667,3.98898404656427,53,51,60,65,60
"FRENCH BLUE METAL DOOR SIGN 0","22685",2011,12,10,11.9,1.19,1,"C",53,24,29,2.39789527279837,10,7,11,7,11
"FRENCH BLUE METAL DOOR SIGN 1","22676",2011,10,125,156.25,1.25,16,"B",73,150,116,4.83628190695148,125,127,111,120,111
"FRENCH BLUE METAL DOOR SIGN 1","22676",2011,11,133,169.88,1.40125,16,"B",125,73,110.333333333333,4.89783979995091,133,130,124,133,124
"FRENCH BLUE METAL DOOR SIGN 1","22676",2011,12,40,48.8,1.22,2,"B",133,125,99.3333333333333,3.71357206670431,40,18,20,31,20
"FRENCH BLUE METAL DOOR SIGN 2","22677",2011,10,119,148.75,1.25,14,"B",72,134,108.333333333333,4.78749174278205,119,125,113,117,113
"FRENCH BLUE METAL DOOR SIGN 2","22677",2011,11,77,96.25,1.25,10,"B",119,72,89.3333333333333,4.35670882668959,77,79,74,72,74
"FRENCH BLUE METAL DOOR SIGN 2","22677",2011,12,31,37.55,1.23,3,"B",77,119,75.6666666666667,3.46573590279973,31,27,24,30,24
"FRENCH BLUE METAL DOOR SIGN 3","22678",2011,10,103,128.75,1.25,11,"B",51,120,91.3333333333333,4.64439089914137,103,93,95,94,95
"FRENCH BLUE METAL DOOR SIGN 3","22678",2011,11,53,66.25,1.25,13,"B",103,51,69,3.98898404656427,53,68,56,68,56
"FRENCH BLUE METAL DOOR SIGN 3","22678",2011,12,34,43.72,1.48,5,"B",53,103,63.3333333333333,3.55534806148941,34,39,38,40,38
"FRENCH BLUE METAL DOOR SIGN 4","22679",2011,10,91,113.75,1.25,12,"B",27,111,76.3333333333333,4.52178857704904,91,82,93,86,93
"FRENCH BLUE METAL DOOR SIGN 4","22679",2011,11,54,68.71,1.38444444444444,9,"B",91,27,57.3333333333333,4.00733318523247,54,51,52,61,52
"FRENCH BLUE METAL DOOR SIGN 4","22679",2011,12,17,20.65,1.235,4,"B",54,91,54,2.89037175789616,17,31,26,34,26
"FRENCH BLUE METAL DOOR SIGN 5","22680",2011,10,92,115,1.25,12,"B",31,93,72,4.53259949315326,92,80,83,82,83
"FRENCH BLUE METAL DOOR SIGN 5","22680",2011,11,97,122.46,1.35083333333333,12,"B",92,31,73.3333333333333,4.58496747867057,97,90,82,84,82
"FRENCH BLUE METAL DOOR SIGN 5","22680",2011,12,22,26.3,1.22,2,"B",97,92,70.3333333333333,3.13549421592915,22,16,21,26,21
"FRENCH BLUE METAL DOOR SIGN 6","22681",2011,10,57,71.25,1.25,8,"B",29,92,59.3333333333333,4.06044301054642,57,55,51,54,51
"FRENCH BLUE METAL DOOR SIGN 6","22681",2011,11,92,115,1.25,10,"B",57,29,59.3333333333333,4.53259949315326,92,86,91,80,91
"FRENCH BLUE METAL DOOR SIGN 6","22681",2011,12,11,14.36,1.825,2,"B",92,57,53.3333333333333,2.484906649788,11,14,13,12,13
"FRENCH BLUE METAL DOOR SIGN 7","22682",2011,10,69,86.25,1.25,8,"B",24,82,58.3333333333333,4.24849524204936,69,58,62,65,62
"FRENCH BLUE METAL DOOR SIGN 7","22682",2011,11,66,82.5,1.25,7,"B",69,24,53,4.20469261939097,66,54,60,52,60
"FRENCH BLUE METAL DOOR SIGN 7","22682",2011,12,32,39.4,1.235,4,"B",66,69,55.6666666666667,3.49650756146648,32,32,33,37,33
"FRENCH BLUE METAL DOOR SIGN 8","22683",2011,10,76,95,1.25,12,"B",26,78,60,4.34380542185368,76,66,75,72,75
"FRENCH BLUE METAL DOOR SIGN 8","22683",2011,11,45,57.46,1.38444444444444,9,"B",76,26,49,3.8286413964891,45,46,48,54,48
"FRENCH BLUE METAL DOOR SIGN 8","22683",2011,12,10,11.9,1.19,1,"B",45,76,43.6666666666667,2.39789527279837,10,7,10,8,10
"FRENCH BLUE METAL DOOR SIGN 9","22684",2011,10,34,42.5,1.25,5,"C",23,81,46,3.55534806148941,34,31,33,30,33
"FRENCH BLUE METAL DOOR SIGN 9","22684",2011,11,41,51.25,1.25,6,"C",34,23,32.6666666666667,3.73766961828337,41,40,38,40,38
"FRENCH BLUE METAL DOOR SIGN 9","22684",2011,12,10,11.9,1.19,1,"C",41,34,28.3333333333333,2.39789527279837,10,9,13,10,13
"FRENCH BLUE METAL DOOR SIGN No","22686",2011,10,205,219.77,1.20777777777778,9,"B",22,181,136,5.32787616878958,205,170,202,151,202
"FRENCH BLUE METAL DOOR SIGN No","22686",2011,11,46,58.71,1.371,10,"B",205,22,91,3.85014760171006,46,56,41,56,41
"FRENCH BLUE METAL DOOR SIGN No","22686",2011,12,122,129.46,1.17,3,"B",46,205,124.333333333333,4.81218435537242,122,46,53,52,53
"FRENCH CARRIAGE LANTERN","23099",2011,10,11,69.55,6.47,5,"B",27,7,15,2.484906649788,11,12,12,12,12
"FRENCH CARRIAGE LANTERN","23099",2011,11,12,78,6.52142857142857,7,"B",11,27,16.6666666666667,2.56494935746154,12,15,16,16,16
"FRENCH CARRIAGE LANTERN","23099",2011,12,7,46.55,6.65,4,"B",12,11,10,2.07944154167984,7,9,8,8,8
"FRENCH ENAMEL CANDLEHOLDER","85053",2011,10,243,472.11,2.262,30,"A",236,88,189,5.4971682252932,243,231,239,225,239
"FRENCH ENAMEL CANDLEHOLDER","85053",2011,11,235,475.85,2.15225806451613,30,"A",243,236,238,5.46383180502561,235,254,243,273,243
"FRENCH ENAMEL CANDLEHOLDER","85053",2011,12,138,276.21,2.18526315789474,17,"A",235,243,205.333333333333,4.93447393313069,138,155,153,145,153
"FRENCH ENAMEL POT W LID","85054",2011,10,42,126.74,3.234,10,"B",5,31,26,3.76120011569356,42,38,41,43,41
"FRENCH ENAMEL POT W LID","85054",2011,11,45,138.43,3.46636363636364,10,"B",42,5,30.6666666666667,3.8286413964891,45,42,44,44,44
"FRENCH ENAMEL WATER BASIN","85059",2011,10,13,48.75,3.75,4,"B",11,19,14.3333333333333,2.63905732961526,13,14,13,13,13
"FRENCH ENAMEL WATER BASIN","85059",2011,11,26,101.21,4.08727272727273,11,"B",13,11,16.6666666666667,3.29583686600433,26,27,28,37,28
"FRENCH ENAMEL WATER BASIN","85059",2011,12,2,7.5,3.75,1,"B",26,13,13.6666666666667,1.09861228866811,2,4,3,3,3
"FRENCH FLORAL CUSHION COVER","20837",2011,10,18,14.94,0.83,3,"C",36,12,22,2.94443897916644,18,21,18,23,18
"FRENCH FLORAL CUSHION COVER","20840",2011,10,25,23.69,1.66333333333333,3,"C",18,36,26.3333333333333,3.25809653802148,25,22,25,21,25
"FRENCH FLORAL CUSHION COVER","20837",2011,11,39,32.37,0.83,5,"C",25,18,27.3333333333333,3.68887945411394,39,40,39,41,39
"FRENCH FLORAL CUSHION COVER","20840",2011,11,25,23.69,1.66333333333333,3,"C",39,25,29.6666666666667,3.25809653802148,25,23,22,20,22
"FRENCH FLORAL CUSHION COVER","20840",2011,12,38,32.3,0.85,3,"C",25,39,34,3.66356164612965,38,32,37,34,37
"FRENCH GARDEN SIGN BLUE METAL","22673",2011,10,29,38.67,1.59571428571429,7,"B",73,79,60.3333333333333,3.40119738166216,29,41,38,41,38
"FRENCH GARDEN SIGN BLUE METAL","22673",2011,11,31,38.75,1.25,5,"B",29,73,44.3333333333333,3.46573590279973,31,30,28,30,28
"FRENCH GARDEN SIGN BLUE METAL","22673",2011,12,23,28.75,1.25,5,"B",31,29,27.6666666666667,3.17805383034795,23,20,20,24,20
"FRENCH KITCHEN SIGN BLUE METAL","22675",2011,10,55,74.8,1.5525,12,"B",26,120,67,4.02535169073515,55,64,61,63,61
"FRENCH KITCHEN SIGN BLUE METAL","22675",2011,11,40,53.63,1.492,10,"B",55,26,40.3333333333333,3.71357206670431,40,47,41,49,41
"FRENCH KITCHEN SIGN BLUE METAL","22675",2011,12,57,72.46,1.45166666666667,6,"B",40,55,50.6666666666667,4.06044301054642,57,49,54,49,54
"FRENCH LATTICE CUSHION COVER","20835",2011,10,12,9.96,0.83,2,"C",55,60,42.3333333333333,2.56494935746154,12,19,13,18,13
"FRENCH LATTICE CUSHION COVER","20838",2011,10,43,38.99,1.25666666666667,6,"C",12,55,36.6666666666667,3.78418963391826,43,37,35,36,35
"FRENCH LATTICE CUSHION COVER","20835",2011,11,12,9.96,0.83,1,"C",43,12,22.3333333333333,2.56494935746154,12,7,7,9,7
"FRENCH LATTICE CUSHION COVER","20838",2011,11,28,23.8,0.85,3,"C",12,43,27.6666666666667,3.36729582998647,28,22,23,26,23
"FRENCH LAUNDRY SIGN BLUE METAL","22671",2011,10,43,70.95,1.65,9,"B",37,97,59,3.78418963391826,43,48,49,55,49
"FRENCH LAUNDRY SIGN BLUE METAL","22671",2011,11,28,51.12,2.09727272727273,11,"B",43,37,36,3.36729582998647,28,36,30,45,30
"FRENCH LAUNDRY SIGN BLUE METAL","22671",2011,12,8,13.2,1.65,3,"B",28,43,26.3333333333333,2.19722457733622,8,12,10,15,10
"FRENCH LAVENDER SCENT HEART","21391",2011,10,9,6.75,0.75,3,"B",33,201,81,2.30258509299405,9,30,23,33,23
"FRENCH LAVENDER SCENT HEART","21391",2011,11,1,0.75,0.75,1,"B",9,33,14.3333333333333,0.693147180559945,1,5,3,5,3
"FRENCH PAISLEY CUSHION COVER","20836",2011,10,30,24.9,0.83,3,"C",109,18,52.3333333333333,3.43398720448515,30,32,25,33,25
"FRENCH PAISLEY CUSHION COVER","20839",2011,10,48,43.24,1.25666666666667,6,"C",30,109,62.3333333333333,3.89182029811063,48,41,42,37,42
"FRENCH PAISLEY CUSHION COVER","20836",2011,11,42,34.86,0.83,4,"C",48,30,40,3.76120011569356,42,41,43,55,43
"FRENCH PAISLEY CUSHION COVER","20839",2011,11,69,58.65,0.85,8,"C",42,48,53,4.24849524204936,69,66,64,69,64
"FRENCH PAISLEY CUSHION COVER","20839",2011,12,22,18.7,0.85,3,"C",69,42,44.3333333333333,3.13549421592915,22,25,24,28,24
"FRENCH STYLE EMBOSSED HEART CABINET","21277",2011,10,2,43.9,21.95,2,"C",5,1,2.66666666666667,1.09861228866811,2,3,2,2,2
"FRENCH STYLE EMBOSSED HEART CABINET","21277",2011,11,4,78.8,20.45,2,"C",2,5,3.66666666666667,1.6094379124341,4,3,3,3,3
"FRENCH STYLE STORAGE JAR BONBONS","23187",2011,10,300,87,0.29,19,"C",678,684,554,5.70711026474888,300,393,324,431,324
"FRENCH STYLE STORAGE JAR BONBONS","23187",2011,11,10,2.9,0.29,2,"C",300,678,329.333333333333,2.39789527279837,10,58,38,52,38
"FRENCH STYLE STORAGE JAR CAFE","23186",2011,10,188,54.52,0.29,11,"B",354,120,220.666666666667,5.24174701505964,188,197,203,231,203
"FRENCH STYLE STORAGE JAR CAFE","23186",2011,11,479,138.91,0.29,19,"B",188,354,340.333333333333,6.17378610390194,479,449,428,476,428
"FRENCH STYLE STORAGE JAR CAFE","23186",2011,12,54,15.66,0.29,2,"B",479,188,240.333333333333,4.00733318523247,54,57,52,47,52
"FRENCH STYLE STORAGE JAR JAM","23185",2011,10,27,7.83,0.29,4,"C",54,24,35,3.3322045101752,27,38,30,38,30
"FRENCH STYLE STORAGE JAR JAM","23185",2011,11,107,31.03,0.29,8,"C",27,54,62.6666666666667,4.68213122712422,107,101,104,104,104
"FRENCH STYLE STORAGE JAR JAM","23185",2011,12,9,2.61,0.29,1,"C",107,27,47.6666666666667,2.30258509299405,9,17,12,12,12
"FRENCH TOILET SIGN BLUE METAL","22674",2011,10,66,82.5,1.25,11,"B",21,143,76.6666666666667,4.20469261939097,66,67,64,72,64
"FRENCH TOILET SIGN BLUE METAL","22674",2011,11,58,73.71,1.33642857142857,14,"B",66,21,48.3333333333333,4.07753744390572,58,60,56,62,56
"FRENCH TOILET SIGN BLUE METAL","22674",2011,12,13,16.25,1.25,2,"B",58,66,45.6666666666667,2.63905732961526,13,14,11,11,11
"FRENCH WC SIGN BLUE METAL","22670",2011,10,118,147.5,1.25,19,"B",152,215,161.666666666667,4.77912349311153,118,147,143,155,143
"FRENCH WC SIGN BLUE METAL","22670",2011,11,137,177.3,1.415,22,"B",118,152,135.666666666667,4.92725368515721,137,141,137,145,137
"FRENCH WC SIGN BLUE METAL","22670",2011,12,108,135,1.25,5,"B",137,118,121,4.69134788222914,108,65,59,64,59
"FRIDGE MAGNETS LA VIE EN ROSE","22924",2011,10,120,102,0.85,9,"B",132,60,104,4.79579054559674,120,109,111,96,111
"FRIDGE MAGNETS LA VIE EN ROSE","22924",2011,11,84,71.4,0.85,9,"B",120,132,112,4.44265125649032,84,89,91,88,91
"FRIDGE MAGNETS LA VIE EN ROSE","22924",2011,12,156,117,0.8175,4,"B",84,120,120,5.05624580534831,156,107,134,91,134
"FRIDGE MAGNETS LES ENFANTS ASSORTED","22923",2011,10,102,86.7,0.85,7,"B",60,72,78,4.63472898822964,102,100,94,93,94
"FRIDGE MAGNETS LES ENFANTS ASSORTED","22923",2011,11,87,73.95,0.85,8,"B",102,60,83,4.47733681447821,87,89,79,80,79
"FRIDGE MAGNETS LES ENFANTS ASSORTED","22923",2011,12,168,127.2,0.824,5,"B",87,102,119,5.12989871492307,168,121,132,130,132
"FRIDGE MAGNETS US DINER ASSORTED","22922",2011,10,125,106.25,0.85,11,"B",132,98,118.333333333333,4.83628190695148,125,123,118,121,118
"FRIDGE MAGNETS US DINER ASSORTED","22922",2011,11,76,70.3,0.985714285714286,7,"B",125,132,111,4.34380542185368,76,80,83,85,83
"FRIDGE MAGNETS US DINER ASSORTED","22922",2011,12,144,106.8,0.806666666666667,3,"B",76,125,115,4.97673374242057,144,79,120,69,120
"FROSTED WHITE BASE","79403",2011,10,12,10.2,0.85,1,"C",9,12,11,2.56494935746154,12,9,9,7,9
"FROSTED WHITE BASE","79406",2011,11,24,5.28,0.22,1,"C",12,9,15,3.2188758248682,24,17,24,15,24
"FROSTED WHITE BASE","79403",2011,12,1,0.85,0.85,1,"C",24,12,12.3333333333333,0.693147180559945,1,3,2,5,2
"FRUIT SALAD BAG CHARM","90116",2011,12,12,20.28,1.69,1,"C",2,2,5.33333333333333,2.56494935746154,12,9,14,6,14
"FRYING PAN BLUE POLKADOT","22201",2011,10,2,8.5,4.25,2,"C",27,12,13.6666666666667,1.09861228866811,2,6,4,5,4
"FRYING PAN BLUE POLKADOT","22201",2011,11,7,29.75,4.25,6,"C",2,27,12,2.07944154167984,7,11,10,10,10
"FRYING PAN BLUE POLKADOT","22201",2011,12,27,33.75,1.25,6,"C",7,2,12,3.3322045101752,27,24,28,31,28
"FRYING PAN PINK POLKADOT","22200",2011,10,24,106.04,4.82714285714286,7,"B",40,14,26,3.2188758248682,24,24,25,23,25
"FRYING PAN PINK POLKADOT","22200",2011,11,23,94.75,4.19444444444444,9,"B",24,40,29,3.17805383034795,23,27,25,29,25
"FRYING PAN PINK POLKADOT","22200",2011,12,43,53.75,1.25,9,"B",23,24,30,3.78418963391826,43,46,51,54,51
"FRYING PAN RED RETROSPOT","22199",2011,10,21,89.25,4.25,9,"B",40,15,25.3333333333333,3.09104245335832,21,27,22,28,22
"FRYING PAN RED RETROSPOT","22199",2011,11,31,131.75,4.25,12,"B",21,40,30.6666666666667,3.46573590279973,31,32,28,35,28
"FRYING PAN RED RETROSPOT","22199",2011,12,88,110,1.25,14,"B",31,21,46.6666666666667,4.48863636973214,88,85,88,81,88
"FRYING PAN UNION FLAG","22207",2011,10,188,727.12,4.79833333333333,12,"A",85,56,109.666666666667,5.24174701505964,188,153,161,123,161
"FRYING PAN UNION FLAG","22207",2011,11,158,623.62,4.83526315789474,19,"A",188,85,143.666666666667,5.06890420222023,158,140,133,128,133
"FRYING PAN UNION FLAG","22207",2011,12,87,340.79,4.75571428571429,7,"A",158,188,144.333333333333,4.47733681447821,87,61,52,48,52
"FULL ENGLISH BREAKFAST PLATE","22109",2011,10,139,507.68,3.8696,25,"A",113,21,91,4.9416424226093,139,133,124,111,124
"FULL ENGLISH BREAKFAST PLATE","22109",2011,11,197,745,3.98605263157895,36,"A",139,113,149.666666666667,5.28826703069454,197,200,196,190,196
"FULL ENGLISH BREAKFAST PLATE","22109",2011,12,134,489.37,3.869375,16,"A",197,139,156.666666666667,4.90527477843843,134,123,110,128,110
"FUNKY DIVA PEN","22741",2011,10,782,664.7,0.85,16,"A",1113,1056,983.666666666667,6.6631326959908,782,738,660,644,660
"FUNKY DIVA PEN","22741",2011,11,624,530.4,0.85,12,"A",782,1113,839.666666666667,6.4377516497364,624,556,456,494,456
"FUNKY DIVA PEN","22741",2011,12,288,244.8,0.85,5,"A",624,782,564.666666666667,5.66642668811243,288,196,273,174,273
"FUNKY MONKEY CUSHION COVER","46118",2011,10,37,31.45,0.85,2,"C",45,15,32.3333333333333,3.63758615972639,37,23,30,24,30
"FUNKY MONKEY CUSHION COVER","46118",2011,11,28,23.8,0.85,3,"C",37,45,36.6666666666667,3.36729582998647,28,28,24,29,24
"FUNKY MONKEY CUSHION COVER","46118",2011,12,4,3.4,0.85,1,"C",28,37,23,1.6094379124341,4,7,5,6,5
"FUNKY MONKEY GIFT BAG MEDIUM","16168M",2011,11,28,11.76,0.42,2,"C",20,68,38.6666666666667,3.36729582998647,28,24,23,19,23
"FUNKY MONKEY GIFT BAG MEDIUM","16168M",2011,12,24,10.08,0.42,1,"C",28,20,24,3.2188758248682,24,16,19,11,19
"FUNKY WASHING UP GLOVES ASSORTED","20751",2011,10,75,157.5,2.1,18,"B",44,82,67,4.33073334028633,75,83,70,82,70
"FUNKY WASHING UP GLOVES ASSORTED","20751",2011,11,50,105,2.1,27,"B",75,44,56.3333333333333,3.93182563272433,50,72,52,92,52
"FUNKY WASHING UP GLOVES ASSORTED","20751",2011,12,1,2.1,2.1,1,"B",50,75,42,0.693147180559945,1,3,3,5,3
"GAOLERS KEYS DECORATIVE GARDEN","21745",2011,10,94,348.4,3.94,22,"A",130,76,100,4.55387689160054,94,112,100,102,100
"GAOLERS KEYS DECORATIVE GARDEN","21745",2011,11,96,342.72,3.72,23,"A",94,130,106.666666666667,4.57471097850338,96,105,101,119,101
"GAOLERS KEYS DECORATIVE GARDEN","21745",2011,12,56,203.02,4.44666666666667,6,"A",96,94,82,4.04305126783455,56,46,42,45,42
"GARAGE KEY FOB","21899",2011,10,111,79.01,0.739090909090909,22,"C",174,105,130,4.71849887129509,111,137,119,148,119
"GARAGE KEY FOB","21899",2011,11,106,72.82,0.755,28,"C",111,174,130.333333333333,4.67282883446191,106,131,132,149,132
"GARAGE KEY FOB","21899",2011,12,65,44.21,0.79,7,"C",106,111,94,4.18965474202643,65,70,67,76,67
"GARDEN PATH JOURNAL","20772",2011,10,19,48.45,2.55,6,"C",12,16,15.6666666666667,2.99573227355399,19,20,19,20,19
"GARDEN PATH JOURNAL","20772",2011,11,105,243.9,2.5125,12,"C",19,12,45.3333333333333,4.66343909411207,105,93,114,97,114
"GARDEN PATH JOURNAL","20772",2011,12,4,12.61,3.1525,4,"C",105,19,42.6666666666667,1.6094379124341,4,18,12,16,12
"GARDEN PATH POCKET BOOK","20760",2011,10,13,11.05,0.85,5,"C",9,8,10,2.63905732961526,13,15,13,19,13
"GARDEN PATH POCKET BOOK","20760",2011,11,18,15.3,0.85,5,"C",13,9,13.3333333333333,2.94443897916644,18,19,16,23,16
"GARDEN PATH SKETCHBOOK","20766",2011,10,15,59.96,4.16222222222222,8,"C",5,15,11.6666666666667,2.77258872223978,15,16,17,20,17
"GARDEN PATH SKETCHBOOK","20766",2011,11,12,52.42,4.36833333333333,6,"C",15,5,10.6666666666667,2.56494935746154,12,12,12,12,12
"GARDEN PATH SKETCHBOOK","20766",2011,12,2,7.5,3.75,1,"C",12,15,9.66666666666667,1.09861228866811,2,3,2,3,2
"GARDENERS KNEELING PAD CUP OF TEA","23300",2011,10,692,1132.68,1.71549450549451,89,"A",640,612,648,6.5410299991899,692,743,736,757,736
"GARDENERS KNEELING PAD CUP OF TEA","23300",2011,11,1181,1953.61,1.6837106918239,157,"A",692,640,837.666666666667,7.07496319796604,1181,1118,1109,1141,1109
"GARDENERS KNEELING PAD CUP OF TEA","23300",2011,12,383,627.75,1.67311111111111,44,"A",1181,692,752,5.95064255258773,383,649,637,763,637
"GARDENERS KNEELING PAD KEEP CALM","23301",2011,10,1031,1739.83,1.71495726495726,115,"A",1008,620,886.333333333333,6.93925394604151,1031,1016,976,957,976
"GARDENERS KNEELING PAD KEEP CALM","23301",2011,11,2147,3528.83,1.67084210526316,189,"A",1031,1008,1395.33333333333,7.67229245562876,2147,1737,2283,1586,2283
"GARDENERS KNEELING PAD KEEP CALM","23301",2011,12,424,726.08,1.67716981132075,52,"A",2147,1031,1200.66666666667,6.05208916892442,424,970,1028,1176,1028
"GARDENIA 1 WICK MORRIS BOXED CANDLE","85036A",2011,10,76,132.04,1.97444444444444,15,"C",10,6,30.6666666666667,4.34380542185368,76,75,87,97,87
"GARDENIA 3 WICK MORRIS BOXED CANDLE","85035A",2011,10,154,226.54,1.98466666666667,28,"C",26,8,62.6666666666667,5.04342511691925,154,150,171,179,171
"GARLAND WITH HEARTS AND BELLS","21812",2011,10,47,211.65,4.71666666666667,6,"B",15,6,22.6666666666667,3.87120101090789,47,39,45,33,45
"GARLAND WITH HEARTS AND BELLS","21812",2011,11,76,355.2,4.9,14,"B",47,15,46,4.34380542185368,76,70,65,56,65
"GARLAND WITH HEARTS AND BELLS","21812",2011,12,2,9.9,4.95,2,"B",76,47,41.6666666666667,1.09861228866811,2,8,4,9,4
"GARLAND WITH STARS AND BELLS","21813",2011,10,71,322.05,4.85,6,"B",15,24,36.6666666666667,4.27666611901606,71,58,66,55,66
"GARLAND WITH STARS AND BELLS","21813",2011,11,76,355.2,4.85666666666667,15,"B",71,15,54,4.34380542185368,76,70,65,63,65
"GARLAND WITH STARS AND BELLS","21813",2011,12,1,4.95,4.95,1,"B",76,71,49.3333333333333,0.693147180559945,1,4,2,5,2
"GARLAND WOODEN HAPPY EASTER","22241",2011,10,3,3.75,1.25,1,"B",6,1,3.33333333333333,1.38629436111989,3,3,3,2,3
"GARLAND WOODEN HAPPY EASTER","22241",2011,11,13,16.25,1.25,2,"B",3,6,7.33333333333333,2.63905732961526,13,10,13,12,13
"GENTLEMAN SHIRT REPAIR KIT","22651",2011,10,282,222.54,0.952142857142857,14,"B",97,72,150.333333333333,5.64544689764324,282,249,285,272,285
"GENTLEMAN SHIRT REPAIR KIT","22651",2011,11,106,97.12,0.99625,16,"B",282,97,161.666666666667,4.67282883446191,106,139,132,155,132
"GENTLEMAN SHIRT REPAIR KIT","22651",2011,12,33,28.05,0.85,4,"B",106,282,140.333333333333,3.52636052461616,33,46,33,49,33
"GEORGIAN TRINKET BOX","23073",2011,10,38,442.6,12.365,10,"B",14,6,19.3333333333333,3.66356164612965,38,29,37,30,37
"GEORGIAN TRINKET BOX","23073",2011,11,26,308.8,12.365,10,"B",38,14,26,3.29583686600433,26,23,26,24,26
"GEORGIAN TRINKET BOX","23073",2011,12,4,50,12.5,2,"B",26,38,22.6666666666667,1.6094379124341,4,6,4,6,4
"GIANT 50'S CHRISTMAS CRACKER","23320",2011,10,584,1687.76,2.89,74,"A",602,165,450.333333333333,6.37161184723186,584,548,537,538,537
"GIANT 50'S CHRISTMAS CRACKER","23320",2011,11,784,2193.76,2.8769918699187,120,"A",584,602,656.666666666667,6.66568371778241,784,811,763,709,763
"GIANT 50'S CHRISTMAS CRACKER","23320",2011,12,342,488.18,1.39260869565217,45,"A",784,584,570,5.83773044716594,342,494,433,560,433
"GIFT BAG BIRTHDAY","22820",2011,10,49,32.03,0.695,4,"C",48,24,40.3333333333333,3.91202300542815,49,49,50,56,50
"GIFT BAG BIRTHDAY","22820",2011,11,14,9.1,0.65,2,"C",49,48,37,2.70805020110221,14,22,19,23,19
"GIFT BAG BIRTHDAY","22820",2011,12,12,7.8,0.65,1,"C",14,49,25,2.56494935746154,12,10,9,8,9
"GIFT BAG LARGE SPOT","23438",2011,10,36,45,1.25,2,"C",48,12,32,3.61091791264422,36,23,24,20,24
"GIFT BAG LARGE VINTAGE CHRISTMAS","23436",2011,10,88,110,1.25,4,"C",24,36,49.3333333333333,4.48863636973214,88,69,98,60,98
"GIFT BAG PSYCHEDELIC APPLES","22821",2011,10,48,31.2,0.65,4,"C",97,26,57,3.89182029811063,48,48,51,52,51
"GIFT BAG PSYCHEDELIC APPLES","22821",2011,11,87,56.73,0.668,10,"C",48,97,77.3333333333333,4.47733681447821,87,88,85,97,85
"GIFT BAG PSYCHEDELIC APPLES","22821",2011,12,12,7.8,0.65,1,"C",87,48,49,2.56494935746154,12,14,12,11,12
"GIN & TONIC DIET GREETING CARD","21519",2011,10,192,80.64,0.42,10,"B",288,384,288,5.26269018890489,192,227,224,208,224
"GIN & TONIC DIET GREETING CARD","21519",2011,11,360,151.2,0.42,16,"B",192,288,280,5.88887795833288,360,319,351,325,351
"GIN & TONIC DIET GREETING CARD","21519",2011,12,36,15.12,0.42,3,"B",360,192,196,3.61091791264422,36,69,62,51,62
"GIN + TONIC DIET METAL SIGN","21175",2011,10,929,2023.83,2.49923076923077,65,"A",993,457,793,6.8351845861473,929,907,943,849,943
"GIN + TONIC DIET METAL SIGN","21175",2011,11,1292,3249.12,2.5205,79,"A",929,993,1071.33333333333,7.16472037877186,1292,1103,1047,1029,1047
"GIN AND TONIC MUG","21874",2011,10,54,89.1,1.65,10,"A",913,89,352,4.00733318523247,54,156,101,140,101
"GIN AND TONIC MUG","21874",2011,11,638,743.1,1.61538461538462,26,"A",54,913,535,6.45990445437753,638,492,490,511,490
"GIN AND TONIC MUG","21874",2011,12,66,101.7,1.62142857142857,7,"A",638,54,252.666666666667,4.20469261939097,66,104,62,74,62
"GINGERBREAD MAN COOKIE CUTTER","22966",2011,10,859,1046.67,1.29276315789474,74,"A",736,533,709.333333333333,6.75693238924755,859,842,920,944,920
"GINGERBREAD MAN COOKIE CUTTER","22966",2011,11,1068,1282.7,1.27292134831461,87,"A",859,736,887.666666666667,6.97447891102505,1068,1032,946,1048,946
"GINGERBREAD MAN COOKIE CUTTER","22966",2011,12,244,306.21,1.29321428571429,28,"A",1068,859,723.666666666667,5.50125821054473,244,574,477,585,477
"GINGHAM BABUSHKA DOORSTOP","22510",2011,10,12,45,3.75,5,"C",4,5,7,2.56494935746154,12,13,13,13,13
"GINGHAM BABUSHKA DOORSTOP","22510",2011,11,16,60,3.75,4,"C",12,4,10.6666666666667,2.83321334405622,16,13,16,13,16
"GINGHAM BABUSHKA DOORSTOP","22510",2011,12,28,22.12,0.79,11,"C",16,12,18.6666666666667,3.36729582998647,28,33,32,46,32
"GINGHAM HEART  DOORSTOP RED","21411",2011,10,46,202.08,4.629,20,"B",37,26,36.3333333333333,3.85014760171006,46,48,48,51,48
"GINGHAM HEART  DOORSTOP RED","21411",2011,11,69,289.79,4.3975,23,"B",46,37,50.6666666666667,4.24849524204936,69,71,70,83,70
"GINGHAM HEART  DOORSTOP RED","21411",2011,12,289,569.89,2.12611111111111,35,"B",69,46,134.666666666667,5.66988092298052,289,245,275,305,275
"GINGHAM HEART DECORATION","22595",2011,10,2634,1997.1,0.867727272727273,64,"A",661,194,1163,7.87663846097546,2634,1638,2583,1840,2583
"GINGHAM HEART DECORATION","22595",2011,11,898,764.08,0.86012987012987,75,"A",2634,661,1397.66666666667,6.80128303447162,898,1113,964,909,964
"GINGHAM HEART DECORATION","22595",2011,12,91,77.35,0.85,10,"A",898,2634,1207.66666666667,4.52178857704904,91,717,406,318,406
"GINGHAM RECIPE BOOK BOX","23424",2011,11,85,420.75,4.95,32,"B",147,157,129.666666666667,4.45434729625351,85,118,96,127,96
"GINGHAM RECIPE BOOK BOX","23424",2011,12,20,99,4.95,4,"B",85,147,84,3.04452243772342,20,30,21,23,21
"GIRAFFE WOODEN RULER","22991",2011,10,706,1286.34,2.25294117647059,32,"A",389,955,683.333333333333,6.56103066589657,706,579,590,629,590
"GIRAFFE WOODEN RULER","22991",2011,11,310,628.48,2.07111111111111,52,"A",706,389,468.333333333333,5.73979291217923,310,458,374,439,374
"GIRAFFE WOODEN RULER","22991",2011,12,79,164.95,2.10571428571429,14,"A",310,706,365,4.38202663467388,79,213,128,160,128
"GIRLS ALPHABET IRON ON PATCHES","84568",2011,11,864,181.44,0.21,3,"B",1440,288,864,6.76272950693188,864,286,442,233,442
"GIRLS VINTAGE TIN SEASIDE BUCKET","21715",2011,10,27,68.85,2.55,5,"A",27,65,39.6666666666667,3.3322045101752,27,28,25,27,25
"GIRLS VINTAGE TIN SEASIDE BUCKET","21715",2011,11,47,105.45,2.49375,7,"A",27,27,33.6666666666667,3.87120101090789,47,44,42,41,42
"GIRLS VINTAGE TIN SEASIDE BUCKET","21715",2011,12,2,5.1,2.55,1,"A",47,27,25.3333333333333,1.09861228866811,2,7,3,5,3
"GLAMOROUS  MUG","21872",2011,10,160,194,1.49666666666667,15,"B",147,49,118.666666666667,5.08140436498446,160,143,145,158,145
"GLAMOROUS  MUG","21872",2011,11,488,423.76,1.50772727272727,22,"B",160,147,265,6.19236248947487,488,430,491,335,491
"GLAMOROUS  MUG","21872",2011,12,49,63.29,1.47666666666667,9,"B",488,160,232.333333333333,3.91202300542815,49,103,96,77,96
"GLASS  SONGBIRD STORAGE JAR","23020",2011,10,44,517.6,12.3071428571429,14,"B",18,29,30.3333333333333,3.80666248977032,44,39,43,39,43
"GLASS  SONGBIRD STORAGE JAR","23020",2011,11,19,226.7,12.365,10,"B",44,18,27,2.99573227355399,19,22,20,21,20
"GLASS  SONGBIRD STORAGE JAR","23020",2011,12,4,50,12.5,4,"B",19,44,22.3333333333333,1.6094379124341,4,9,7,9,7
"GLASS APOTHECARY BOTTLE ELIXIR","23014",2011,10,207,751.65,3.8280487804878,40,"A",183,109,166.333333333333,5.33753807970132,207,206,201,185,201
"GLASS APOTHECARY BOTTLE ELIXIR","23014",2011,11,96,361.2,3.8875,24,"A",207,183,162,4.57471097850338,96,120,114,139,114
"GLASS APOTHECARY BOTTLE ELIXIR","23014",2011,12,19,73.39,4.718,5,"A",96,207,107.333333333333,2.99573227355399,19,32,21,32,21
"GLASS APOTHECARY BOTTLE PERFUME","23012",2011,10,263,966.85,3.85,54,"A",191,127,193.666666666667,5.57594910314632,263,239,263,230,263
"GLASS APOTHECARY BOTTLE PERFUME","23012",2011,11,198,738.44,3.98621621621622,36,"A",263,191,217.333333333333,5.29330482472449,198,222,215,217,215
"GLASS APOTHECARY BOTTLE PERFUME","23012",2011,12,61,222.95,3.85,10,"A",198,263,174,4.12713438504509,61,71,63,73,63
"GLASS APOTHECARY BOTTLE TONIC","23013",2011,10,202,737.9,3.84285714285714,41,"A",191,71,154.666666666667,5.31320597904179,202,204,202,194,202
"GLASS APOTHECARY BOTTLE TONIC","23013",2011,11,160,606.34,3.996,40,"A",202,191,184.333333333333,5.08140436498446,160,181,185,184,185
"GLASS APOTHECARY BOTTLE TONIC","23013",2011,12,60,219,3.85909090909091,11,"A",160,202,140.666666666667,4.11087386417331,60,69,72,73,72
"GLASS BEAD HOOP NECKLACE AMETHYST","90026D",2011,11,1,8.5,8.5,1,"C",1,1,1,0.693147180559945,1,1,1,1,1
"GLASS BON BON JAR","23089",2011,10,338,576.3,1.90217391304348,21,"A",408,259,335,5.82600010738045,338,321,313,305,313
"GLASS BON BON JAR","23089",2011,11,279,504.87,1.9676,25,"A",338,408,341.666666666667,5.63478960316925,279,320,308,329,308
"GLASS BON BON JAR","23089",2011,12,62,110.1,1.85,3,"A",279,338,226.333333333333,4.14313472639153,62,27,34,30,34
"GLASS BONNE JAM JAR","23021",2011,10,37,143.95,4.07,5,"C",25,8,23.3333333333333,3.63758615972639,37,27,32,24,32
"GLASS BONNE JAM JAR","23021",2011,11,8,33.2,4.15,1,"C",37,25,23.3333333333333,2.19722457733622,8,6,6,5,6
"GLASS BONNE JAM JAR","23021",2011,12,4,16.6,4.15,1,"C",8,37,16.3333333333333,1.6094379124341,4,4,2,3,2
"GLASS CLOCHE SMALL","22778",2011,10,50,197.5,3.95,16,"A",58,90,66,3.93182563272433,50,64,54,61,54
"GLASS CLOCHE SMALL","22778",2011,11,83,296.49,3.87,13,"A",50,58,63.6666666666667,4.43081679884331,83,78,75,70,75
"GLASS HEART T-LIGHT HOLDER","21313",2011,10,267,202.53,0.875714285714286,14,"B",247,216,243.333333333333,5.59098698051086,267,228,242,236,242
"GLASS HEART T-LIGHT HOLDER","21313",2011,11,252,173.88,0.808,10,"B",267,247,255.333333333333,5.53338948872752,252,233,211,193,211
"GLASS HEART T-LIGHT HOLDER","21313",2011,12,54,45.9,0.85,6,"B",252,267,191,4.00733318523247,54,73,62,93,62
"GLASS JAR DAISY FRESH COTTON WOOL","22361",2011,10,53,156.35,2.95,17,"B",36,11,33.3333333333333,3.98898404656427,53,53,53,52,53
"GLASS JAR DAISY FRESH COTTON WOOL","22361",2011,11,42,123.9,2.95,16,"B",53,36,43.6666666666667,3.76120011569356,42,50,46,46,46
"GLASS JAR DAISY FRESH COTTON WOOL","22361",2011,12,4,11.8,2.95,3,"B",42,53,33,1.6094379124341,4,12,9,14,9
"GLASS JAR DIGESTIVE BISCUITS","22364",2011,10,28,88.28,3.46636363636364,11,"B",77,63,56,3.36729582998647,28,41,37,43,37
"GLASS JAR DIGESTIVE BISCUITS","22364",2011,11,27,79.65,2.95,10,"B",28,77,44,3.3322045101752,27,37,31,32,31
"GLASS JAR DIGESTIVE BISCUITS","22364",2011,12,4,14.64,3.66,4,"B",27,28,19.6666666666667,1.6094379124341,4,12,9,11,9
"GLASS JAR ENGLISH CONFECTIONERY","22360",2011,10,83,240.93,3.22789473684211,19,"B",73,43,66.3333333333333,4.43081679884331,83,85,77,84,77
"GLASS JAR ENGLISH CONFECTIONERY","22360",2011,11,37,114.83,3.19695652173913,23,"B",83,73,64.3333333333333,3.63758615972639,37,65,50,74,50
"GLASS JAR ENGLISH CONFECTIONERY","22360",2011,12,7,23.49,3.66,4,"B",37,83,42.3333333333333,2.07944154167984,7,16,14,17,14
"GLASS JAR KINGS CHOICE","22359",2011,10,16,47.2,2.95,6,"C",13,15,14.6666666666667,2.83321334405622,16,16,14,16,14
"GLASS JAR KINGS CHOICE","22359",2011,11,10,29.5,2.95,7,"C",16,13,13,2.39789527279837,10,14,11,16,11
"GLASS JAR KINGS CHOICE","22359",2011,12,3,11.69,3.89666666666667,3,"C",10,16,9.66666666666667,1.38629436111989,3,6,5,6,5
"GLASS JAR MARMALADE","22363",2011,10,14,41.3,2.95,4,"B",13,9,12,2.70805020110221,14,13,13,13,13
"GLASS JAR MARMALADE","22363",2011,11,6,20.54,3.518,5,"B",14,13,11,1.94591014905531,6,9,7,10,7
"GLASS JAR MARMALADE","22363",2011,12,3,8.85,2.95,3,"B",6,14,7.66666666666667,1.38629436111989,3,5,6,6,6
"GLASS JAR PEACOCK BATH SALTS","22362",2011,10,32,94.4,2.95,11,"B",24,8,21.3333333333333,3.49650756146648,32,34,35,39,35
"GLASS JAR PEACOCK BATH SALTS","22362",2011,11,24,73.64,3.18666666666667,12,"B",32,24,26.6666666666667,3.2188758248682,24,30,26,32,26
"GLASS JAR PEACOCK BATH SALTS","22362",2011,12,3,8.85,2.95,3,"B",24,32,19.6666666666667,1.38629436111989,3,9,6,10,6
"GLASS SONGBIRD STORAGE JAR","23020",2011,10,2,25,12.5,1,"C",1,8,3.66666666666667,1.09861228866811,2,2,2,2,2
"GLASS SPHERE CANDLE STAND MEDIUM","21317",2011,10,7,35.15,5.2,2,"C",27,4,12.6666666666667,2.07944154167984,7,6,5,6,5
"GLASS SPHERE CANDLE STAND MEDIUM","21317",2011,11,21,110.45,5.37857142857143,7,"C",7,27,18.3333333333333,3.09104245335832,21,20,21,19,21
"GLASS SPHERE CANDLE STAND MEDIUM","21317",2011,12,12,65.4,5.45,4,"C",21,7,13.3333333333333,2.56494935746154,12,12,13,10,13
"GLASS STAR FROSTED T-LIGHT HOLDER","21730",2011,10,13,64.35,4.95,4,"B",32,10,18.3333333333333,2.63905732961526,13,15,13,12,13
"GLASS STAR FROSTED T-LIGHT HOLDER","21730",2011,11,81,390.78,5.36047619047619,21,"B",13,32,42,4.40671924726425,81,78,88,80,88
"GLASS STAR FROSTED T-LIGHT HOLDER","21730",2011,12,13,69.36,5.66571428571429,7,"B",81,13,35.6666666666667,2.63905732961526,13,23,18,18,18
"GLASS TWIST BON BON JAR","23016",2011,10,19,134.75,7.55,4,"C",17,2,12.6666666666667,2.99573227355399,19,15,17,12,17
"GLASS TWIST BON BON JAR","23016",2011,11,8,62.8,7.85,4,"C",19,17,14.6666666666667,2.19722457733622,8,10,8,8,8
"GLASS TWIST BON BON JAR","23016",2011,12,5,39.25,7.85,2,"C",8,19,10.6666666666667,1.79175946922805,5,6,5,5,5
"GLITTER BUTTERFLY CLIPS","20828",2011,10,53,135.15,2.55,12,"B",65,43,53.6666666666667,3.98898404656427,53,56,51,61,51
"GLITTER BUTTERFLY CLIPS","20828",2011,11,106,270.3,2.55,28,"B",53,65,74.6666666666667,4.67282883446191,106,113,105,111,105
"GLITTER BUTTERFLY CLIPS","20828",2011,12,27,68.85,2.55,6,"B",106,53,62,3.3322045101752,27,31,27,34,27
"GLITTER CHRISTMAS STAR","21819",2011,10,481,187.59,0.39,25,"B",227,6,238,6.1779441140506,481,403,502,471,502
"GLITTER CHRISTMAS STAR","21819",2011,11,1461,574.75,0.435090909090909,52,"B",481,227,723,7.28756064030972,1461,1041,1398,1233,1398
"GLITTER CHRISTMAS STAR","21819",2011,12,126,53.74,0.4475,16,"B",1461,481,689.333333333333,4.84418708645859,126,390,323,414,323
"GLITTER CHRISTMAS TREE","21817",2011,10,498,194.22,0.39,23,"C",141,5,214.666666666667,6.21260609575152,498,441,622,509,622
"GLITTER CHRISTMAS TREE","21817",2011,11,170,66.3,0.39,13,"C",498,141,269.666666666667,5.14166355650266,170,221,181,191,181
"GLITTER CHRISTMAS TREE WITH BELLS","21822",2011,10,50,39.5,0.79,5,"C",34,43,42.3333333333333,3.93182563272433,50,46,45,56,45
"GLITTER CHRISTMAS TREE WITH BELLS","21822",2011,11,384,313.38,0.949047619047619,38,"C",50,34,156,5.95324333428778,384,357,429,489,429
"GLITTER CHRISTMAS TREE WITH BELLS","21822",2011,12,62,50.14,0.983333333333333,6,"C",384,50,165.333333333333,4.14313472639153,62,85,60,71,60
"GLITTER HANGING BUTTERFLY STRING","20829",2011,10,96,201.13,2.455,16,"B",56,398,183.333333333333,4.57471097850338,96,128,86,126,86
"GLITTER HANGING BUTTERFLY STRING","20829",2011,11,150,323.12,2.245,28,"B",96,56,100.666666666667,5.01727983681492,150,143,156,159,156
"GLITTER HANGING BUTTERFLY STRING","20829",2011,12,18,37.8,2.1,4,"B",150,96,88,2.94443897916644,18,35,26,29,26
"GLITTER HEART DECORATION","21818",2011,10,644,251.16,0.39,28,"B",307,50,333.666666666667,6.46925031679577,644,559,712,602,712
"GLITTER HEART DECORATION","21818",2011,11,1231,480.09,0.39,62,"B",644,307,727.333333333333,7.11639414409346,1231,1001,1051,1081,1051
"GLITTER HEART DECORATION","21818",2011,12,84,35.52,0.428333333333333,12,"B",1231,644,653,4.44265125649032,84,310,217,356,217
"GLITTER HEART GARLAND WITH BELLS","21820",2011,10,44,160.68,3.69857142857143,7,"B",8,2,18,3.80666248977032,44,37,43,44,43
"GLITTER HEART GARLAND WITH BELLS","21820",2011,11,143,529.16,3.86074074074074,25,"B",44,8,65,4.969813299576,143,124,129,133,129
"GLITTER HEART GARLAND WITH BELLS","21820",2011,12,14,52.5,3.75,4,"B",143,44,67,2.70805020110221,14,27,21,23,21
"GLITTER STAR GARLAND WITH BELLS","21821",2011,10,41,153.75,3.75,8,"B",24,26,30.3333333333333,3.73766961828337,41,39,41,38,41
"GLITTER STAR GARLAND WITH BELLS","21821",2011,11,117,427.95,3.71571428571429,20,"B",41,24,60.6666666666667,4.77068462446567,117,104,115,103,115
"GLOW IN DARK DOLPHINS","84199",2011,10,13,2.73,0.21,1,"C",1,3,5.66666666666667,2.63905732961526,13,9,12,8,12
"GLOW IN DARK DOLPHINS","84199",2011,11,47,9.87,0.21,13,"C",13,1,20.3333333333333,3.87120101090789,47,43,47,59,47
"GLOW IN DARK DOLPHINS","84199",2011,12,5,1.05,0.21,3,"C",47,13,21.6666666666667,1.79175946922805,5,14,9,18,9
"GOLD DIAMANTE STAR BROOCH","90206A",2011,11,1,4.95,4.95,1,"C",3,2,2,0.693147180559945,1,1,1,2,1
"GOLD EAR MUFF HEADPHONES","20781",2011,10,1,5.49,5.49,1,"C",1,1,1,0.693147180559945,1,1,1,1,1
"GOLD EAR MUFF HEADPHONES","20781",2011,11,9,49.41,5.49,6,"C",1,1,3.66666666666667,2.30258509299405,9,8,8,9,8
"GOLD EAR MUFF HEADPHONES","20781",2011,12,3,9.39,3.13,3,"C",9,1,4.33333333333333,1.38629436111989,3,5,4,5,4
"GOLD FABRIC MIRROR","20869",2011,10,26,10.14,0.39,6,"C",20,7,17.6666666666667,3.29583686600433,26,27,23,28,23
"GOLD FABRIC MIRROR","20869",2011,11,79,30.81,0.39,5,"C",26,20,41.6666666666667,4.38202663467388,79,70,78,83,78
"GOLD FABRIC MIRROR","20869",2011,12,6,2.34,0.39,2,"C",79,26,37,1.94591014905531,6,18,11,24,11
"GOLD FISHING GNOME","21128",2011,10,2,19.41,9.705,2,"C",1,4,2.33333333333333,1.09861228866811,2,3,2,3,2
"GOLD FISHING GNOME","21128",2011,12,8,15.6,1.95,1,"C",2,1,3.66666666666667,2.19722457733622,8,5,7,3,7
"GOLD M.O.P ORBIT DROP EARRINGS","90018B",2011,10,1,4.25,4.25,1,"C",4,2,2.33333333333333,0.693147180559945,1,1,1,2,1
"GOLD MINI TAPE MEASURE","20733",2011,10,15,12.67,0.843333333333333,6,"C",29,110,51.3333333333333,2.77258872223978,15,33,22,39,22
"GOLD MINI TAPE MEASURE","20733",2011,11,29,24.65,0.85,7,"C",15,29,24.3333333333333,3.40119738166216,29,33,29,37,29
"GOLD MINI TAPE MEASURE","20733",2011,12,1,0.85,0.85,1,"C",29,15,15,0.693147180559945,1,5,3,5,3
"GOLD MUG BONE CHINA TREE OF LIFE","22307",2011,10,149,160.22,1.07055555555556,18,"B",186,24,119.666666666667,5.01063529409626,149,144,140,149,140
"GOLD MUG BONE CHINA TREE OF LIFE","22307",2011,11,280,296.8,1.06,25,"B",149,186,205,5.63835466933375,280,280,271,284,271
"GOLD MUG BONE CHINA TREE OF LIFE","22307",2011,12,29,30.74,1.06,2,"B",280,149,152.666666666667,3.40119738166216,29,32,26,33,26
"GOLD PHOTO FRAME","20831",2011,11,12,25.2,2.1,2,"C",17,61,30,2.56494935746154,12,11,10,10,10
"GOLD PHOTO FRAME","20831",2011,12,48,37.92,0.79,4,"C",12,17,25.6666666666667,3.89182029811063,48,47,47,49,47
"GOLD STANDING GNOME","21131",2011,10,9,38.25,4.25,3,"C",1,4,4.66666666666667,2.30258509299405,9,8,8,7,8
"GOLD STANDING GNOME","21131",2011,12,30,37.5,1.25,2,"C",9,1,13.3333333333333,3.43398720448515,30,26,29,21,29
"GOLD/M.O.P PENDANT ORBIT NECKLACE","90016B",2011,10,1,8.5,8.5,1,"C",2,2,1.66666666666667,0.693147180559945,1,1,1,1,1
"GOLD/M.O.P PENDANT ORBIT NECKLACE","90016B",2011,11,1,8.5,8.5,1,"C",1,2,1.33333333333333,0.693147180559945,1,1,1,1,1
"GOLDIE LOOKING MIRROR","20821",2011,11,2,9.9,4.95,1,"C",1,6,3,1.09861228866811,2,2,2,2,2
"GRAND CHOCOLATECANDLE","72741",2011,10,621,842.85,1.43620689655172,29,"A",611,207,479.666666666667,6.43294009273918,621,556,556,456,556
"GRAND CHOCOLATECANDLE","72741",2011,11,863,1150.55,1.40757575757576,33,"A",621,611,698.333333333333,6.76157276880406,863,774,682,644,682
"GRAND CHOCOLATECANDLE","72741",2011,12,99,143.55,1.45,8,"A",863,621,527.666666666667,4.60517018598809,99,218,91,154,91
"GRASS HOPPER WOODEN WALL CLOCK","84663A",2011,10,6,4.74,0.79,2,"C",179,7,64,1.94591014905531,6,26,13,21,13
"GRASS HOPPER WOODEN WALL CLOCK","84663A",2011,11,21,16.59,0.79,6,"C",6,179,68.6666666666667,3.09104245335832,21,42,37,48,37
"GREEN  DIAMANTE PEN IN GIFT BOX","21847",2011,10,1,4.95,4.95,1,"C",3,1,1.66666666666667,0.693147180559945,1,1,1,2,1
"GREEN  DIAMANTE PEN IN GIFT BOX","21847",2011,11,1,4.95,4.95,1,"C",1,3,1.66666666666667,0.693147180559945,1,1,1,2,1
"GREEN BIRDHOUSE DECORATION","21442",2011,10,15,12.75,0.85,2,"C",30,24,23,2.77258872223978,15,15,15,15,15
"GREEN BIRDHOUSE DECORATION","21442",2011,11,15,12.75,0.85,2,"C",15,30,20,2.77258872223978,15,10,12,13,12
"GREEN BIRDHOUSE DECORATION","21442",2011,12,140,26.6,0.19,7,"C",15,15,56.6666666666667,4.94875989037817,140,126,130,196,130
"GREEN BITTY LIGHT CHAIN","85179A",2011,10,26,32.5,1.25,3,"C",1,3,10,3.29583686600433,26,22,27,26,27
"GREEN BITTY LIGHT CHAIN","85179A",2011,11,80,107.88,2.37571428571429,7,"C",26,1,35.6666666666667,4.39444915467244,80,62,77,63,77
"GREEN BITTY LIGHT CHAIN","85179A",2011,12,6,15.38,3.87666666666667,3,"C",80,26,37.3333333333333,1.94591014905531,6,14,8,14,8
"GREEN CHRISTMAS TREE CARD HOLDER","22187",2011,10,437,879.75,2.1,45,"A",139,12,196,6.08221891037645,437,370,469,442,469
"GREEN CHRISTMAS TREE CARD HOLDER","22187",2011,11,535,1115.23,2.32492063492063,62,"A",437,139,370.333333333333,6.2841341610708,535,514,449,483,449
"GREEN CHRISTMAS TREE CARD HOLDER","22187",2011,12,11,27.79,4.06333333333333,3,"A",535,437,327.666666666667,2.484906649788,11,22,17,30,17
"GREEN CHRISTMAS TREE STRING 20LIGHT","85045",2011,10,1,4.95,4.95,1,"C",2,28,10.3333333333333,0.693147180559945,1,3,2,2,2
"GREEN CHRISTMAS TREE STRING 20LIGHT","85045",2011,11,4,19.8,4.95,2,"C",1,2,2.33333333333333,1.6094379124341,4,3,4,4,4
"GREEN DRAWER KNOB ACRYLIC EDWARDIAN","22773",2011,10,85,106.25,1.25,10,"B",177,65,109,4.45434729625351,85,86,87,82,87
"GREEN DRAWER KNOB ACRYLIC EDWARDIAN","22773",2011,11,98,122.5,1.25,9,"B",85,177,120,4.59511985013459,98,87,95,75,95
"GREEN DRAWER KNOB ACRYLIC EDWARDIAN","22773",2011,12,36,45,1.25,3,"B",98,85,73,3.61091791264422,36,21,25,22,25
"GREEN ENAMEL FLOWER RING","90201D",2011,10,1,2.95,2.95,1,"C",26,9,12,0.693147180559945,1,3,3,4,3
"GREEN ENAMEL+GLASS HAIR COMB","90209B",2011,10,1,2.1,2.1,1,"C",57,8,22,0.693147180559945,1,4,2,4,2
"GREEN FERN JOURNAL","20768",2011,10,10,25.5,2.55,5,"C",7,12,9.66666666666667,2.39789527279837,10,12,11,14,11
"GREEN FERN JOURNAL","20768",2011,11,42,90.9,2.475,6,"C",10,7,19.6666666666667,3.76120011569356,42,38,39,36,39
"GREEN FERN JOURNAL","20768",2011,12,8,22.81,3.35333333333333,3,"C",42,10,20,2.19722457733622,8,11,9,12,9
"GREEN FERN POCKET BOOK","20756",2011,10,16,13.6,0.85,6,"C",1,9,8.66666666666667,2.83321334405622,16,15,13,19,13
"GREEN FERN POCKET BOOK","20756",2011,11,13,11.05,0.85,5,"C",16,1,10,2.63905732961526,13,13,13,17,13
"GREEN FERN SKETCHBOOK","20762",2011,10,7,29.96,4.28,7,"C",7,9,7.66666666666667,2.07944154167984,7,11,7,12,7
"GREEN FERN SKETCHBOOK","20762",2011,11,6,22.5,3.75,6,"C",7,7,6.66666666666667,1.94591014905531,6,9,8,10,8
"GREEN FERN SKETCHBOOK","20762",2011,12,1,3.75,3.75,1,"C",6,7,4.66666666666667,0.693147180559945,1,2,1,2,1
"GREEN GEISHA GIRL","84870C",2011,10,5,18.75,3.75,2,"C",1,5,3.66666666666667,1.79175946922805,5,4,4,4,4
"GREEN GLASS TASSLE BAG CHARM","90129C",2011,10,8,23.6,2.95,2,"C",3,2,4.33333333333333,2.19722457733622,8,7,8,6,8
"GREEN GLASS TASSLE BAG CHARM","90129C",2011,12,1,2.95,2.95,1,"C",8,3,4,0.693147180559945,1,2,1,2,1
"GREEN GOOSE FEATHER CHRISTMAS TREE","21261",2011,10,31,91.45,2.95,8,"C",84,26,47,3.46573590279973,31,37,26,29,26
"GREEN GOOSE FEATHER CHRISTMAS TREE","21261",2011,11,17,50.15,2.95,6,"C",31,84,44,2.89037175789616,17,24,21,23,21
"GREEN GOOSE FEATHER CHRISTMAS TREE","21261",2011,12,1,2.95,2.95,1,"C",17,31,16.3333333333333,0.693147180559945,1,6,2,3,2
"GREEN GOOSE FEATHER TREE 60CM","21263",2011,10,40,78,1.95,9,"C",33,28,33.6666666666667,3.71357206670431,40,40,40,43,40
"GREEN GOOSE FEATHER TREE 60CM","21263",2011,11,47,91.65,1.95,13,"C",40,33,40,3.87120101090789,47,53,52,57,52
"GREEN GOOSE FEATHER TREE 60CM","21263",2011,12,11,21.45,1.95,5,"C",47,40,32.6666666666667,2.484906649788,11,20,16,22,16
"GREEN HEART COMPACT MIRROR","84876B",2011,10,6,7.5,1.25,3,"C",58,24,29.3333333333333,1.94591014905531,6,14,11,13,11
"GREEN HEART COMPACT MIRROR","84876B",2011,11,41,51.25,1.25,9,"C",6,58,35,3.73766961828337,41,41,41,40,41
"GREEN JUICY FRUIT PHOTO FRAME","85124C",2011,10,1,2.55,2.55,1,"C",12,4,5.66666666666667,0.693147180559945,1,2,1,2,1
"GREEN METAL BOX ARMY SUPPLIES","23081",2011,10,99,785.51,8.56272727272727,22,"A",94,25,72.6666666666667,4.60517018598809,99,81,84,79,84
"GREEN METAL BOX ARMY SUPPLIES","23081",2011,11,92,755.38,8.53259259259259,27,"A",99,94,95,4.53259949315326,92,97,94,105,94
"GREEN METAL BOX ARMY SUPPLIES","23081",2011,12,41,314.25,8.03571428571429,7,"A",92,99,77.3333333333333,3.73766961828337,41,34,28,31,28
"GREEN MURANO TWIST BRACELET","90120C",2011,11,10,42.5,4.25,1,"C",4,4,6,2.39789527279837,10,8,11,5,11
"GREEN MURANO TWIST NECKLACE","90124C",2011,10,2,19.9,9.95,1,"C",1,3,2,1.09861228866811,2,1,2,1,2
"GREEN PEONY CUSHION COVER","84984A",2011,11,6,27.9,4.65,1,"C",5,2,4.33333333333333,1.94591014905531,6,5,5,3,5
"GREEN POLKADOT BOWL","20674",2011,10,148,171.32,1.23272727272727,11,"B",105,71,108,5.00394630594546,148,135,165,132,165
"GREEN POLKADOT BOWL","20674",2011,11,95,119.96,1.3105,20,"B",148,105,116,4.56434819146784,95,116,101,118,101
"GREEN POLKADOT BOWL","20674",2011,12,33,41.25,1.25,5,"B",95,148,92,3.52636052461616,33,39,31,41,31
"GREEN POLKADOT PLATE","21245",2011,10,62,104.78,1.69,7,"B",26,53,47,4.14313472639153,62,57,55,49,55
"GREEN POLKADOT PLATE","21245",2011,11,41,70.89,1.86777777777778,9,"B",62,26,43,3.73766961828337,41,46,41,45,41
"GREEN POLKADOT PLATE","21245",2011,12,112,166.24,1.57,2,"B",41,62,71.6666666666667,4.72738781871234,112,51,68,34,68
"GREEN REGENCY TEACUP AND SAUCER","22697",2011,10,590,1650.34,3.15357142857143,55,"A",759,492,613.666666666667,6.3818160174061,590,594,605,521,605
"GREEN REGENCY TEACUP AND SAUCER","22697",2011,11,419,1192.65,3.04714285714286,62,"A",590,759,589.333333333333,6.04025471127741,419,547,519,563,519
"GREEN REGENCY TEACUP AND SAUCER","22697",2011,12,267,726.13,3.01888888888889,18,"A",419,590,425.333333333333,5.59098698051086,267,259,256,262,256
"GREEN ROSE WASHBAG","84912B",2011,10,9,33.75,3.75,4,"C",14,15,12.6666666666667,2.30258509299405,9,10,8,9,8
"GREEN ROSE WASHBAG","84912B",2011,11,16,60,3.75,5,"C",9,14,13,2.83321334405622,16,16,15,16,15
"GREEN ROUND COMPACT MIRROR","84877B",2011,11,27,33.75,1.25,3,"C",1,26,18,3.3322045101752,27,22,23,19,23
"GREEN SQUARE COMPACT MIRROR","84875B",2011,10,3,3.75,1.25,2,"C",25,2,10,1.38629436111989,3,5,4,7,4
"GREEN SQUARE COMPACT MIRROR","84875B",2011,11,42,52.5,1.25,5,"C",3,25,23.3333333333333,3.76120011569356,42,36,37,36,37
"GREEN SWEETHEART BRACELET","90200E",2011,10,26,98.5,4.08333333333333,3,"C",5,3,11.3333333333333,3.29583686600433,26,22,26,19,26
"GREEN SWEETHEART BRACELET","90200E",2011,11,1,4.25,4.25,1,"C",26,5,10.6666666666667,0.693147180559945,1,3,2,3,2
"GREEN SWEETHEART BRACELET","90200E",2011,12,9,38.25,4.25,2,"C",1,26,12,2.30258509299405,9,9,7,7,7
"GREEN VINTAGE EARRINGS","90013C",2011,11,5,18.75,3.75,2,"C",4,2,3.66666666666667,1.79175946922805,5,5,5,4,5
"GREEN VINTAGE SPOT BEAKER","23288",2011,10,99,84.15,0.85,12,"A",2108,916,1041,4.60517018598809,99,621,546,589,546
"GREEN VINTAGE SPOT BEAKER","23288",2011,11,150,115.02,0.839166666666667,12,"A",99,2108,785.666666666667,5.01727983681492,150,321,161,313,161
"GREEN VINTAGE SPOT BEAKER","23288",2011,12,15,12.75,0.85,3,"A",150,99,88,2.77258872223978,15,26,21,36,21
"GREEN WIRE STANDING CANDLE HOLDER","84882",2011,11,3,11.25,3.75,2,"C",5,1,3,1.38629436111989,3,3,3,4,3
"GREETING CARD, OVERCROWDED POOL.","84251G",2011,10,36,6.84,0.19,3,"C",12,36,28,3.61091791264422,36,36,34,48,34
"GREETING CARD, OVERCROWDED POOL.","84251G",2011,12,36,6.84,0.19,3,"C",36,12,28,3.61091791264422,36,33,34,44,34
"GREETING CARD,SQUARE, DOUGHNUTS","84249A",2011,10,3,2.49,0.83,1,"C",25,36,21.3333333333333,1.38629436111989,3,9,7,7,7
"GREY HEART HOT WATER BOTTLE","22113",2011,10,548,2078.13,4.29716216216216,71,"A",457,141,382,6.30809844150953,548,474,476,438,476
"GREY HEART HOT WATER BOTTLE","22113",2011,11,662,2717.5,4.22674418604651,122,"A",548,457,555.666666666667,6.49677499018586,662,636,684,549,684
"GREY HEART HOT WATER BOTTLE","22113",2011,12,117,503.67,4.35354838709677,30,"A",662,548,442.333333333333,4.77068462446567,117,254,220,304,220
"GROOVY CACTUS INFLATABLE","10080",2011,10,6,2.34,0.39,3,"C",60,60,42,1.94591014905531,6,24,15,27,15
"GROOVY CACTUS INFLATABLE","10080",2011,11,91,35.49,0.39,6,"C",6,60,52.3333333333333,4.52178857704904,91,73,78,91,78
"GROW A FLYTRAP OR SUNFLOWER IN TIN","22693",2011,10,889,1074.77,1.23592592592593,27,"A",408,312,536.333333333333,6.79122146272619,889,756,856,689,856
"GROW A FLYTRAP OR SUNFLOWER IN TIN","22693",2011,11,1056,1260.72,1.23733333333333,30,"A",889,408,784.333333333333,6.96318998587024,1056,895,890,810,890
"GROW A FLYTRAP OR SUNFLOWER IN TIN","22693",2011,12,240,263.52,1.18666666666667,3,"A",1056,889,728.333333333333,5.48479693349065,240,72,115,92,115
"GROW YOUR OWN BASIL IN ENAMEL MUG","22441",2011,10,123,242.3,2.07727272727273,11,"B",91,18,77.3333333333333,4.82028156560504,123,105,114,99,114
"GROW YOUR OWN BASIL IN ENAMEL MUG","22441",2011,11,147,308.7,2.1,31,"B",123,91,120.333333333333,4.99721227376411,147,136,140,160,140
"GROW YOUR OWN BASIL IN ENAMEL MUG","22441",2011,12,55,115.5,2.1,6,"B",147,123,108.333333333333,4.02535169073515,55,46,52,55,52
"GROW YOUR OWN FLOWERS SET OF 3","22442",2011,10,10,72.3,7.65,4,"B",3,5,6,2.39789527279837,10,9,9,10,9
"GROW YOUR OWN FLOWERS SET OF 3","22442",2011,11,13,100.95,7.77857142857143,7,"B",10,3,8.66666666666667,2.63905732961526,13,13,12,12,12
"GROW YOUR OWN FLOWERS SET OF 3","22442",2011,12,193,400.35,2.23571428571429,21,"B",13,10,72,5.26785815906333,193,176,202,240,202
"GUMBALL COAT RACK","22467",2011,10,802,1839.32,2.58854545454545,55,"A",822,375,666.333333333333,6.68835471394676,802,699,736,721,736
"GUMBALL COAT RACK","22467",2011,11,974,2196.92,2.5377380952381,82,"A",802,822,866,6.88243747099785,974,938,905,975,905
"GUMBALL COAT RACK","22467",2011,12,278,660.3,2.5125,24,"A",974,802,684.666666666667,5.63121178182137,278,489,399,451,399
"GUMBALL MAGAZINE RACK","22781",2011,10,35,256.95,7.575,12,"A",41,32,36,3.58351893845611,35,36,37,39,37
"GUMBALL MAGAZINE RACK","22781",2011,11,41,320.96,8.0155,20,"A",35,41,39,3.73766961828337,41,46,42,46,42
"GUMBALL MAGAZINE RACK","22781",2011,12,8,75.82,9.4775,4,"A",41,35,28,2.19722457733622,8,11,10,14,10
"GYMKHANA TREASURE BOOK BOX","23194",2011,10,76,173.33,2.35590909090909,22,"A",208,236,173.333333333333,4.34380542185368,76,123,96,143,96
"GYMKHANA TREASURE BOOK BOX","23194",2011,11,538,1075.5,2.23,29,"A",76,208,274,6.289715570909,538,472,532,456,532
"GYMKHANA TREASURE BOOK BOX","23194",2011,12,26,58.5,2.25,9,"A",538,76,213.333333333333,3.29583686600433,26,84,70,64,70
"HAIRCLIPS FORTIES FABRIC ASSORTED","22319",2011,10,121,78.65,0.65,9,"C",36,96,84.3333333333333,4.80402104473326,121,114,121,123,121
"HAIRCLIPS FORTIES FABRIC ASSORTED","22319",2011,11,60,39,0.65,4,"C",121,36,72.3333333333333,4.11087386417331,60,55,51,54,51
"HAIRCLIPS FORTIES FABRIC ASSORTED","22319",2011,12,624,118.56,0.19,11,"C",60,121,268.333333333333,6.4377516497364,624,465,690,575,690
"HAND OPEN SHAPE GOLD","35001G",2011,10,33,114.45,3.82,4,"C",2,6,13.6666666666667,3.52636052461616,33,26,32,24,32
"HAND OPEN SHAPE GOLD","35001G",2011,11,24,102,4.25,6,"C",33,2,19.6666666666667,3.2188758248682,24,21,20,18,20
"HAND OPEN SHAPE GOLD","35001G",2011,12,27,33.75,1.25,3,"C",24,33,28,3.3322045101752,27,27,27,22,27
"HAND OVER THE CHOCOLATE   SIGN","85152",2011,10,1312,2311.68,2.1858904109589,73,"A",833,232,792.333333333333,7.1800698743028,1312,1046,1134,1031,1134
"HAND OVER THE CHOCOLATE   SIGN","85152",2011,11,572,1059.29,2.15212765957447,47,"A",1312,833,905.666666666667,6.35088571671474,572,704,707,766,707
"HAND OVER THE CHOCOLATE   SIGN","85152",2011,12,867,1707.43,2.1675,20,"A",572,1312,917,6.76619171466035,867,546,540,577,540
"HAND TOWEL PINK FLOWER AND DAISY","84915",2011,10,6,28.42,4.73666666666667,3,"C",40,10,18.6666666666667,1.94591014905531,6,8,8,10,8
"HAND TOWEL PINK FLOWER AND DAISY","84915",2011,11,1,4.13,4.13,1,"C",6,40,15.6666666666667,0.693147180559945,1,3,2,3,2
"HAND WARMER BABUSHKA DESIGN","22834",2011,10,176,371.63,2.16548387096774,31,"A",97,25,99.3333333333333,5.17614973257383,176,161,172,167,172
"HAND WARMER BABUSHKA DESIGN","22834",2011,11,236,471.6,2.09431818181818,43,"A",176,97,169.666666666667,5.46806014113513,236,247,241,274,241
"HAND WARMER BABUSHKA DESIGN","22834",2011,12,69,144.9,2.1,14,"A",236,176,160.333333333333,4.24849524204936,69,103,91,112,91
"HAND WARMER BIRD DESIGN","22867",2011,10,958,1973.95,2.13358490566038,104,"A",1350,75,794.333333333333,6.86589107488344,958,936,871,947,871
"HAND WARMER BIRD DESIGN","22867",2011,11,1432,2939.26,2.11033783783784,146,"A",958,1350,1246.66666666667,7.26752542782817,1432,1305,1326,1334,1326
"HAND WARMER BIRD DESIGN","22867",2011,12,727,1460.79,2.1256,50,"A",1432,958,1039,6.59030104819669,727,848,817,927,817
"HAND WARMER OWL DESIGN","22865",2011,10,1630,3269.84,2.13753731343284,131,"A",2102,278,1336.66666666667,7.39694860262101,1630,1235,1089,1153,1089
"HAND WARMER OWL DESIGN","22865",2011,11,2283,4615.47,2.11251282051282,192,"A",1630,2102,2005,7.7336835707759,2283,2266,2163,2135,2163
"HAND WARMER OWL DESIGN","22865",2011,12,771,1577.19,2.1225,66,"A",2283,1630,1561.33333333333,6.64898455002478,771,1179,1014,1010,1014
"HAND WARMER RED LOVE HEART","23439",2011,10,845,1702.5,2.09202127659574,91,"A",1048,13,635.333333333333,6.74051935960622,845,762,827,853,827
"HAND WARMER RED LOVE HEART","23439",2011,11,1353,2793.3,2.09846625766871,153,"A",845,1048,1082,7.21081845347222,1353,1186,1489,1272,1489
"HAND WARMER RED LOVE HEART","23439",2011,12,462,970.2,2.1,54,"A",1353,845,886.666666666667,6.13772705408623,462,730,589,788,589
"HAND WARMER RED RETROSPOT","22632",2011,10,719,1456.14,2.09253333333333,75,"A",1019,222,653.333333333333,6.5792512120101,719,665,751,759,751
"HAND WARMER RED RETROSPOT","22632",2011,11,1342,2662.68,2.0881981981982,108,"A",719,1019,1026.66666666667,7.20266119652324,1342,1177,1223,1205,1223
"HAND WARMER RED RETROSPOT","22632",2011,12,251,527.1,2.1,30,"A",1342,719,770.666666666667,5.52942908751142,251,582,449,615,449
"HAND WARMER SCOTTY DOG DESIGN","22866",2011,10,1069,2131.62,2.0944,96,"A",1472,146,895.666666666667,6.97541392745595,1069,891,911,846,911
"HAND WARMER SCOTTY DOG DESIGN","22866",2011,11,2039,4084.14,2.08909638554217,161,"A",1069,1472,1526.66666666667,7.62070508683826,2039,1550,1623,1567,1623
"HAND WARMER SCOTTY DOG DESIGN","22866",2011,12,527,1058.7,2.08863636363636,44,"A",2039,1069,1211.66666666667,6.26909628370626,527,811,724,1128,724
"HAND WARMER UNION JACK","22633",2011,10,1442,2842.68,2.08555555555556,105,"A",679,169,763.333333333333,7.27447955877387,1442,1157,1298,1183,1298
"HAND WARMER UNION JACK","22633",2011,11,1055,2155.98,2.09557142857143,137,"A",1442,679,1058.66666666667,6.96224346426621,1055,1102,1078,1177,1078
"HAND WARMER UNION JACK","22633",2011,12,438,919.8,2.1,43,"A",1055,1442,978.333333333333,6.08449941307517,438,645,528,718,528
"HANGING  BUTTERFLY T-LIGHT HOLDER","23483",2011,12,222,247.26,1.1975,8,"B",600,488,436.666666666667,5.40717177146012,222,227,206,206,206
"HANGING BAUBLE T-LIGHT HOLDER LARGE","20894",2011,10,2,5.9,2.95,2,"C",5,1,2.66666666666667,1.09861228866811,2,3,2,3,2
"HANGING BAUBLE T-LIGHT HOLDER LARGE","20894",2011,11,13,38.35,2.95,3,"C",2,5,6.66666666666667,2.63905732961526,13,12,14,12,14
"HANGING BAUBLE T-LIGHT HOLDER SMALL","20893",2011,10,22,56.1,2.55,4,"C",1,7,10,3.13549421592915,22,18,23,20,23
"HANGING BAUBLE T-LIGHT HOLDER SMALL","20893",2011,11,5,12.75,2.55,3,"C",22,1,9.33333333333333,1.79175946922805,5,7,5,7,5
"HANGING BAUBLE T-LIGHT HOLDER SMALL","20893",2011,12,59,123.9,2.1,1,"C",5,22,28.6666666666667,4.0943445622221,59,21,40,17,40
"HANGING CHICK  YELLOW DECORATION","22292",2011,10,3,4.35,1.45,1,"B",28,24,18.3333333333333,1.38629436111989,3,5,3,5,3
"HANGING CHICK  YELLOW DECORATION","22292",2011,11,9,13.05,1.45,4,"B",3,28,13.3333333333333,2.30258509299405,9,11,10,14,10
"HANGING CHICK CREAM DECORATION","22291",2011,11,2,2.9,1.45,2,"B",54,38,31.3333333333333,1.09861228866811,2,10,8,9,8
"HANGING CHICK GREEN DECORATION","22293",2011,10,7,10.15,1.45,2,"B",35,76,39.3333333333333,2.07944154167984,7,11,12,9,12
"HANGING CHICK GREEN DECORATION","22293",2011,11,8,11.6,1.45,4,"B",7,35,16.6666666666667,2.19722457733622,8,11,10,15,10
"HANGING CLEAR MINI BOTTLE","23327",2011,10,360,211.44,0.622,9,"B",675,381,472,5.88887795833288,360,299,269,242,269
"HANGING CLEAR MINI BOTTLE","23327",2011,11,290,167.34,0.61,4,"B",360,675,441.666666666667,5.67332326717149,290,137,91,130,91
"HANGING CLEAR MINI BOTTLE","23327",2011,12,4,2.52,0.63,1,"B",290,360,218,1.6094379124341,4,21,19,17,19
"HANGING ENGRAVED METAL HEART","23067",2011,10,57,236.55,4.15,10,"B",21,15,31,4.06044301054642,57,50,53,46,53
"HANGING ENGRAVED METAL HEART","23067",2011,11,44,182.6,4.15,12,"B",57,21,40.6666666666667,3.80666248977032,44,47,42,41,42
"HANGING ENGRAVED METAL HEART","23067",2011,12,3,12.45,4.15,3,"B",44,57,34.6666666666667,1.38629436111989,3,12,9,12,9
"HANGING FAIRY CAKE DECORATION","35924",2011,10,83,142.32,1.936,5,"B",72,19,58,4.43081679884331,83,61,70,54,70
"HANGING FAIRY CAKE DECORATION","35924",2011,11,10,21,2.1,2,"B",83,72,55,2.39789527279837,10,12,12,12,12
"HANGING HEART BONHEUR","23398",2011,11,132,112.2,0.85,17,"C",138,246,172,4.89034912822175,132,151,129,184,129
"HANGING HEART BONHEUR","23398",2011,12,71,60.35,0.85,6,"C",132,138,113.666666666667,4.27666611901606,71,59,64,69,64
"HANGING HEART JAR T-LIGHT HOLDER","84978",2011,10,455,550.65,1.29868421052632,37,"A",693,885,677.666666666667,6.12249280951439,455,554,505,545,505
"HANGING HEART JAR T-LIGHT HOLDER","84978",2011,11,786,910.89,1.27369565217391,45,"A",455,693,644.666666666667,6.6682282484174,786,721,733,712,733
"HANGING HEART JAR T-LIGHT HOLDER","84978",2011,12,200,243.16,1.24,18,"A",786,455,480.333333333333,5.30330490805908,200,323,260,309,260
"HANGING HEART MIRROR DECORATION","22227",2011,10,125,77.65,0.675,20,"B",155,92,124,4.83628190695148,125,140,124,153,124
"HANGING HEART MIRROR DECORATION","22227",2011,11,169,112.85,0.698,22,"B",125,155,149.666666666667,5.13579843705026,169,177,165,198,165
"HANGING HEART MIRROR DECORATION","22227",2011,12,64,43.4,0.735714285714286,6,"B",169,125,119.333333333333,4.17438726989564,64,62,66,80,66
"HANGING HEART WITH BELL","21811",2011,10,1794,701.73,0.432244897959184,44,"B",742,172,902.666666666667,7.49276030092238,1794,1140,1559,1306,1559
"HANGING HEART WITH BELL","21811",2011,11,1232,480.48,0.39,51,"B",1794,742,1256,7.11720550316434,1232,1140,1195,1368,1195
"HANGING HEART ZINC T-LIGHT HOLDER","84970S",2011,10,463,381.55,0.981923076923077,26,"A",522,287,424,6.13988455222626,463,457,426,448,426
"HANGING HEART ZINC T-LIGHT HOLDER","84970S",2011,11,433,396.97,1.00032258064516,31,"A",463,522,472.666666666667,6.07304453410041,433,440,428,456,428
"HANGING HEART ZINC T-LIGHT HOLDER","84970S",2011,12,322,323.86,0.96,10,"A",433,463,406,5.77765232322266,322,251,234,214,234
"HANGING HEN ON NEST DECORATION","22285",2011,10,13,21.45,1.65,2,"B",72,25,36.6666666666667,2.63905732961526,13,12,12,13,12
"HANGING HEN ON NEST DECORATION","22285",2011,11,21,34.65,1.65,4,"B",13,72,35.3333333333333,3.09104245335832,21,25,23,22,23
"HANGING HEN ON NEST DECORATION","22285",2011,12,12,19.8,1.65,1,"B",21,13,15.3333333333333,2.56494935746154,12,8,9,6,9
"HANGING JAM JAR T-LIGHT HOLDERS","71459",2011,10,457,363.49,0.835555555555555,18,"B",996,24,492.333333333333,6.12686918411419,457,459,467,373,467
"HANGING JAM JAR T-LIGHT HOLDERS","71459",2011,11,852,671.52,0.897307692307692,26,"B",457,996,768.333333333333,6.74875954749168,852,809,742,823,742
"HANGING JAM JAR T-LIGHT HOLDERS","71459",2011,12,84,71.4,0.85,4,"B",852,457,464.333333333333,4.44265125649032,84,102,52,74,52
"HANGING METAL CHICKEN DECORATION","22289",2011,11,1,1.25,1.25,1,"C",6,2,3,0.693147180559945,1,2,1,2,1
"HANGING METAL HEART LANTERN","22464",2011,10,232,379.64,1.71545454545455,22,"A",214,194,213.333333333333,5.4510384535657,232,231,244,221,244
"HANGING METAL HEART LANTERN","22464",2011,11,336,533.8,1.76076923076923,25,"A",232,214,260.666666666667,5.82008293035236,336,325,336,281,336
"HANGING METAL HEART LANTERN","22464",2011,12,465,390.57,0.9276,25,"A",336,232,344.333333333333,6.14418563412565,465,443,458,427,458
"HANGING METAL RABBIT DECORATION","22288",2011,11,3,3.75,1.25,3,"C",18,8,9.66666666666667,1.38629436111989,3,7,5,8,5
"HANGING METAL STAR LANTERN","22465",2011,10,237,387.89,1.71,24,"A",247,49,177.666666666667,5.47227067367148,237,221,223,230,223
"HANGING METAL STAR LANTERN","22465",2011,11,299,483.99,1.69592592592593,27,"A",237,247,261,5.7037824746562,299,302,289,270,289
"HANGING METAL STAR LANTERN","22465",2011,12,441,380.75,0.959333333333333,28,"A",299,237,325.666666666667,6.0913098820777,441,418,422,399,422
"HANGING MINI COLOURED BOTTLES","23326",2011,10,712,433.2,0.622727272727273,11,"B",791,1249,917.333333333333,6.5694814204143,712,519,530,580,530
"HANGING MINI COLOURED BOTTLES","23326",2011,11,179,112.77,0.63,7,"B",712,791,560.666666666667,5.19295685089021,179,219,243,239,243
"HANGING MINI COLOURED BOTTLES","23326",2011,12,438,233.7,0.593333333333333,3,"B",179,712,443,6.08449941307517,438,92,81,96,81
"HANGING PHOTO CLIP ROPE LADDER","47480",2011,10,11,24.71,2.06,8,"B",28,6,15,2.484906649788,11,20,14,28,14
"HANGING PHOTO CLIP ROPE LADDER","47480",2011,11,21,44.49,2.634,5,"B",11,28,20,3.09104245335832,21,21,20,20,20
"HANGING PHOTO CLIP ROPE LADDER","47480",2011,12,101,155.65,2.37,2,"B",21,11,44.3333333333333,4.62497281328427,101,51,80,48,80
"HANGING QUILTED PATCHWORK APPLES","23433",2011,10,253,209.99,0.83,18,"B",625,72,316.666666666667,5.53733426701854,253,273,318,303,318
"HANGING QUILTED PATCHWORK APPLES","23433",2011,11,237,196.71,0.83,19,"B",253,625,371.666666666667,5.47227067367148,237,300,242,271,242
"HANGING QUILTED PATCHWORK APPLES","23433",2011,12,28,23.24,0.83,3,"B",237,253,172.666666666667,3.36729582998647,28,47,45,42,45
"HANGING SPRING FLOWER EGG LARGE","85194L",2011,11,11,9.35,0.85,1,"B",160,291,154,2.484906649788,11,17,9,12,9
"HANGING SPRING FLOWER EGG SMALL","85194S",2011,10,213,40.47,0.19,6,"C",59,48,106.666666666667,5.36597601502185,213,180,202,219,202
"HANGING SPRING FLOWER EGG SMALL","85194S",2011,11,92,17.48,0.19,4,"C",213,59,121.333333333333,4.53259949315326,92,105,92,89,92
"HANGING SPRING FLOWER EGG SMALL","85194S",2011,12,65,12.35,0.19,3,"C",92,213,123.333333333333,4.18965474202643,65,74,55,72,55
"HANGING WOOD AND FELT BUTTERFLY","85203",2011,10,24,10.08,0.42,1,"C",43,5,24,3.2188758248682,24,13,19,11,19
"HANGING WOOD AND FELT BUTTERFLY","85203",2011,11,45,18.9,0.42,5,"C",24,43,37.3333333333333,3.8286413964891,45,45,43,54,43
"HANGING WOOD AND FELT BUTTERFLY","85203",2011,12,24,10.08,0.42,1,"C",45,24,31,3.2188758248682,24,12,16,11,16
"HANGING WOOD AND FELT FLOWER","85204",2011,10,495,59.4,0.12,5,"C",291,121,302.333333333333,6.20657592672493,495,325,387,298,387
"HANGING WOOD AND FELT FLOWER","85204",2011,11,245,29.4,0.12,7,"C",495,291,343.666666666667,5.50533153593236,245,271,264,252,264
"HANGING WOOD AND FELT FLOWER","85204",2011,12,8,0.96,0.12,1,"C",245,495,249.333333333333,2.19722457733622,8,62,24,25,24
"HANGING WOOD AND FELT HEART","85202",2011,11,50,21,0.42,5,"C",16,7,24.3333333333333,3.93182563272433,50,46,51,50,51
"HAPPY EASTER HANGING DECORATION","22270",2011,10,1,3.75,3.75,1,"B",2,5,2.66666666666667,0.693147180559945,1,1,1,2,1
"HAPPY EASTER HANGING DECORATION","22270",2011,11,5,18.75,3.75,2,"B",1,2,2.66666666666667,1.79175946922805,5,4,5,4,5
"HAPPY STENCIL CRAFT","22563",2011,10,277,320.1,1.28642857142857,28,"A",257,108,214,5.62762111369064,277,270,267,249,267
"HAPPY STENCIL CRAFT","22563",2011,11,297,373.67,1.28903225806452,60,"A",277,257,277,5.6970934865054,297,341,314,381,314
"HAPPY STENCIL CRAFT","22563",2011,12,337,380.21,1.22466666666667,15,"A",297,277,303.666666666667,5.82304589548302,337,312,304,290,304
"HARDMAN MUG 3 ASSORTED","37468",2011,10,1,0.39,0.39,1,"C",38,2,13.6666666666667,0.693147180559945,1,5,3,5,3
"HAWAIIAN GRASS SKIRT","21562",2011,10,13,16.25,1.25,2,"C",84,12,36.3333333333333,2.63905732961526,13,7,9,12,9
"HAWAIIAN GRASS SKIRT","21562",2011,11,25,31.25,1.25,3,"C",13,84,40.6666666666667,3.25809653802148,25,19,19,19,19
"HEADS AND TAILS SPORTING FUN","22548",2011,10,106,134.92,1.305,21,"B",591,70,255.666666666667,4.67282883446191,106,191,122,152,122
"HEADS AND TAILS SPORTING FUN","22548",2011,11,75,84.63,1.22888888888889,9,"B",106,591,257.333333333333,4.33073334028633,75,150,136,119,136
"HEART BEADED TRELLIS DECORATION","23060",2011,10,25,52,2.08,4,"C",53,18,32,3.25809653802148,25,27,23,22,23
"HEART BEADED TRELLIS DECORATION","23060",2011,11,41,85.28,2.08,10,"C",25,53,39.6666666666667,3.73766961828337,41,43,46,55,46
"HEART BEADED TRELLIS DECORATION","23060",2011,12,22,45.76,2.08,3,"C",41,25,29.3333333333333,3.13549421592915,22,21,20,20,20
"HEART CALCULATOR","20985",2011,10,121,132.25,1.23272727272727,11,"B",27,118,88.6666666666667,4.80402104473326,121,121,118,105,118
"HEART CALCULATOR","20985",2011,11,59,76.17,1.371,18,"B",121,27,69,4.0943445622221,59,76,60,77,60
"HEART CALCULATOR","20985",2011,12,24,31.21,1.45166666666667,5,"B",59,121,68,3.2188758248682,24,35,31,34,31
"HEART DECORATION PAINTED ZINC","22335",2011,10,162,101.1,0.68125,14,"B",134,398,231.333333333333,5.09375020080676,162,182,166,208,166
"HEART DECORATION PAINTED ZINC","22335",2011,11,81,53.25,0.685294117647059,15,"B",162,134,125.666666666667,4.40671924726425,81,117,103,138,103
"HEART DECORATION PAINTED ZINC","22335",2011,12,31,20.15,0.65,6,"B",81,162,91.3333333333333,3.46573590279973,31,54,46,56,46
"HEART DECORATION RUSTIC HANGING","22161",2011,10,1060,201.4,0.19,38,"B",497,428,661.666666666667,6.96696713861398,1060,930,1242,961,1242
"HEART DECORATION RUSTIC HANGING","22161",2011,11,563,106.97,0.19,23,"B",1060,497,706.666666666667,6.33505425149806,563,635,739,832,739
"HEART DECORATION RUSTIC HANGING","22161",2011,12,142,26.98,0.19,4,"B",563,1060,588.333333333333,4.96284463025991,142,309,240,229,240
"HEART DECORATION WITH PEARLS","22156",2011,10,161,136.07,0.939375,15,"B",135,243,179.666666666667,5.08759633523238,161,164,154,192,154
"HEART DECORATION WITH PEARLS","22156",2011,11,239,203.15,0.85,23,"B",161,135,178.333333333333,5.48063892334199,239,226,220,234,220
"HEART DECORATION WITH PEARLS","22156",2011,12,74,62.9,0.85,4,"B",239,161,158,4.31748811353631,74,67,57,56,57
"HEART FILIGREE DOVE  SMALL","22294",2011,10,425,526.69,1.2424,23,"A",872,323,540,6.05443934626937,425,471,478,467,478
"HEART FILIGREE DOVE  SMALL","22294",2011,11,410,512.5,1.25,25,"A",425,872,569,6.01859321449623,410,435,371,431,371
"HEART FILIGREE DOVE  SMALL","22294",2011,12,98,122.5,1.25,5,"A",410,425,311,4.59511985013459,98,98,112,77,112
"HEART FILIGREE DOVE LARGE","22295",2011,10,169,280.49,1.73631578947368,18,"A",275,133,192.333333333333,5.13579843705026,169,181,165,177,165
"HEART FILIGREE DOVE LARGE","22295",2011,11,328,498,1.63333333333333,12,"A",169,275,257.333333333333,5.79605775076537,328,241,256,189,256
"HEART FILIGREE DOVE LARGE","22295",2011,12,46,77.54,1.92333333333333,6,"A",328,169,181,3.85014760171006,46,75,64,72,64
"HEART GARLAND RUSTIC PADDED","22162",2011,10,3,8.85,2.95,2,"C",4,8,5,1.38629436111989,3,5,3,5,3
"HEART GARLAND RUSTIC PADDED","22162",2011,11,14,41.3,2.95,4,"C",3,4,7,2.70805020110221,14,13,14,14,14
"HEART IVORY TRELLIS LARGE","22296",2011,10,128,212.84,1.75933333333333,15,"A",229,203,186.666666666667,4.85981240436167,128,143,148,148,148
"HEART IVORY TRELLIS LARGE","22296",2011,11,197,326.69,1.71307692307692,24,"A",128,229,184.666666666667,5.28826703069454,197,207,192,220,192
"HEART IVORY TRELLIS LARGE","22296",2011,12,46,75.9,1.65,5,"A",197,128,123.666666666667,3.85014760171006,46,52,40,50,40
"HEART IVORY TRELLIS SMALL","22297",2011,10,294,372.34,1.37736842105263,19,"A",272,474,346.666666666667,5.68697535633982,294,289,309,291,309
"HEART IVORY TRELLIS SMALL","22297",2011,11,296,370,1.25,24,"A",294,272,287.333333333333,5.6937321388027,296,291,268,300,268
"HEART IVORY TRELLIS SMALL","22297",2011,12,83,103.75,1.25,5,"A",296,294,224.333333333333,4.43081679884331,83,96,71,73,71
"HEART MINI PORTRAIT FRAME","23452",2011,12,59,115.05,1.95,11,"B",279,172,170,4.0943445622221,59,97,82,112,82
"HEART OF WICKER LARGE","22470",2011,10,608,1688.4,3.01416666666667,94,"A",1067,251,642,6.4118182677099,608,646,662,553,662
"HEART OF WICKER LARGE","22470",2011,11,1666,5007.78,2.98738317757009,104,"A",608,1067,1113.66666666667,7.41878088275079,1666,1229,1469,1191,1469
"HEART OF WICKER LARGE","22470",2011,12,98,294.78,3.07909090909091,22,"A",1666,608,790.666666666667,4.59511985013459,98,491,388,394,388
"HEART OF WICKER SMALL","22469",2011,10,1112,1708.87,1.64584905660377,104,"A",1880,550,1180.66666666667,7.01481435127554,1112,1171,1257,1446,1257
"HEART OF WICKER SMALL","22469",2011,11,2404,4225.92,1.65801526717557,129,"A",1112,1880,1798.66666666667,7.78530518253986,2404,1955,2116,2128,2116
"HEART OF WICKER SMALL","22469",2011,12,154,254.1,1.65,25,"A",2404,1112,1223.33333333333,5.04342511691925,154,669,560,636,560
"HEART SHAPE WIRELESS DOORBELL","79160",2011,10,8,16.8,2.1,6,"B",96,11,38.3333333333333,2.19722457733622,8,22,17,26,17
"HEART SHAPE WIRELESS DOORBELL","79160",2011,11,20,42,2.1,12,"B",8,96,41.3333333333333,3.04452243772342,20,39,22,37,22
"HEART SHAPE WIRELESS DOORBELL","79160",2011,12,8,16.8,2.1,4,"B",20,8,12,2.19722457733622,8,10,9,11,9
"HEART SHAPED HOLLY WREATH","23129",2011,10,293,1225.73,4.45490566037736,53,"A",316,33,214,5.68357976733868,293,262,300,273,300
"HEART SHAPED HOLLY WREATH","23129",2011,11,244,1040.26,4.50130434782609,46,"A",293,316,284.333333333333,5.50125821054473,244,275,260,301,260
"HEART SHAPED HOLLY WREATH","23129",2011,12,16,74.68,5.53,3,"A",244,293,184.333333333333,2.83321334405622,16,23,13,22,13
"HEART STRING MEMO HOLDER HANGING","22163",2011,10,227,179.33,0.79,15,"C",81,6,104.666666666667,5.42934562895444,227,193,249,206,249
"HEART STRING MEMO HOLDER HANGING","22163",2011,11,275,217.25,0.79,16,"C",227,81,194.333333333333,5.62040086571715,275,231,257,216,257
"HEART STRING MEMO HOLDER HANGING","22163",2011,12,12,9.48,0.79,1,"C",275,227,171.333333333333,2.56494935746154,12,22,14,13,14
"HEART T-LIGHT HOLDER","21814",2011,10,4,5.8,1.45,1,"C",2,3,3,1.6094379124341,4,4,4,2,4
"HEART T-LIGHT HOLDER","21814",2011,11,32,46.4,1.45,5,"C",4,2,12.6666666666667,3.49650756146648,32,27,30,35,30
"HEART T-LIGHT HOLDER WILLIE WINKIE","23273",2011,10,253,420.73,1.70857142857143,28,"B",201,157,203.666666666667,5.53733426701854,253,239,252,218,252
"HEART T-LIGHT HOLDER WILLIE WINKIE","23273",2011,11,170,287.06,1.72130434782609,22,"B",253,201,208,5.14166355650266,170,178,166,199,166
"HEART T-LIGHT HOLDER WILLIE WINKIE","23273",2011,12,47,77.55,1.65,5,"B",170,253,156.666666666667,3.87120101090789,47,56,38,52,38
"HEART TRELLIS TRIPLE T-LIGHT HOLDER","23484",2011,12,8,23.12,2.89,1,"C",44,66,39.3333333333333,2.19722457733622,8,3,3,5,3
"HEART WOODEN CHRISTMAS DECORATION","22574",2011,10,348,298.92,0.908157894736842,37,"B",190,42,193.333333333333,5.85507192220243,348,302,355,298,355
"HEART WOODEN CHRISTMAS DECORATION","22574",2011,11,854,757.1,0.89875,63,"B",348,190,464,6.75110146893676,854,736,857,788,857
"HEART WOODEN CHRISTMAS DECORATION","22574",2011,12,293,259.19,0.920909090909091,11,"B",854,348,498.333333333333,5.68357976733868,293,254,190,213,190
"HEART WREATH DECORATION WITH BELL","23212",2011,10,618,706.98,1.23384615384615,36,"A",242,247,369,6.4281052726846,618,540,565,536,565
"HEART WREATH DECORATION WITH BELL","23212",2011,11,479,568.51,1.245,42,"A",618,242,446.333333333333,6.17378610390194,479,484,474,532,474
"HEART WREATH DECORATION WITH BELL","23212",2011,12,143,178.75,1.25,15,"A",479,618,413.333333333333,4.969813299576,143,215,220,238,220
"HEARTS  STICKERS","21677",2011,10,82,69.7,1.16571428571429,7,"C",55,36,57.6666666666667,4.4188406077966,82,78,76,77,76
"HEARTS  STICKERS","21677",2011,11,115,100.87,1.03,13,"C",82,55,84,4.75359019110636,115,114,127,119,127
"HEARTS  STICKERS","21677",2011,12,6,5.1,0.85,1,"C",115,82,67.6666666666667,1.94591014905531,6,6,3,9,3
"HEARTS GIFT TAPE","21879",2011,10,49,31.85,0.65,8,"C",12,3,21.3333333333333,3.91202300542815,49,42,55,57,55
"HEARTS GIFT TAPE","21879",2011,11,6,3.9,0.65,2,"C",49,12,22.3333333333333,1.94591014905531,6,11,8,12,8
"HEARTS GIFT TAPE","21879",2011,12,14,9.1,0.65,2,"C",6,49,23,2.70805020110221,14,12,11,14,11
"HELLO SAILOR BATHROOM SET","84842",2011,11,4,15,3.75,3,"C",3,4,3.66666666666667,1.6094379124341,4,5,5,5,5
"HELLO SAILOR BLUE SOAP HOLDER","84849A",2011,11,9,15.21,1.69,5,"C",29,28,22,2.30258509299405,9,15,15,18,15
"HEN HOUSE DECORATION","22284",2011,10,75,123.75,1.65,5,"B",42,6,41,4.33073334028633,75,62,68,57,68
"HEN HOUSE DECORATION","22284",2011,11,42,69.3,1.65,4,"B",75,42,53,3.76120011569356,42,36,37,38,37
"HEN HOUSE DECORATION","22284",2011,12,12,19.8,1.65,1,"B",42,75,43,2.56494935746154,12,6,7,6,7
"HEN PARTY CORDON BARRIER TAPE","22954",2011,10,5,6.25,1.25,2,"C",25,18,16,1.79175946922805,5,7,7,10,7
"HEN PARTY CORDON BARRIER TAPE","22954",2011,11,7,8.75,1.25,3,"C",5,25,12.3333333333333,2.07944154167984,7,9,9,10,9
"HENRIETTA HEN MUG","23660",2011,12,9,14.85,1.65,3,"C",172,112,97.6666666666667,2.30258509299405,9,19,12,20,12
"HERB MARKER BASIL","22920",2011,10,82,53.3,0.65,7,"B",13,60,51.6666666666667,4.4188406077966,82,73,72,80,72
"HERB MARKER BASIL","22920",2011,11,74,48.1,0.65,11,"B",82,13,56.3333333333333,4.31748811353631,74,74,73,99,73
"HERB MARKER BASIL","22920",2011,12,50,32.5,0.65,7,"B",74,82,68.6666666666667,3.93182563272433,50,57,52,63,52
"HERB MARKER CHIVES","22921",2011,10,77,50.05,0.65,6,"B",66,34,59,4.35670882668959,77,69,79,76,79
"HERB MARKER CHIVES","22921",2011,11,69,44.85,0.65,10,"B",77,66,70.6666666666667,4.24849524204936,69,74,75,84,75
"HERB MARKER CHIVES","22921",2011,12,41,26.65,0.65,6,"B",69,77,62.3333333333333,3.73766961828337,41,44,43,54,43
"HERB MARKER MINT","22919",2011,10,83,53.95,0.65,7,"B",26,72,60.3333333333333,4.43081679884331,83,74,74,80,74
"HERB MARKER MINT","22919",2011,11,68,44.2,0.65,10,"B",83,26,59,4.23410650459726,68,70,81,86,81
"HERB MARKER MINT","22919",2011,12,41,26.65,0.65,6,"B",68,83,64,3.73766961828337,41,46,43,58,43
"HERB MARKER PARSLEY","22918",2011,10,83,53.95,0.65,7,"B",30,60,57.6666666666667,4.43081679884331,83,72,73,83,73
"HERB MARKER PARSLEY","22918",2011,11,82,53.3,0.65,12,"B",83,30,65,4.4188406077966,82,83,87,99,87
"HERB MARKER PARSLEY","22918",2011,12,53,34.45,0.65,7,"B",82,83,72.6666666666667,3.98898404656427,53,62,57,70,57
"HERB MARKER ROSEMARY","22917",2011,10,88,57.2,0.65,8,"B",31,60,59.6666666666667,4.48863636973214,88,81,83,88,83
"HERB MARKER ROSEMARY","22917",2011,11,81,52.65,0.65,11,"B",88,31,66.6666666666667,4.40671924726425,81,82,91,98,91
"HERB MARKER ROSEMARY","22917",2011,12,49,31.85,0.65,7,"B",81,88,72.6666666666667,3.91202300542815,49,61,56,67,56
"HERB MARKER THYME","22916",2011,10,91,59.15,0.65,8,"B",31,71,64.3333333333333,4.52178857704904,91,85,75,91,75
"HERB MARKER THYME","22916",2011,11,69,44.85,0.65,10,"B",91,31,63.6666666666667,4.24849524204936,69,71,64,85,64
"HERB MARKER THYME","22916",2011,12,53,34.45,0.65,6,"B",69,91,71,3.98898404656427,53,53,55,65,55
"HI TEC ALPINE HAND WARMER","70007",2011,10,134,143.7,1.435,8,"C",13,12,53,4.90527477843843,134,113,136,154,136
"HI TEC ALPINE HAND WARMER","70007",2011,11,111,157.35,1.58857142857143,14,"C",134,13,86,4.71849887129509,111,113,106,98,106
"HI TEC ALPINE HAND WARMER","70007",2011,12,47,44.01,1.07666666666667,6,"C",111,134,97.3333333333333,3.87120101090789,47,65,62,61,62
"HILDA CANDY SPOT RABBIT","85096",2011,10,3,11.25,3.75,2,"C",5,3,3.66666666666667,1.38629436111989,3,3,3,3,3
"HILDA CANDY SPOT RABBIT","85096",2011,11,2,7.5,3.75,1,"C",3,5,3.33333333333333,1.09861228866811,2,2,2,2,2
"HILDA CANDY SPOT RABBIT","85096",2011,12,1,3.75,3.75,1,"C",2,3,2,0.693147180559945,1,1,1,2,1
"HIPPY CHIC DECORATIVE PARASOL","21631",2011,11,1,12.75,12.75,1,"B",8,3,4,0.693147180559945,1,2,1,2,1
"HOLIDAY FUN LUDO","22550",2011,10,107,401.25,3.75,32,"A",130,13,83.3333333333333,4.68213122712422,107,124,103,107,103
"HOLIDAY FUN LUDO","22550",2011,11,73,292.3,4.32076923076923,26,"A",107,130,103.333333333333,4.30406509320417,73,94,91,116,91
"HOLIDAY FUN LUDO","22550",2011,12,22,89.92,4.28,7,"A",73,107,67.3333333333333,3.13549421592915,22,31,25,29,25
"HOME BUILDING BLOCK WORD","21754",2011,10,149,910.25,6.228,49,"A",193,157,166.333333333333,5.01063529409626,149,161,141,175,141
"HOME BUILDING BLOCK WORD","21754",2011,11,228,1387.18,6.29584615384615,65,"A",149,193,190,5.43372200355424,228,228,228,258,228
"HOME BUILDING BLOCK WORD","21754",2011,12,49,297.23,6.60230769230769,13,"A",228,149,142,3.91202300542815,49,74,61,81,61
"HOME GARLAND PAINTED ZINC","22342",2011,10,110,82.5,0.75,7,"B",146,85,113.666666666667,4.70953020131233,110,100,103,98,103
"HOME GARLAND PAINTED ZINC","22342",2011,11,55,41.25,0.75,4,"B",110,146,103.666666666667,4.02535169073515,55,61,56,60,56
"HOME SWEET HOME 2 DRAWER CABINET","23405",2011,11,64,310.4,4.9,16,"B",101,54,73,4.17438726989564,64,70,64,64,64
"HOME SWEET HOME 2 DRAWER CABINET","23405",2011,12,16,79.2,4.95,3,"B",64,101,60.3333333333333,2.83321334405622,16,15,12,16,12
"HOME SWEET HOME 3 PEG HANGER","23402",2011,11,45,168.75,3.75,12,"B",109,90,81.3333333333333,3.8286413964891,45,59,55,57,55
"HOME SWEET HOME 3 PEG HANGER","23402",2011,12,11,41.25,3.75,2,"B",45,109,55,2.484906649788,11,8,5,10,5
"HOME SWEET HOME BLACKBOARD","23404",2011,11,281,1206.74,4.87139534883721,43,"A",372,139,264,5.64190707093811,281,268,281,265,281
"HOME SWEET HOME BLACKBOARD","23404",2011,12,177,615.89,4.64272727272727,11,"A",281,372,276.666666666667,5.18178355029209,177,146,150,131,150
"HOME SWEET HOME BOTTLE","23419",2011,11,92,191.36,2.08,22,"B",150,178,140,4.53259949315326,92,118,120,139,120
"HOME SWEET HOME BOTTLE","23419",2011,12,17,35.36,2.08,4,"B",92,150,86.3333333333333,2.89037175789616,17,31,25,29,25
"HOME SWEET HOME CUSHION COVER","23393",2011,11,225,843.75,3.75,56,"A",219,287,243.666666666667,5.42053499927229,225,246,244,272,244
"HOME SWEET HOME CUSHION COVER","23393",2011,12,32,120,3.75,11,"A",225,219,158.666666666667,3.49650756146648,32,81,62,85,62
"HOME SWEET HOME HANGING HEART","23399",2011,11,454,385.9,0.85,50,"B",487,855,598.666666666667,6.12029741895095,454,534,406,591,406
"HOME SWEET HOME HANGING HEART","23399",2011,12,19,16.15,0.85,7,"B",454,487,320,2.99573227355399,19,136,109,101,109
"HOME SWEET HOME HOOK","23415",2011,11,104,171.6,1.65,14,"C",76,41,73.6666666666667,4.65396035015752,104,94,98,93,98
"HOME SWEET HOME HOOK","23415",2011,12,105,40.95,0.39,10,"C",104,76,95,4.66343909411207,105,114,107,124,107
"HOME SWEET HOME KEY HOLDER","23406",2011,11,188,883.28,6.08677419354839,31,"B",174,60,140.666666666667,5.24174701505964,188,161,173,177,173
"HOME SWEET HOME KEY HOLDER","23406",2011,12,12,75,6.25,8,"B",188,174,124.666666666667,2.56494935746154,12,47,24,35,24
"HOME SWEET HOME METAL SIGN","21164",2011,10,72,212.4,2.95,13,"A",64,142,92.6666666666667,4.29045944114839,72,70,70,71,70
"HOME SWEET HOME METAL SIGN","21164",2011,11,81,238.95,2.95,21,"A",72,64,72.3333333333333,4.40671924726425,81,86,73,85,73
"HOME SWEET HOME METAL SIGN","21164",2011,12,64,188.8,2.95,11,"A",81,72,72.3333333333333,4.17438726989564,64,66,62,62,62
"HOME SWEET HOME MUG","21877",2011,10,223,377.15,1.92586206896552,29,"A",1326,225,591.333333333333,5.41164605185504,223,410,411,475,411
"HOME SWEET HOME MUG","21877",2011,11,365,569.53,1.74,32,"A",223,1326,638,5.90263333340137,365,503,423,505,423
"HOME SWEET HOME MUG","21877",2011,12,72,125.36,1.83222222222222,9,"A",365,223,220,4.29045944114839,72,119,99,113,99
"HOMEMADE JAM SCENTED CANDLES","22969",2011,10,804,1127.4,1.44487179487179,39,"A",1949,1056,1269.66666666667,6.69084227741856,804,915,871,1025,871
"HOMEMADE JAM SCENTED CANDLES","22969",2011,11,552,781.2,1.44375,32,"A",804,1949,1101.66666666667,6.31535800152233,552,739,727,799,727
"HOMEMADE JAM SCENTED CANDLES","22969",2011,12,180,261,1.45,9,"A",552,804,512,5.19849703126583,180,244,243,195,243
"HOT BATHS METAL SIGN","82583",2011,10,1104,1879.8,2.05603773584906,53,"A",1269,30,801,7.00760061395185,1104,809,887,995,887
"HOT BATHS METAL SIGN","82583",2011,11,796,1705.2,2.09655737704918,60,"A",1104,1269,1056.33333333333,6.68085467879022,796,833,793,1027,793
"HOT BATHS METAL SIGN","82583",2011,12,256,547.44,2.10307692307692,12,"A",796,1104,718.666666666667,5.54907608489522,256,320,224,333,224
"HOT BATHS SOAP HOLDER","84849D",2011,10,13,21.97,1.69,5,"B",15,17,15,2.63905732961526,13,15,16,17,16
"HOT BATHS SOAP HOLDER","84849D",2011,11,92,155.48,1.69,9,"B",13,15,40,4.53259949315326,92,84,100,99,100
"HOT BATHS SOAP HOLDER","84849D",2011,12,2,3.38,1.69,1,"B",92,13,35.6666666666667,1.09861228866811,2,6,4,5,4
"HOT STUFF HOT WATER BOTTLE","23358",2011,10,74,277.5,3.75,13,"B",188,7,89.6666666666667,4.31748811353631,74,70,66,60,66
"HOT STUFF HOT WATER BOTTLE","23358",2011,11,141,528.75,3.75,20,"B",74,188,134.333333333333,4.95582705760126,141,130,125,117,125
"HOT STUFF HOT WATER BOTTLE","23358",2011,12,117,176.25,1.75,10,"B",141,74,110.666666666667,4.77068462446567,117,98,103,90,103
"HOT WATER BOTTLE I AM SO POORLY","22835",2011,10,393,1944.09,5.06291666666667,96,"A",367,383,381,5.97635090929793,393,438,428,399,428
"HOT WATER BOTTLE I AM SO POORLY","22835",2011,11,886,4133.66,4.93402985074627,132,"A",393,367,548.666666666667,6.78784498230958,886,778,899,673,899
"HOT WATER BOTTLE I AM SO POORLY","22835",2011,12,239,1136.83,5.002,40,"A",886,393,506,5.48063892334199,239,424,350,290,350
"HOT WATER BOTTLE KEEP CALM","23355",2011,10,1317,6041.55,4.87402234636872,177,"A",1314,125,918.666666666667,7.18387071506245,1317,993,1163,858,1163
"HOT WATER BOTTLE KEEP CALM","23355",2011,11,2089,9435.75,4.85684410646388,258,"A",1317,1314,1573.33333333333,7.64491934495886,2089,1806,1682,1303,1682
"HOT WATER BOTTLE KEEP CALM","23355",2011,12,468,2182.2,4.88170731707317,79,"A",2089,1317,1291.33333333333,6.15060276844628,468,986,770,981,770
"HOT WATER BOTTLE SEX BOMB","23357",2011,10,91,424.85,4.87727272727273,22,"B",154,1,82,4.52178857704904,91,108,83,107,83
"HOT WATER BOTTLE SEX BOMB","23357",2011,11,114,545.1,4.92333333333333,29,"B",91,154,119.666666666667,4.74493212836325,114,114,115,115,115
"HOT WATER BOTTLE SEX BOMB","23357",2011,12,72,171.6,2.35714285714286,14,"B",114,91,92.3333333333333,4.29045944114839,72,81,78,85,78
"HOT WATER BOTTLE TEA AND SYMPATHY","22114",2011,10,643,2693.25,4.32201680672269,119,"A",987,74,568,6.46769872610435,643,641,639,617,639
"HOT WATER BOTTLE TEA AND SYMPATHY","22114",2011,11,1199,4966.43,4.24988439306358,173,"A",643,987,943,7.09007683577609,1199,1067,1092,857,1092
"HOT WATER BOTTLE TEA AND SYMPATHY","22114",2011,12,324,1309.04,4.28347826086957,46,"A",1199,643,722,5.78382518232974,324,547,462,543,462
"HOUSE SHAPE PENCIL SHARPENER","16219",2011,10,480,28.8,0.06,5,"C",504,768,584,6.17586727010576,480,288,411,287,411
"HOUSE SHAPE PENCIL SHARPENER","16219",2011,11,242,14.52,0.06,8,"C",480,504,408.666666666667,5.49306144334055,242,248,251,282,251
"HOUSE SHAPE PENCIL SHARPENER","16219",2011,12,15,0.9,0.06,1,"C",242,480,245.666666666667,2.77258872223978,15,57,47,35,47
"HYACINTH BULB T-LIGHT CANDLES","85172",2011,10,112,47.04,0.42,5,"C",16,48,58.6666666666667,4.72738781871234,112,101,121,117,121
"HYACINTH BULB T-LIGHT CANDLES","85172",2011,11,432,181.44,0.42,5,"C",112,16,186.666666666667,6.07073772800249,432,243,345,254,345
"HYACINTH BULB T-LIGHT CANDLES","85172",2011,12,32,13.44,0.42,1,"C",432,112,192,3.49650756146648,32,17,11,12,11
"I LOVE LONDON BABY GIFT SET","23009",2011,10,38,596.1,16.7,8,"A",23,12,24.3333333333333,3.66356164612965,38,26,33,29,33
"I LOVE LONDON BABY GIFT SET","23009",2011,11,32,490.4,16.2,8,"A",38,23,31,3.49650756146648,32,26,28,25,28
"I LOVE LONDON BABY GIFT SET","23009",2011,12,4,67.8,16.95,4,"A",32,38,24.6666666666667,1.6094379124341,4,10,8,11,8
"I LOVE LONDON BEAKER","23347",2011,10,45,56.25,1.25,9,"B",363,270,226,3.8286413964891,45,111,81,97,81
"I LOVE LONDON BEAKER","23347",2011,11,105,131.25,1.25,11,"B",45,363,171,4.66343909411207,105,126,110,99,110
"I LOVE LONDON BEAKER","23347",2011,12,26,32.5,1.25,3,"B",105,45,58.6666666666667,3.29583686600433,26,26,18,24,18
"I LOVE LONDON MINI BACKPACK","23391",2011,11,142,569.3,4.12894736842105,19,"B",50,146,112.666666666667,4.96284463025991,142,118,133,127,133
"I LOVE LONDON MINI BACKPACK","23391",2011,12,21,87.15,4.15,5,"B",142,50,71,3.09104245335832,21,35,34,32,34
"I'M ON HOLIDAY METAL SIGN","21907",2011,10,119,251.93,2.2015,20,"A",163,272,184.666666666667,4.78749174278205,119,153,124,144,124
"I'M ON HOLIDAY METAL SIGN","21907",2011,11,92,195.23,2.1812,25,"A",119,163,124.666666666667,4.53259949315326,92,112,122,113,122
"I'M ON HOLIDAY METAL SIGN","21907",2011,12,76,165.69,2.303,10,"A",92,119,95.6666666666667,4.34380542185368,76,79,69,71,69
"ICE CREAM BUBBLES","23445",2011,10,820,658.6,0.8256,24,"B",1079,108,669,6.71052310945243,820,681,741,737,741
"ICE CREAM BUBBLES","23445",2011,11,480,398.4,0.83,24,"B",820,1079,793,6.17586727010576,480,626,491,772,491
"ICE CREAM BUBBLES","23445",2011,12,160,132.8,0.83,6,"B",480,820,486.666666666667,5.08140436498446,160,211,163,144,163
"ICE CREAM PEN LIP GLOSS","23078",2011,10,720,849.6,1.24,21,"A",688,624,677.333333333333,6.58063913728495,720,657,664,555,664
"ICE CREAM PEN LIP GLOSS","23078",2011,11,1092,1314.6,1.24416666666667,36,"A",720,688,833.333333333333,6.99668148817654,1092,982,932,845,932
"ICE CREAM PEN LIP GLOSS","23078",2011,12,24,30,1.25,1,"A",1092,720,612,3.2188758248682,24,30,20,14,20
"ICE CREAM SUNDAE LIP GLOSS","23076",2011,10,1200,1399.2,1.236,30,"A",696,720,872,7.09090982207998,1200,982,945,830,945
"ICE CREAM SUNDAE LIP GLOSS","23076",2011,11,1174,1417.1,1.24447368421053,38,"A",1200,696,1023.33333333333,7.06902342657826,1174,996,997,933,997
"ICE CREAM SUNDAE LIP GLOSS","23076",2011,12,240,300,1.25,9,"A",1174,1200,871.333333333333,5.48479693349065,240,320,246,263,246
"ICON MUG REVOLUTIONARY","37413",2011,10,35,13.65,0.39,10,"C",52,81,56,3.58351893845611,35,50,44,61,44
"ICON MUG REVOLUTIONARY","37413",2011,11,97,37.83,0.39,15,"C",35,52,61.3333333333333,4.58496747867057,97,110,102,126,102
"ICON MUG REVOLUTIONARY","37413",2011,12,28,10.92,0.39,6,"C",97,35,53.3333333333333,3.36729582998647,28,42,40,54,40
"ICON PLACEMAT POP ART ELVIS","47518F",2011,10,36,4.32,0.12,5,"C",133,72,80.3333333333333,3.61091791264422,36,66,58,86,58
"ICON PLACEMAT POP ART ELVIS","47518F",2011,11,77,9.24,0.12,3,"C",36,133,82,4.35670882668959,77,59,82,82,82
"IF YOU CAN'T STAND THE HEAT MUG","21873",2011,10,21,30.33,1.658,10,"B",677,4,234,3.09104245335832,21,111,83,105,83
"IF YOU CAN'T STAND THE HEAT MUG","21873",2011,11,28,41.12,1.658,10,"B",21,677,242,3.36729582998647,28,126,63,93,63
"IF YOU CAN'T STAND THE HEAT MUG","21873",2011,12,9,13.29,1.76,4,"B",28,21,19.3333333333333,2.30258509299405,9,14,12,15,12
"ILLUSTRATED CAT BOWL","22350",2011,10,57,145.35,2.55,12,"A",77,14,49.3333333333333,4.06044301054642,57,56,55,58,55
"ILLUSTRATED CAT BOWL","22350",2011,11,23,58.65,2.55,6,"A",57,77,52.3333333333333,3.17805383034795,23,31,29,33,29
"ILLUSTRATED CAT BOWL","22350",2011,12,19,48.45,2.55,4,"A",23,57,33,2.99573227355399,19,20,18,20,18
"IVORY CAFE HANGING LAMP","23104",2011,10,10,118.7,12.08,5,"B",4,6,6.66666666666667,2.39789527279837,10,10,11,10,11
"IVORY CAFE HANGING LAMP","23104",2011,11,45,499.5,12.08,10,"B",10,4,19.6666666666667,3.8286413964891,45,34,43,36,43
"IVORY CAFE HANGING LAMP","23104",2011,12,7,87.5,12.5,6,"B",45,10,20.6666666666667,2.07944154167984,7,13,10,11,10
"IVORY CHANDELIER T-LIGHT HOLDER","23055",2011,10,348,717.72,3.93222222222222,8,"B",13,2,121,5.85507192220243,348,249,314,412,314
"IVORY CHANDELIER T-LIGHT HOLDER","23055",2011,11,145,150.25,3.625,2,"B",348,13,168.666666666667,4.98360662170834,145,28,47,32,47
"IVORY DINER WALL CLOCK","22191",2011,10,119,980.9,8.43928571428571,42,"A",122,485,242,4.78749174278205,119,196,167,183,167
"IVORY DINER WALL CLOCK","22191",2011,11,91,742.9,8.4203125,31,"A",119,122,110.666666666667,4.52178857704904,91,106,88,106,88
"IVORY DINER WALL CLOCK","22191",2011,12,26,221,8.5,9,"A",91,119,78.6666666666667,3.29583686600433,26,37,26,33,26
"IVORY EMBROIDERED QUILT","22803",2011,10,1,39.95,39.95,1,"B",3,2,2,0.693147180559945,1,1,1,1,1
"IVORY EMBROIDERED QUILT","22803",2011,11,1,39.95,39.95,1,"B",1,3,1.66666666666667,0.693147180559945,1,1,1,1,1
"IVORY ENCHANTED FOREST PLACEMAT","85114B",2011,10,22,36.3,1.65,5,"C",94,17,44.3333333333333,3.13549421592915,22,28,23,26,23
"IVORY ENCHANTED FOREST PLACEMAT","85114B",2011,11,23,37.95,1.65,5,"C",22,94,46.3333333333333,3.17805383034795,23,27,25,28,25
"IVORY ENCHANTED FOREST PLACEMAT","85114B",2011,12,9,14.85,1.65,3,"C",23,22,18,2.30258509299405,9,13,10,13,10
"IVORY GOLD METAL BAG CHARM","90049",2011,11,1,9.96,9.96,1,"C",1,3,1.66666666666667,0.693147180559945,1,1,1,1,1
"IVORY HANGING DECORATION  BIRD","21389",2011,10,6,5.1,0.85,1,"B",30,33,23,1.94591014905531,6,8,7,7,7
"IVORY HANGING DECORATION  BIRD","21389",2011,11,22,18.7,0.85,4,"B",6,30,19.3333333333333,3.13549421592915,22,21,21,26,21
"IVORY HANGING DECORATION  BIRD","21389",2011,12,14,11.9,0.85,2,"B",22,6,14,2.70805020110221,14,11,11,12,11
"IVORY HANGING DECORATION  EGG","21386",2011,10,110,20.9,0.19,7,"C",24,24,52.6666666666667,4.70953020131233,110,100,128,153,128
"IVORY HANGING DECORATION  EGG","21386",2011,11,76,14.44,0.19,5,"C",110,24,70,4.34380542185368,76,77,80,89,80
"IVORY HANGING DECORATION  EGG","21386",2011,12,76,14.44,0.19,2,"C",76,110,87.3333333333333,4.34380542185368,76,62,69,86,69
"IVORY HANGING DECORATION  HEART","21385",2011,10,232,197.98,0.895882352941176,17,"A",190,113,178.333333333333,5.4510384535657,232,213,210,194,210
"IVORY HANGING DECORATION  HEART","21385",2011,11,110,94.28,0.905714285714286,14,"A",232,190,177.333333333333,4.70953020131233,110,131,134,154,134
"IVORY HANGING DECORATION  HEART","21385",2011,12,42,35.7,0.85,5,"A",110,232,128,3.76120011569356,42,51,50,61,50
"IVORY KITCHEN SCALES","22624",2011,10,201,1742.94,8.99135802469136,81,"A",228,188,205.666666666667,5.30826769740121,201,210,207,191,207
"IVORY KITCHEN SCALES","22624",2011,11,147,1298.28,8.93945945945946,74,"A",201,228,192,4.99721227376411,147,182,166,189,166
"IVORY KITCHEN SCALES","22624",2011,12,55,457.3,8.46458333333333,24,"A",147,201,134.333333333333,4.02535169073515,55,95,75,92,75
"IVORY KNITTED MUG COSY","22310",2011,10,21,33.89,1.89,6,"B",45,39,35,3.09104245335832,21,25,25,28,25
"IVORY KNITTED MUG COSY","22310",2011,11,215,334.59,1.87,13,"B",21,45,93.6666666666667,5.37527840768417,215,181,208,176,208
"IVORY KNITTED MUG COSY","22310",2011,12,10,21.42,2.19666666666667,3,"B",215,21,82,2.39789527279837,10,21,18,23,18
"IVORY LOVE BIRD CANDLE","85169A",2011,10,10,14.92,1.5525,4,"C",48,20,26,2.39789527279837,10,14,13,16,13
"IVORY LOVE BIRD CANDLE","85169A",2011,11,28,35,1.25,5,"C",10,48,28.6666666666667,3.36729582998647,28,27,30,26,30
"IVORY LOVE BIRD CANDLE","85169A",2011,12,1,1.25,1.25,1,"C",28,10,13,0.693147180559945,1,4,3,4,3
"IVORY PAPER CUP CAKE CASES","21215",2011,10,124,68.2,0.55,5,"C",80,124,109.333333333333,4.8283137373023,124,99,104,106,104
"IVORY PAPER CUP CAKE CASES","21215",2011,11,29,15.95,0.55,4,"C",124,80,77.6666666666667,3.40119738166216,29,45,33,41,33
"IVORY PAPER CUP CAKE CASES","21215",2011,12,1,0.55,0.55,1,"C",29,124,51.3333333333333,0.693147180559945,1,10,4,9,4
"IVORY PILLAR CANDLE GOLD FLOCK","72799F",2011,10,14,41.3,2.95,3,"C",24,12,16.6666666666667,2.70805020110221,14,15,15,14,15
"IVORY PILLAR CANDLE GOLD FLOCK","72799F",2011,11,16,47.2,2.95,3,"C",14,24,18,2.83321334405622,16,16,16,12,16
"IVORY PILLAR CANDLE SILVER FLOCK","72799E",2011,10,39,115.05,2.95,8,"B",21,12,24,3.68887945411394,39,34,39,40,39
"IVORY PILLAR CANDLE SILVER FLOCK","72799E",2011,11,35,103.25,2.95,10,"B",39,21,31.6666666666667,3.58351893845611,35,37,36,36,36
"IVORY PILLAR CANDLE SILVER FLOCK","72799E",2011,12,201,158.79,0.79,9,"B",35,39,91.6666666666667,5.30826769740121,201,178,202,202,202
"IVORY REFECTORY CLOCK","23315",2011,10,24,238.8,9.95,12,"B",38,48,36.6666666666667,3.2188758248682,24,29,21,29,21
"IVORY REFECTORY CLOCK","23315",2011,11,40,376.4,9.8,12,"B",24,38,34,3.71357206670431,40,36,34,33,34
"IVORY REFECTORY CLOCK","23315",2011,12,5,49.75,9.95,3,"B",40,24,23,1.79175946922805,5,8,6,10,6
"IVORY SCULPTED RND CANDLE","72709",2011,11,4,3.4,0.85,1,"C",1,9,4.66666666666667,1.6094379124341,4,3,3,3,3
"IVORY SHELL HEART NECKLACE","90032",2011,10,9,28.17,3.13,1,"C",2,1,4,2.30258509299405,9,6,9,4,9
"IVORY STRING CURTAIN WITH POLE","35637A",2011,10,9,17.55,1.95,4,"C",42,86,45.6666666666667,2.30258509299405,9,23,16,22,16
"IVORY STRING CURTAIN WITH POLE","35637A",2011,11,7,13.65,1.95,5,"C",9,42,19.3333333333333,2.07944154167984,7,12,10,16,10
"IVORY SWEETHEART SOAP DISH","23150",2011,10,13,32.37,2.49,7,"C",15,25,17.6666666666667,2.63905732961526,13,20,16,21,16
"IVORY SWEETHEART SOAP DISH","23150",2011,11,25,62.25,2.49,6,"C",13,15,17.6666666666667,3.25809653802148,25,25,21,23,21
"IVORY SWEETHEART SOAP DISH","23150",2011,12,14,34.86,2.49,2,"C",25,13,17.3333333333333,2.70805020110221,14,13,13,11,13
"IVORY SWEETHEART WIRE LETTER RACK","23152",2011,10,55,206.25,3.75,22,"B",103,78,78.6666666666667,4.02535169073515,55,82,60,75,60
"IVORY SWEETHEART WIRE LETTER RACK","23152",2011,11,35,131.25,3.75,11,"B",55,103,64.3333333333333,3.58351893845611,35,47,42,48,42
"IVORY SWEETHEART WIRE LETTER RACK","23152",2011,12,3,11.25,3.75,2,"B",35,55,31,1.38629436111989,3,7,4,8,4
"IVORY WICKER HEART LARGE","23332",2011,10,460,759,1.65,68,"A",517,312,429.666666666667,6.13339804299665,460,526,484,563,484
"IVORY WICKER HEART LARGE","23332",2011,11,534,881.1,1.65,89,"A",460,517,503.666666666667,6.28226674689601,534,604,630,664,630
"IVORY WICKER HEART LARGE","23332",2011,12,156,257.4,1.65,17,"A",534,460,383.333333333333,5.05624580534831,156,208,161,226,161
"IVORY WICKER HEART MEDIUM","23333",2011,10,367,458.75,1.25,44,"B",474,294,378.333333333333,5.90808293816893,367,408,385,430,385
"IVORY WICKER HEART MEDIUM","23333",2011,11,768,960,1.25,90,"B",367,474,536.333333333333,6.64509096950564,768,720,798,755,798
"IVORY WICKER HEART MEDIUM","23333",2011,12,106,132.5,1.25,12,"B",768,367,413.666666666667,4.67282883446191,106,196,155,178,155
"IVORY WICKER HEART SMALL","23334",2011,10,311,195.93,0.63,18,"B",793,498,534,5.74300318780948,311,361,340,412,340
"IVORY WICKER HEART SMALL","23334",2011,11,475,299.25,0.63,32,"B",311,793,526.333333333333,6.16541785423142,475,503,445,542,445
"IVORY WICKER HEART SMALL","23334",2011,12,77,48.51,0.63,8,"B",475,311,287.666666666667,4.35670882668959,77,158,167,163,167
"IVORY WIRE KITCHEN ORGANISER","23142",2011,10,5,52,10.4,2,"B",5,9,6.33333333333333,1.79175946922805,5,4,4,4,4
"IVORY WIRE KITCHEN ORGANISER","23142",2011,11,2,20.8,10.4,2,"B",5,5,4,1.09861228866811,2,3,3,3,3
"IVORY WIRE SWEETHEART LETTER TRAY","23136",2011,10,11,41.25,3.75,4,"C",10,22,14.3333333333333,2.484906649788,11,12,10,12,10
"IVORY WIRE SWEETHEART LETTER TRAY","23136",2011,11,6,22.5,3.75,5,"C",11,10,9,1.94591014905531,6,9,8,9,8
"IVORY WIRE SWEETHEART LETTER TRAY","23136",2011,12,11,41.25,3.75,2,"C",6,11,9.33333333333333,2.484906649788,11,9,12,8,12
"IVY HEART WREATH","21349",2011,11,1,6.75,6.75,1,"C",5,6,4,0.693147180559945,1,2,1,2,1
"JADE DROP EARRINGS W FILIGREE","90192",2011,10,4,19.8,4.95,1,"C",6,1,3.66666666666667,1.6094379124341,4,3,3,2,3
"JADE DROP EARRINGS W FILIGREE","90192",2011,11,2,9.9,4.95,1,"C",4,6,4,1.09861228866811,2,2,2,2,2
"JADE DROP EARRINGS W FILIGREE","90192",2011,12,2,9.9,4.95,1,"C",2,4,2.66666666666667,1.09861228866811,2,2,2,2,2
"JAM CLOCK MAGNET","23178",2011,10,15,43.35,2.89,4,"B",28,14,19,2.77258872223978,15,18,15,16,15
"JAM CLOCK MAGNET","23178",2011,11,27,78.03,2.89,6,"B",15,28,23.3333333333333,3.3322045101752,27,25,25,26,25
"JAM CLOCK MAGNET","23178",2011,12,16,20,1.25,3,"B",27,15,19.3333333333333,2.83321334405622,16,16,15,14,15
"JAM JAR WITH GREEN LID","22963",2011,10,251,211.01,0.8825,20,"B",205,112,189.333333333333,5.52942908751142,251,223,223,212,223
"JAM JAR WITH GREEN LID","22963",2011,11,143,116.87,0.9,13,"B",251,205,199.666666666667,4.969813299576,143,157,141,157,141
"JAM JAR WITH GREEN LID","22963",2011,12,24,20.4,0.85,2,"B",143,251,139.333333333333,3.2188758248682,24,17,16,25,16
"JAM JAR WITH PINK LID","22962",2011,10,277,233.11,0.878260869565217,23,"A",153,69,166.333333333333,5.62762111369064,277,265,246,246,246
"JAM JAR WITH PINK LID","22962",2011,11,288,228.42,0.870526315789474,19,"A",277,153,239.333333333333,5.66642668811243,288,276,277,260,277
"JAM JAR WITH PINK LID","22962",2011,12,37,31.45,0.85,4,"A",288,277,200.666666666667,3.63758615972639,37,68,63,61,63
"JAM MAKING SET PRINTED","22961",2011,10,1508,2108.2,1.56830985915493,71,"A",1567,1381,1485.33333333333,7.31920245876785,1508,1434,1382,1371,1382
"JAM MAKING SET PRINTED","22961",2011,11,1202,1778.34,1.54371428571429,69,"A",1508,1567,1425.66666666667,7.09257371597468,1202,1232,1247,1249,1247
"JAM MAKING SET PRINTED","22961",2011,12,867,1241.35,1.52695652173913,23,"A",1202,1508,1192.33333333333,6.76619171466035,867,957,842,869,842
"JAM MAKING SET WITH JARS","22960",2011,10,628,2540.48,4.27539473684211,76,"A",830,492,650,6.44413125670044,628,618,626,561,626
"JAM MAKING SET WITH JARS","22960",2011,11,933,3808.09,4.3325974025974,77,"A",628,830,797,6.83947643822884,933,903,885,779,885
"JAM MAKING SET WITH JARS","22960",2011,12,204,824.2,4.31695652173913,23,"A",933,628,588.333333333333,5.32300997913841,204,401,284,320,284
"JASMINE VOTIVE CANDLE","85230F",2011,11,24,6.96,0.29,1,"C",24,24,24,3.2188758248682,24,22,25,17,25
"JAZZ HEARTS ADDRESS BOOK","20996",2011,10,523,103.85,0.277272727272727,22,"C",399,381,434.333333333333,6.26149168432104,523,486,455,570,455
"JAZZ HEARTS ADDRESS BOOK","20996",2011,11,449,85.95,0.21,31,"C",523,399,457,6.10924758276437,449,472,417,535,417
"JAZZ HEARTS ADDRESS BOOK","20996",2011,12,185,35.15,0.19,12,"C",449,523,385.666666666667,5.2257466737132,185,225,197,267,197
"JAZZ HEARTS PURSE NOTEBOOK","20992",2011,10,436,170.04,0.39,34,"B",556,588,526.666666666667,6.07993319509559,436,487,555,531,555
"JAZZ HEARTS PURSE NOTEBOOK","20992",2011,11,1153,449.67,0.39,60,"B",436,556,715,7.05098944706805,1153,952,1169,1053,1169
"JAZZ HEARTS PURSE NOTEBOOK","20992",2011,12,205,79.95,0.39,16,"B",1153,436,598,5.32787616878958,205,429,346,458,346
"JIGSAW RABBIT AND BIRDHOUSE","22233",2011,10,94,55.46,0.59,9,"C",42,24,53.3333333333333,4.55387689160054,94,88,87,88,87
"JIGSAW RABBIT AND BIRDHOUSE","22233",2011,11,19,11.21,0.59,9,"C",94,42,51.6666666666667,2.99573227355399,19,41,28,54,28
"JIGSAW RABBIT AND BIRDHOUSE","22233",2011,12,42,24.78,0.59,4,"C",19,94,51.6666666666667,3.76120011569356,42,45,40,50,40
"JIGSAW TOADSTOOLS 3 PIECE","22232",2011,10,106,62.54,0.59,9,"C",40,51,65.6666666666667,4.67282883446191,106,105,112,97,112
"JIGSAW TOADSTOOLS 3 PIECE","22232",2011,11,58,34.22,0.59,7,"C",106,40,68,4.07753744390572,58,65,58,63,58
"JIGSAW TOADSTOOLS 3 PIECE","22232",2011,12,49,28.91,0.59,5,"C",58,106,71,3.91202300542815,49,50,48,56,48
"JIGSAW TREE WITH BIRDHOUSE","22231",2011,10,81,47.79,0.59,11,"B",28,124,77.6666666666667,4.40671924726425,81,98,82,96,82
"JIGSAW TREE WITH BIRDHOUSE","22231",2011,11,49,28.91,0.59,13,"B",81,28,52.6666666666667,3.91202300542815,49,60,55,75,55
"JIGSAW TREE WITH BIRDHOUSE","22231",2011,12,26,15.34,0.59,3,"B",49,81,52,3.29583686600433,26,31,28,38,28
"JIGSAW TREE WITH WATERING CAN","22230",2011,10,359,104.11,0.29,7,"C",6,4,123,5.88610403145016,359,297,349,706,349
"JIGSAW TREE WITH WATERING CAN","22230",2011,11,59,17.11,0.29,9,"C",359,6,141.333333333333,4.0943445622221,59,105,56,124,56
"JIGSAW TREE WITH WATERING CAN","22230",2011,12,2,0.58,0.29,1,"C",59,359,140,1.09861228866811,2,30,35,15,35
"JINGLE BELL HEART ANTIQUE GOLD","23214",2011,10,188,395.14,2.285,20,"B",204,7,133,5.24174701505964,188,155,165,173,165
"JINGLE BELL HEART ANTIQUE GOLD","23214",2011,11,225,484.4,2.19388888888889,35,"B",188,204,205.666666666667,5.42053499927229,225,237,213,212,213
"JINGLE BELL HEART ANTIQUE GOLD","23214",2011,12,38,81.09,2.30777777777778,9,"B",225,188,150.333333333333,3.66356164612965,38,74,58,79,58
"JINGLE BELL HEART ANTIQUE SILVER","23215",2011,10,555,1151.54,2.11666666666667,48,"A",395,789,579.666666666667,6.32076829425058,555,595,522,670,522
"JINGLE BELL HEART ANTIQUE SILVER","23215",2011,11,1539,2989.05,2.16282352941176,83,"A",555,395,829.666666666667,7.33953769540767,1539,1342,1582,1137,1582
"JINGLE BELL HEART ANTIQUE SILVER","23215",2011,12,165,351.4,2.21666666666667,15,"A",1539,555,753,5.11198778835654,165,340,272,412,272
"JINGLE BELL HEART DECORATION","23103",2011,10,1035,1702.95,1.64746835443038,75,"A",398,138,523.666666666667,6.94312242281943,1035,810,1066,952,1066
"JINGLE BELL HEART DECORATION","23103",2011,11,1059,1747.35,1.65,109,"A",1035,398,830.666666666667,6.96602418710611,1059,1020,994,1017,994
"JINGLE BELL HEART DECORATION","23103",2011,12,164,270.6,1.65,21,"A",1059,1035,752.666666666667,5.10594547390058,164,512,528,573,528
"JINGLE BELLS TREE DECORATION","21147",2011,10,39,85.14,2.30571428571429,7,"C",14,2,18.3333333333333,3.68887945411394,39,35,42,38,42
"JINGLE BELLS TREE DECORATION","21147",2011,11,30,70.56,2.28,7,"C",39,14,27.6666666666667,3.43398720448515,30,30,26,26,26
"JINGLE BELLS TREE DECORATION","21147",2011,12,1,2.46,2.46,1,"C",30,39,23.3333333333333,0.693147180559945,1,4,3,4,3
"JOY WOODEN BLOCK LETTERS","22118",2011,10,23,113.85,4.95,12,"B",30,2,18.3333333333333,3.17805383034795,23,27,25,32,25
"JOY WOODEN BLOCK LETTERS","22118",2011,11,31,160.13,5.34294117647059,17,"B",23,30,28,3.46573590279973,31,37,30,44,30
"JOY WOODEN BLOCK LETTERS","22118",2011,12,88,110,1.25,16,"B",31,23,47.3333333333333,4.48863636973214,88,86,100,87,100
"JUMBO  BAG BAROQUE BLACK WHITE","85099C",2011,10,1011,1891.18,2.04217391304348,46,"A",1432,946,1129.66666666667,6.91968384984741,1011,982,1054,1144,1054
"JUMBO  BAG BAROQUE BLACK WHITE","85099C",2011,11,1469,2762.62,2.04061728395062,80,"A",1011,1432,1304,7.29301767977278,1469,1309,1344,1246,1344
"JUMBO  BAG BAROQUE BLACK WHITE","85099C",2011,12,218,441.84,2.04947368421053,19,"A",1469,1011,899.333333333333,5.3890717298165,218,414,442,495,442
"JUMBO BAG 50'S CHRISTMAS","23344",2011,10,2342,4583.41,2.07798507462687,133,"A",1612,559,1504.33333333333,7.7591874385078,2342,1625,1511,1673,1511
"JUMBO BAG 50'S CHRISTMAS","23344",2011,11,2957,5953.36,2.06982456140351,225,"A",2342,1612,2303.66666666667,7.99226864327075,2957,2376,3084,2728,3084
"JUMBO BAG 50'S CHRISTMAS","23344",2011,12,998,1893.84,2.04983050847458,58,"A",2957,2342,2099,6.90675477864855,998,1817,1543,2141,1543
"JUMBO BAG ALPHABET","23201",2011,10,1449,2810.07,2.08659340659341,90,"A",1681,2368,1832.66666666667,7.27931883541462,1449,1500,1652,2075,1652
"JUMBO BAG ALPHABET","23201",2011,11,1424,2781.02,2.06254901960784,101,"A",1449,1681,1518,7.26192709270275,1424,1276,1351,1386,1351
"JUMBO BAG ALPHABET","23201",2011,12,593,1105.84,2.03538461538462,26,"A",1424,1449,1155.33333333333,6.38687931936265,593,803,649,857,649
"JUMBO BAG APPLES","23199",2011,10,1592,2987.31,2.08253521126761,70,"A",1273,3104,1989.66666666667,7.37337430991005,1592,1923,1657,1997,1657
"JUMBO BAG APPLES","23199",2011,11,1324,2553.17,2.13295454545455,88,"A",1592,1273,1396.33333333333,7.18916773842032,1324,1270,1215,1255,1215
"JUMBO BAG APPLES","23199",2011,12,199,405.22,2.06388888888889,18,"A",1324,1592,1038.33333333333,5.29831736654804,199,525,384,583,384
"JUMBO BAG DOILEY PATTERNS","23203",2011,10,20,41.6,2.08,2,"A",40,1872,644,3.04452243772342,20,19,18,23,18
"JUMBO BAG DOILEY PATTERNS","23203",2011,11,300,537,1.79,1,"A",20,40,120,5.70711026474888,300,52,404,67,404
"JUMBO BAG DOLLY GIRL DESIGN","22663",2011,10,131,276.58,2.15592592592593,27,"A",385,495,337,4.88280192258637,131,240,180,218,180
"JUMBO BAG DOLLY GIRL DESIGN","22663",2011,11,270,536.7,2.19205882352941,34,"A",131,385,262,5.6021188208797,270,277,256,271,256
"JUMBO BAG DOLLY GIRL DESIGN","22663",2011,12,62,128.96,2.08,8,"A",270,131,154.333333333333,4.14313472639153,62,90,86,88,86
"JUMBO BAG OWLS","20713",2011,10,910,1660.8,2.00368421052632,19,"A",1673,1593,1392,6.81454289725996,910,677,585,714,585
"JUMBO BAG OWLS","20713",2011,11,559,1049.12,2.21486486486487,37,"A",910,1673,1047.33333333333,6.32793678372919,559,683,526,812,526
"JUMBO BAG OWLS","20713",2011,12,471,886.03,2.1245,20,"A",559,910,646.666666666667,6.15697898558556,471,451,323,394,323
"JUMBO BAG PAISLEY PARK","23581",2011,12,670,1315.3,2.05363636363636,44,"A",2528,1160,1452.66666666667,6.50876913697168,670,828,838,776,838
"JUMBO BAG PEARS","23200",2011,10,556,1121.68,2.07462962962963,54,"A",1033,1321,970,6.32256523992728,556,714,715,818,715
"JUMBO BAG PEARS","23200",2011,11,684,1384.27,2.1264,73,"A",556,1033,757.666666666667,6.52941883826223,684,833,873,942,873
"JUMBO BAG PEARS","23200",2011,12,108,224.64,2.08,12,"A",684,556,449.333333333333,4.69134788222914,108,214,141,206,141
"JUMBO BAG PINK POLKADOT","22386",2011,10,3098,5669.84,2.03162790697674,84,"A",2554,2096,2582.66666666667,8.03883475778775,3098,2514,2895,2454,2895
"JUMBO BAG PINK POLKADOT","22386",2011,11,1513,2904.39,2.07368421052632,92,"A",3098,2554,2388.33333333333,7.32251043399739,1513,1985,2325,2434,2325
"JUMBO BAG PINK POLKADOT","22386",2011,12,429,802.42,2.04133333333333,15,"A",1513,3098,1680,6.06378520868761,429,684,596,654,596
"JUMBO BAG PINK VINTAGE PAISLEY","21929",2011,10,698,1373.99,2.18461538461538,51,"A",754,956,802.666666666667,6.54965074223381,698,711,670,840,670
"JUMBO BAG PINK VINTAGE PAISLEY","21929",2011,11,666,1302.73,2.16316666666667,60,"A",698,754,706,6.50279004591562,666,702,672,738,672
"JUMBO BAG PINK VINTAGE PAISLEY","21929",2011,12,184,345.02,2.022,15,"A",666,698,516,5.22035582507833,184,256,227,305,227
"JUMBO BAG RED RETROSPOT","85099B",2011,10,5237,9763.06,2.06821428571429,163,"A",4175,5178,4863.33333333333,8.56369502506766,5237,3473,3181,2890,3181
"JUMBO BAG RED RETROSPOT","85099B",2011,11,5677,10711.91,2.07431279620853,210,"A",5237,4175,5029.66666666667,8.64435433703292,5677,3507,3069,2890,3069
"JUMBO BAG RED RETROSPOT","85099B",2011,12,1055,2020.4,2.05928571428571,41,"A",5677,5237,3989.66666666667,6.96224346426621,1055,2472,2297,2089,2297
"JUMBO BAG SCANDINAVIAN BLUE PAISLEY","21928",2011,10,510,1006.9,2.15822222222222,45,"A",962,960,810.666666666667,6.2363695902037,510,630,602,745,602
"JUMBO BAG SCANDINAVIAN BLUE PAISLEY","21928",2011,11,699,1364.37,2.12454545454545,65,"A",510,962,723.666666666667,6.5510803350434,699,747,766,838,766
"JUMBO BAG SCANDINAVIAN BLUE PAISLEY","21928",2011,12,290,543.5,2.17076923076923,13,"A",699,510,499.666666666667,5.67332326717149,290,255,252,220,252
"JUMBO BAG SPACEBOY DESIGN","22385",2011,10,422,850.81,2.12512820512821,39,"A",950,1058,810,6.04737217904628,422,580,580,669,580
"JUMBO BAG SPACEBOY DESIGN","22385",2011,11,744,1458.82,2.12140845070423,70,"A",422,950,705.333333333333,6.61338421837956,744,784,847,816,847
"JUMBO BAG SPACEBOY DESIGN","22385",2011,12,341,645.48,2.04375,16,"A",744,422,502.333333333333,5.8348107370626,341,290,249,301,249
"JUMBO BAG STRAWBERRY","85099F",2011,10,1818,3331.79,2.10576923076923,52,"A",1393,2147,1786,7.50604217851812,1818,1628,1532,1706,1532
"JUMBO BAG STRAWBERRY","85099F",2011,11,880,1670.6,2.05475409836066,61,"A",1818,1393,1363.66666666667,6.78105762593618,880,1054,1258,1182,1258
"JUMBO BAG STRAWBERRY","85099F",2011,12,301,565.18,2.04133333333333,15,"A",880,1818,999.666666666667,5.71042701737487,301,381,373,376,373
"JUMBO BAG TOYS","20711",2011,10,206,399.48,2.06388888888889,18,"A",378,172,252,5.33271879326537,206,217,218,200,218
"JUMBO BAG TOYS","20711",2011,11,342,653.36,2.05478260869565,22,"A",206,378,308.666666666667,5.83773044716594,342,302,307,302,307
"JUMBO BAG VINTAGE CHRISTMAS","23343",2011,10,1054,2136.37,2.09795918367347,96,"A",1292,436,927.333333333333,6.96129604591017,1054,1057,1089,948,1089
"JUMBO BAG VINTAGE CHRISTMAS","23343",2011,11,1505,3055,2.07183098591549,137,"A",1054,1292,1283.66666666667,7.31721240835984,1505,1365,1360,1387,1360
"JUMBO BAG VINTAGE CHRISTMAS","23343",2011,12,429,806.02,2.05064516129032,30,"A",1505,1054,996,6.06378520868761,429,554,503,683,503
"JUMBO BAG VINTAGE DOILY","23203",2011,10,2242,4309.56,2.06573770491803,120,"A",2679,2049,2323.33333333333,7.71556953452021,2242,2193,2823,2454,2823
"JUMBO BAG VINTAGE DOILY","23203",2011,11,3010,5850.8,2.06222222222222,197,"A",2242,2679,2643.66666666667,8.01002752848173,3010,2830,3346,2659,3346
"JUMBO BAG VINTAGE DOILY","23203",2011,12,640,1244.2,2.06432432432432,36,"A",3010,2242,1964,6.46302945692067,640,1612,1020,1775,1020
"JUMBO BAG VINTAGE LEAF","23202",2011,10,1003,2009.39,2.155,94,"A",1366,1833,1400.66666666667,6.91174730025167,1003,1100,953,1136,953
"JUMBO BAG VINTAGE LEAF","23202",2011,11,1534,3010.27,2.09784615384615,128,"A",1003,1366,1301,7.3362856600213,1534,1284,1236,1325,1236
"JUMBO BAG VINTAGE LEAF","23202",2011,12,466,913.33,2.14068965517241,29,"A",1534,1003,1001,6.1463292576689,466,576,433,607,433
"JUMBO BAG WOODLAND ANIMALS","20712",2011,10,1041,1986.33,2.09339622641509,52,"A",1022,772,945,6.94889722231331,1041,912,933,881,933
"JUMBO BAG WOODLAND ANIMALS","20712",2011,11,656,1274.58,2.05964912280702,56,"A",1041,1022,906.333333333333,6.48768401848461,656,771,871,892,871
"JUMBO BAG WOODLAND ANIMALS","20712",2011,12,89,187.17,2.23769230769231,12,"A",656,1041,595.333333333333,4.49980967033027,89,223,164,250,164
"JUMBO SHOPPER VINTAGE RED PAISLEY","22411",2011,10,604,1197.82,2.13415384615385,64,"A",1512,1238,1118,6.40522845803084,604,918,690,1137,690
"JUMBO SHOPPER VINTAGE RED PAISLEY","22411",2011,11,1308,2515.94,2.09728155339806,103,"A",604,1512,1141.33333333333,7.1770187659099,1308,1086,1162,1339,1162
"JUMBO SHOPPER VINTAGE RED PAISLEY","22411",2011,12,439,843.62,2.11148148148148,27,"A",1308,604,783.666666666667,6.08677472691231,439,632,505,568,505
"JUMBO STORAGE BAG SKULLS","21930",2011,10,219,455.52,2.08,33,"A",1119,457,598.333333333333,5.39362754635236,219,474,404,479,404
"JUMBO STORAGE BAG SKULLS","21930",2011,11,537,1056.06,2.06720588235294,66,"A",219,1119,625,6.28785856016178,537,680,567,620,567
"JUMBO STORAGE BAG SKULLS","21930",2011,12,277,531.56,2.04555555555556,18,"A",537,219,344.333333333333,5.62762111369064,277,245,242,265,242
"JUMBO STORAGE BAG SUKI","21931",2011,10,1094,2090.62,2.11745762711864,59,"A",1035,1445,1191.33333333333,6.9985096422506,1094,1077,1129,1086,1129
"JUMBO STORAGE BAG SUKI","21931",2011,11,1076,2088.08,2.06387096774194,92,"A",1094,1035,1068.33333333333,6.98193467715639,1076,1045,1032,1118,1032
"JUMBO STORAGE BAG SUKI","21931",2011,12,301,588.38,2.04375,24,"A",1076,1094,823.666666666667,5.71042701737487,301,559,460,632,460
"JUNGLE POPSICLES ICE LOLLY MOULDS","84828",2011,10,27,34.96,1.5525,4,"B",13,13,17.6666666666667,3.3322045101752,27,26,30,25,30
"JUNGLE POPSICLES ICE LOLLY MOULDS","84828",2011,11,35,54.64,1.70375,8,"B",27,13,25,3.58351893845611,35,34,34,43,34
"JUNGLE POPSICLES ICE LOLLY MOULDS","84828",2011,12,29,41.09,1.65333333333333,3,"B",35,27,30.3333333333333,3.40119738166216,29,26,27,24,27
"KENSINGTON COFFEE SET","20748",2011,10,4,51,12.75,2,"C",5,2,3.66666666666667,1.6094379124341,4,3,3,3,3
"KENSINGTON COFFEE SET","20748",2011,11,14,178.5,12.75,7,"C",4,5,7.66666666666667,2.70805020110221,14,13,13,14,13
"KEY CABINET MA CAMPAGNE","22763",2011,10,18,173.3,9.76875,8,"B",15,9,14,2.94443897916644,18,17,16,19,16
"KEY CABINET MA CAMPAGNE","22763",2011,11,21,197.35,9.805,10,"B",18,15,18,3.09104245335832,21,20,20,25,20
"KEY CABINET MA CAMPAGNE","22763",2011,12,10,99.5,9.95,4,"B",21,18,16.3333333333333,2.39789527279837,10,10,10,10,10
"KEY FOB , BACK DOOR","21901",2011,10,102,69.24,0.725384615384615,26,"B",178,85,121.666666666667,4.63472898822964,102,135,123,149,123
"KEY FOB , BACK DOOR","21901",2011,11,114,80.96,0.734,34,"B",102,178,131.333333333333,4.74493212836325,114,130,134,165,134
"KEY FOB , BACK DOOR","21901",2011,12,55,37.71,0.7725,8,"B",114,102,90.3333333333333,4.02535169073515,55,69,76,84,76
"KEY FOB , FRONT  DOOR","21902",2011,10,88,59.16,0.753157894736842,19,"B",153,128,123,4.48863636973214,88,119,93,134,93
"KEY FOB , FRONT  DOOR","21902",2011,11,145,98.17,0.715333333333333,28,"B",88,153,128.666666666667,4.98360662170834,145,157,148,187,148
"KEY FOB , FRONT  DOOR","21902",2011,12,32,20.8,0.65,2,"B",145,88,88.3333333333333,3.49650756146648,32,36,37,33,37
"KEY FOB , SHED","21900",2011,10,133,104.09,0.831481481481481,27,"B",237,168,179.333333333333,4.89783979995091,133,170,149,189,149
"KEY FOB , SHED","21900",2011,11,136,100.16,0.758888888888889,36,"B",133,237,168.666666666667,4.91998092582813,136,180,141,234,141
"KEY FOB , SHED","21900",2011,12,63,40.95,0.65,6,"B",136,133,110.666666666667,4.15888308335967,63,69,61,79,61
"KEY RING BASEBALL BOOT ASSORTED","23500",2011,12,246,307.5,1.25,15,"B",664,670,526.666666666667,5.50938833662798,246,294,249,307,249
"KEY RING BASEBALL BOOT UNION JACK","23501",2011,12,471,525.75,1.22666666666667,16,"B",474,825,590,6.15697898558556,471,411,430,465,430
"KIDS RAIN MAC BLUE","21788",2011,10,215,153.95,0.825,8,"B",89,109,137.666666666667,5.37527840768417,215,173,189,146,189
"KIDS RAIN MAC BLUE","21788",2011,11,42,36.48,0.928,10,"B",215,89,115.333333333333,3.76120011569356,42,82,70,75,70
"KIDS RAIN MAC BLUE","21788",2011,12,48,40.8,0.85,2,"B",42,215,101.666666666667,3.89182029811063,48,20,31,32,31
"KIDS RAIN MAC PINK","21789",2011,10,94,75.1,0.821428571428571,7,"C",137,87,106,4.55387689160054,94,93,79,87,79
"KIDS RAIN MAC PINK","21789",2011,11,42,36.48,0.915,12,"C",94,137,91,3.76120011569356,42,68,64,76,64
"KIDS RAIN MAC PINK","21789",2011,12,24,20.4,0.85,1,"C",42,94,53.3333333333333,3.2188758248682,24,12,10,12,10
"KINGS CHOICE BISCUIT TIN","22357",2011,10,17,71.29,4.19,6,"B",10,7,11.3333333333333,2.89037175789616,17,17,17,17,17
"KINGS CHOICE BISCUIT TIN","22357",2011,11,36,145.8,4.1575,8,"B",17,10,21,3.61091791264422,36,33,35,34,35
"KINGS CHOICE BISCUIT TIN","22357",2011,12,10,42.38,4.22,4,"B",36,17,21,2.39789527279837,10,14,13,13,13
"KINGS CHOICE GIANT TUBE MATCHES","21586",2011,11,288,604.8,2.1,2,"B",18,30,112,5.66642668811243,288,133,306,138,306
"KINGS CHOICE MUG","21875",2011,10,65,84.61,1.97454545454545,11,"B",38,631,244.666666666667,4.18965474202643,65,131,103,122,103
"KINGS CHOICE MUG","21875",2011,11,97,118.49,1.50933333333333,15,"B",65,38,66.6666666666667,4.58496747867057,97,92,97,103,97
"KINGS CHOICE MUG","21875",2011,12,63,73.95,1.51428571428571,7,"B",97,65,75,4.15888308335967,63,54,55,53,55
"KINGS CHOICE TEA CADDY","22358",2011,10,13,41.19,3.42333333333333,6,"B",28,16,19,2.63905732961526,13,18,15,16,15
"KINGS CHOICE TEA CADDY","22358",2011,11,40,120.84,3.20818181818182,11,"B",13,28,27,3.71357206670431,40,37,37,42,37
"KINGS CHOICE TEA CADDY","22358",2011,12,10,29.5,2.95,3,"B",40,13,21,2.39789527279837,10,12,10,13,10
"KITCHEN METAL SIGN","82578",2011,10,151,85.85,0.627777777777778,18,"B",160,227,179.333333333333,5.02388052084628,151,176,153,190,153
"KITCHEN METAL SIGN","82578",2011,11,64,35.9,0.576923076923077,26,"B",151,160,125,4.17438726989564,64,112,91,131,91
"KITCHEN METAL SIGN","82578",2011,12,293,128.65,0.524,5,"B",64,151,169.333333333333,5.68357976733868,293,185,310,204,310
"KITTENS DESIGN FLANNEL","21944",2011,10,4,3.4,0.85,2,"C",12,24,13.3333333333333,1.6094379124341,4,7,6,10,6
"KITTENS DESIGN FLANNEL","21944",2011,11,60,51,0.85,11,"C",4,12,25.3333333333333,4.11087386417331,60,55,67,86,67
"KITTENS DESIGN FLANNEL","21944",2011,12,42,16.38,0.39,6,"C",60,4,35.3333333333333,3.76120011569356,42,40,39,41,39
"KITTY PENCIL ERASERS","16236",2011,10,131,27.51,0.21,11,"C",89,56,92,4.88280192258637,131,128,125,156,125
"KITTY PENCIL ERASERS","16236",2011,11,235,49.35,0.21,16,"C",131,89,151.666666666667,5.46383180502561,235,241,220,260,220
"KITTY PENCIL ERASERS","16236",2011,12,42,8.82,0.21,7,"C",235,131,136,3.76120011569356,42,94,66,102,66
"KNEELING MAT HOUSEWORK  DESIGN","23302",2011,10,95,156.75,1.65,20,"B",100,125,106.666666666667,4.56434819146784,95,111,102,122,102
"KNEELING MAT HOUSEWORK  DESIGN","23302",2011,11,227,355.35,1.64473684210526,35,"B",95,100,140.666666666667,5.42934562895444,227,207,207,255,207
"KNEELING MAT HOUSEWORK  DESIGN","23302",2011,12,426,337.4,0.847333333333333,15,"B",227,95,249.333333333333,6.05678401322862,426,330,401,308,401
"KNICKERBOCKERGLORY MAGNET ASSORTED","23155",2011,10,168,139.44,0.83,10,"B",90,112,123.333333333333,5.12989871492307,168,148,155,124,155
"KNICKERBOCKERGLORY MAGNET ASSORTED","23155",2011,11,163,135.29,0.83,11,"B",168,90,140.333333333333,5.0998664278242,163,146,152,160,152
"KNICKERBOCKERGLORY MAGNET ASSORTED","23155",2011,12,6,4.98,0.83,1,"B",163,168,112.333333333333,1.94591014905531,6,10,8,9,8
"KNITTED UNION FLAG HOT WATER BOTTLE","84029G",2011,10,228,936.26,4.4197619047619,42,"A",297,86,203.666666666667,5.43372200355424,228,228,216,202,216
"KNITTED UNION FLAG HOT WATER BOTTLE","84029G",2011,11,637,2492.09,4.30581081081081,72,"A",228,297,387.333333333333,6.45833828334479,637,568,680,536,680
"KNITTED UNION FLAG HOT WATER BOTTLE","84029G",2011,12,192,762,4.16304347826087,22,"A",637,228,352.333333333333,5.26269018890489,192,234,212,214,212
"LA PALMIERA TILE COASTER","84926D",2011,10,31,11.16,0.8325,4,"C",100,96,75.6666666666667,3.46573590279973,31,46,43,48,43
"LA PALMIERA TILE COASTER","84926D",2011,11,57,18.7,0.8325,4,"C",31,100,62.6666666666667,4.06044301054642,57,50,49,50,49
"LA PALMIERA TILE COASTER","84926D",2011,12,29,10.58,1.01333333333333,3,"C",57,31,39,3.40119738166216,29,29,27,32,27
"LADIES & GENTLEMEN METAL SIGN","85150",2011,10,222,566.1,2.55,40,"A",663,1,295.333333333333,5.40717177146012,222,276,242,281,242
"LADIES & GENTLEMEN METAL SIGN","85150",2011,11,348,822.6,2.52127659574468,47,"A",222,663,411,5.85507192220243,348,470,430,445,430
"LADIES & GENTLEMEN METAL SIGN","85150",2011,12,100,255,2.55,19,"A",348,222,223.333333333333,4.61512051684126,100,152,122,175,122
"LADS ONLY TISSUE BOX","22095",2011,10,215,207.69,0.447333333333333,14,"B",135,33,127.666666666667,5.37527840768417,215,199,212,219,212
"LADS ONLY TISSUE BOX","22095",2011,11,400,362.4,0.412631578947368,33,"B",215,135,250,5.99396142730657,400,369,372,386,372
"LADS ONLY TISSUE BOX","22095",2011,12,139,136.77,0.605,4,"B",400,215,251.333333333333,4.9416424226093,139,110,118,92,118
"LANDMARK FRAME BAKER STREET","23557",2011,12,4,50,12.5,2,"A",21,322,115.666666666667,1.6094379124341,4,9,5,7,5
"LANDMARK FRAME CAMDEN TOWN","23553",2011,12,138,1523.5,11.9833333333333,6,"A",68,351,185.666666666667,4.93447393313069,138,70,31,39,31
"LANDMARK FRAME COVENT GARDEN","23556",2011,12,11,137.5,12.5,5,"A",44,380,145,2.484906649788,11,37,12,17,12
"LANDMARK FRAME LONDON BRIDGE","23558",2011,12,8,100,12.5,5,"A",38,364,136.666666666667,2.19722457733622,8,36,10,17,10
"LANDMARK FRAME NOTTING HILL","23555",2011,12,9,112.5,12.5,4,"A",36,374,139.666666666667,2.30258509299405,9,26,9,13,9
"LANDMARK FRAME OXFORD STREET","23554",2011,12,7,87.5,12.5,3,"A",37,375,139.666666666667,2.07944154167984,7,15,6,9,6
"LANTERN CREAM GAZEBO","22784",2011,10,43,218.69,5.315,16,"A",106,128,92.3333333333333,3.78418963391826,43,61,52,73,52
"LANTERN CREAM GAZEBO","22784",2011,11,114,569.94,5.50586206896552,28,"A",43,106,87.6666666666667,4.74493212836325,114,111,108,114,108
"LANTERN CREAM GAZEBO","22784",2011,12,31,159.29,5.59888888888889,9,"A",114,43,62.6666666666667,3.46573590279973,31,38,29,34,29
"LARGE  TALL CAMPHOR WOOD TOADSTOOL","21376",2011,10,5,27.25,5.45,2,"C",2,6,4.33333333333333,1.79175946922805,5,5,5,5,5
"LARGE  TALL CAMPHOR WOOD TOADSTOOL","21376",2011,12,2,2.5,1.25,1,"C",5,2,3,1.09861228866811,2,2,2,2,2
"LARGE ANTIQUE WHITE PHOTO FRAME","23092",2011,10,21,165.9,7.9,10,"A",208,28,85.6666666666667,3.09104245335832,21,46,29,32,29
"LARGE ANTIQUE WHITE PHOTO FRAME","23092",2011,11,54,411.6,7.8375,20,"A",21,208,94.3333333333333,4.00733318523247,54,94,69,71,69
"LARGE ANTIQUE WHITE PHOTO FRAME","23092",2011,12,20,143,7.5875,4,"A",54,21,31.6666666666667,3.04452243772342,20,14,15,15,15
"LARGE APOTHECARY MEASURING JAR","23018",2011,10,2,25,12.5,1,"C",14,13,9.66666666666667,1.09861228866811,2,2,2,2,2
"LARGE APOTHECARY MEASURING JAR","23018",2011,11,3,37.5,12.5,2,"C",2,14,6.33333333333333,1.38629436111989,3,4,3,3,3
"LARGE BLUE PROVENCAL CERAMIC BALL","20795",2011,11,2,4.2,2.1,2,"C",12,6,6.66666666666667,1.09861228866811,2,4,3,6,3
"LARGE BLUE PROVENCAL CERAMIC BALL","20795",2011,12,6,12.6,2.1,1,"C",2,12,6.66666666666667,1.94591014905531,6,5,5,4,5
"LARGE BONNE JAM JAR  T-LIGHT HOLDER","23024",2011,10,10,28.9,2.89,1,"C",66,4,26.6666666666667,2.39789527279837,10,6,6,6,6
"LARGE BONNE JAM JAR  T-LIGHT HOLDER","23024",2011,11,36,89.64,2.49,1,"C",10,66,37.3333333333333,3.61091791264422,36,6,13,7,13
"LARGE CAKE STAND  HANGING STRAWBERY","22061",2011,10,23,228.85,9.95,9,"A",5,2,10,3.17805383034795,23,19,23,25,23
"LARGE CAKE STAND  HANGING STRAWBERY","22061",2011,11,45,412.95,9.72692307692308,13,"A",23,5,24.3333333333333,3.8286413964891,45,37,40,37,40
"LARGE CAKE STAND  HANGING STRAWBERY","22061",2011,12,220,649,2.95,16,"A",45,23,96,5.39816270151775,220,193,230,169,230
"LARGE CAKE TOWEL CHOCOLATE SPOTS","21109",2011,10,14,84.9,6.35,2,"B",4,2,6.66666666666667,2.70805020110221,14,11,14,9,14
"LARGE CAKE TOWEL CHOCOLATE SPOTS","21109",2011,11,62,375.3,6.48333333333333,9,"B",14,4,26.6666666666667,4.14313472639153,62,46,62,46,62
"LARGE CAKE TOWEL CHOCOLATE SPOTS","21109",2011,12,241,469.95,1.95,20,"B",62,14,105.666666666667,5.48893772615669,241,205,250,207,250
"LARGE CAKE TOWEL PINK SPOTS","21110",2011,10,55,241.65,5.35,4,"B",14,1,23.3333333333333,4.02535169073515,55,37,54,29,54
"LARGE CAKE TOWEL PINK SPOTS","21110",2011,11,54,326.1,6.55,8,"B",55,14,41,4.00733318523247,54,47,42,34,42
"LARGE CAMPHOR WOOD FIELD MUSHROOM","21375",2011,10,1,5.45,5.45,1,"C",2,2,1.66666666666667,0.693147180559945,1,1,1,2,1
"LARGE CAMPHOR WOOD FIELD MUSHROOM","21375",2011,12,3,3.75,1.25,1,"C",1,2,2,1.38629436111989,3,2,3,2,3
"LARGE CERAMIC TOP STORAGE JAR","23165",2011,10,303,480.75,1.63709677419355,30,"A",310,469,360.666666666667,5.71702770140622,303,327,319,388,319
"LARGE CERAMIC TOP STORAGE JAR","23165",2011,11,305,493.65,1.64375,31,"A",303,310,306,5.72358510195238,305,304,317,338,317
"LARGE CERAMIC TOP STORAGE JAR","23165",2011,12,195,292.95,1.61363636363636,11,"A",305,303,267.666666666667,5.27811465923052,195,159,165,163,165
"LARGE CHINESE STYLE SCISSOR","16016",2011,10,40,34,0.85,4,"B",50,65,51.6666666666667,3.71357206670431,40,43,41,49,41
"LARGE CHINESE STYLE SCISSOR","16016",2011,11,140,119,0.85,8,"B",40,50,76.6666666666667,4.94875989037817,140,130,155,127,155
"LARGE CHINESE STYLE SCISSOR","16016",2011,12,80,68,0.85,5,"B",140,40,86.6666666666667,4.39444915467244,80,60,82,72,82
"LARGE CIRCULAR MIRROR MOBILE","75049L",2011,10,62,77.5,1.25,6,"A",430,1020,504,4.14313472639153,62,127,136,92,136
"LARGE CIRCULAR MIRROR MOBILE","75049L",2011,11,853,759.05,1.13888888888889,16,"A",62,430,448.333333333333,6.74993119378857,853,544,751,641,751
"LARGE CIRCULAR MIRROR MOBILE","75049L",2011,12,8,10,1.25,2,"A",853,62,307.666666666667,2.19722457733622,8,24,15,27,15
"LARGE DECO JEWELLERY STAND","23065",2011,10,10,125,12.5,8,"A",53,19,27.3333333333333,2.39789527279837,10,15,10,13,10
"LARGE HANGING IVORY & RED WOOD BIRD","85199L",2011,10,165,107.25,0.65,8,"C",179,24,122.666666666667,5.11198778835654,165,145,161,128,161
"LARGE HANGING IVORY & RED WOOD BIRD","85199L",2011,11,157,102.05,0.65,9,"C",165,179,167,5.06259503302697,157,140,138,129,138
"LARGE HANGING IVORY & RED WOOD BIRD","85199L",2011,12,60,39,0.65,1,"C",157,165,127.333333333333,4.11087386417331,60,16,12,13,12
"LARGE HEART MEASURING SPOONS","22195",2011,10,267,452.43,1.97,25,"A",68,64,133,5.59098698051086,267,233,254,280,254
"LARGE HEART MEASURING SPOONS","22195",2011,11,254,430.98,1.84272727272727,33,"A",267,68,196.333333333333,5.54126354515843,254,246,237,245,237
"LARGE HEART MEASURING SPOONS","22195",2011,12,68,122.04,1.7525,15,"A",254,267,196.333333333333,4.23410650459726,68,117,97,130,97
"LARGE IVORY HEART WALL ORGANISER","23133",2011,10,299,1816.35,7.70857142857143,21,"A",68,44,137,5.7037824746562,299,249,278,244,278
"LARGE IVORY HEART WALL ORGANISER","23133",2011,11,155,968.71,7.91421052631579,19,"A",299,68,174,5.04985600724954,155,164,154,125,154
"LARGE IVORY HEART WALL ORGANISER","23133",2011,12,13,95.25,7.85,3,"A",155,299,155.666666666667,2.63905732961526,13,15,8,16,8
"LARGE MEDINA STAMPED METAL BOWL","21682",2011,10,49,242.55,4.95,9,"B",6,6,20.3333333333333,3.91202300542815,49,40,46,50,46
"LARGE MEDINA STAMPED METAL BOWL","21682",2011,11,16,79.2,4.95,7,"B",49,6,23.6666666666667,2.83321334405622,16,21,16,16,16
"LARGE MEDINA STAMPED METAL BOWL","21682",2011,12,1,4.95,4.95,1,"B",16,49,22,0.693147180559945,1,4,3,3,3
"LARGE MINT DIAMANTE HAIRSLIDE","90205A",2011,11,2,3.3,1.65,1,"C",4,9,5,1.09861228866811,2,2,2,3,2
"LARGE PARLOUR PICTURE FRAME","23457",2011,12,17,84.15,4.95,7,"C",30,30,25.6666666666667,2.89037175789616,17,20,18,20,18
"LARGE PURPLE BABUSHKA NOTEBOOK","22758",2011,10,33,42.46,1.36,11,"B",33,67,44.3333333333333,3.52636052461616,33,42,36,49,36
"LARGE PURPLE BABUSHKA NOTEBOOK","22758",2011,11,100,116.16,1.51461538461538,13,"B",33,33,55.3333333333333,4.61512051684126,100,88,107,90,107
"LARGE PURPLE BABUSHKA NOTEBOOK","22758",2011,12,528,215.06,0.487666666666667,30,"B",100,33,220.333333333333,6.2709884318583,528,492,603,578,603
"LARGE RED BABUSHKA NOTEBOOK","22757",2011,10,26,34.92,1.492,10,"B",40,95,53.6666666666667,3.29583686600433,26,41,31,46,31
"LARGE RED BABUSHKA NOTEBOOK","22757",2011,11,74,100.97,1.40125,16,"B",26,40,46.6666666666667,4.31748811353631,74,71,70,82,70
"LARGE RED BABUSHKA NOTEBOOK","22757",2011,12,356,142.63,0.498518518518519,27,"B",74,26,152,5.87773578177964,356,338,391,411,391
"LARGE RED RETROSPOT WINDMILL","21749",2011,10,2,4.2,2.1,2,"A",5,17,8,1.09861228866811,2,4,3,5,3
"LARGE RED RETROSPOT WINDMILL","21749",2011,11,15,31.5,2.1,3,"A",2,5,7.33333333333333,2.77258872223978,15,12,14,13,14
"LARGE ROUND WICKER PLATTER","21742",2011,10,19,113.05,5.95,11,"B",21,6,15.3333333333333,2.99573227355399,19,23,18,27,18
"LARGE ROUND WICKER PLATTER","21742",2011,11,68,404.6,5.95,21,"B",19,21,36,4.23410650459726,68,62,71,68,71
"LARGE ROUND WICKER PLATTER","21742",2011,12,20,119,5.95,10,"B",68,19,35.6666666666667,3.04452243772342,20,29,25,22,25
"LARGE SKULL WINDMILL","21750",2011,10,3,6.3,2.1,2,"C",6,5,4.66666666666667,1.38629436111989,3,4,3,5,3
"LARGE STRIPES CHOCOLATE GIFT BAG","21289",2011,10,32,40,1.25,2,"C",32,48,37.3333333333333,3.49650756146648,32,19,23,17,23
"LARGE STRIPES CHOCOLATE GIFT BAG","21289",2011,11,20,25,1.25,2,"C",32,32,28,3.04452243772342,20,14,17,14,17
"LARGE WHITE HEART OF WICKER","23322",2011,10,562,1515.48,2.92489361702128,94,"A",561,451,524.666666666667,6.33327962813969,562,602,641,585,641
"LARGE WHITE HEART OF WICKER","23322",2011,11,769,2111.47,2.97447552447552,141,"A",562,561,630.666666666667,6.64639051484773,769,747,799,711,799
"LARGE WHITE HEART OF WICKER","23322",2011,12,68,200.6,2.95,20,"A",769,562,466.333333333333,4.23410650459726,68,224,129,239,129
"LARGE WHITE HONEYCOMB PAPER BELL","21191",2011,10,28,58.8,2.1,6,"B",13,14,18.3333333333333,3.36729582998647,28,27,23,27,23
"LARGE WHITE HONEYCOMB PAPER BELL","21191",2011,11,91,191.1,2.1,11,"B",28,13,44,4.52178857704904,91,82,86,82,86
"LARGE WHITE HONEYCOMB PAPER BELL","21191",2011,12,34,71.4,2.1,2,"B",91,28,51,3.55534806148941,34,14,24,14,24
"LARGE YELLOW BABUSHKA NOTEBOOK","22756",2011,10,9,11.25,1.25,7,"C",8,57,24.6666666666667,2.30258509299405,9,22,13,19,13
"LARGE YELLOW BABUSHKA NOTEBOOK","22756",2011,11,63,81.17,1.45166666666667,12,"C",9,8,26.6666666666667,4.15888308335967,63,56,63,76,63
"LARGE YELLOW BABUSHKA NOTEBOOK","22756",2011,12,169,70.05,0.4935,20,"C",63,9,80.3333333333333,5.13579843705026,169,168,201,175,201
"LARGE ZINC GLASS CANDLEHOLDER","72812",2011,10,5,20.65,4.13,1,"C",6,6,5.66666666666667,1.79175946922805,5,4,4,3,4
"LARGE ZINC GLASS CANDLEHOLDER","72812",2011,12,1,4.13,4.13,1,"C",5,6,4,0.693147180559945,1,2,1,2,1
"LAUNDRY 15C METAL SIGN","82551",2011,10,75,111.78,1.58173913043478,23,"A",387,166,209.333333333333,4.33073334028633,75,163,129,176,129
"LAUNDRY 15C METAL SIGN","82551",2011,11,467,681.82,1.57764705882353,34,"A",75,387,309.666666666667,6.14846829591765,467,405,439,440,439
"LAUNDRY 15C METAL SIGN","82551",2011,12,33,51.89,1.7025,4,"A",467,75,191.666666666667,3.52636052461616,33,53,50,33,50
"LAUREL HEART ANTIQUE GOLD","23216",2011,10,61,81.09,1.5525,8,"C",255,24,113.333333333333,4.12713438504509,61,68,55,54,55
"LAUREL HEART ANTIQUE GOLD","23216",2011,11,88,116.05,1.42285714285714,13,"C",61,255,134.666666666667,4.48863636973214,88,97,88,80,88
"LAUREL HEART ANTIQUE GOLD","23216",2011,12,4,5,1.25,3,"C",88,61,51,1.6094379124341,4,20,18,20,18
"LAUREL HEART ANTIQUE SILVER","23217",2011,10,358,423.15,1.50772727272727,21,"B",371,57,262,5.88332238848828,358,315,315,276,315
"LAUREL HEART ANTIQUE SILVER","23217",2011,11,217,306.34,1.43615384615385,25,"B",358,371,315.333333333333,5.38449506278909,217,245,212,291,212
"LAUREL HEART ANTIQUE SILVER","23217",2011,12,171,194.4,1.41666666666667,6,"B",217,358,248.666666666667,5.14749447681345,171,126,113,92,113
"LAUREL STAR ANTIQUE GOLD","23218",2011,10,30,42.34,1.5525,4,"C",127,72,76.3333333333333,3.43398720448515,30,30,23,29,23
"LAUREL STAR ANTIQUE GOLD","23218",2011,11,139,178.59,1.41133333333333,15,"C",30,127,98.6666666666667,4.9416424226093,139,138,137,131,137
"LAUREL STAR ANTIQUE GOLD","23218",2011,12,4,5,1.25,1,"C",139,30,57.6666666666667,1.6094379124341,4,9,6,7,6
"LAUREL STAR ANTIQUE SILVER","23219",2011,10,72,84.96,1.22375,8,"C",114,14,66.6666666666667,4.29045944114839,72,72,65,70,65
"LAUREL STAR ANTIQUE SILVER","23219",2011,11,142,179.92,1.3468,22,"C",72,114,109.333333333333,4.96284463025991,142,137,133,137,133
"LAUREL STAR ANTIQUE SILVER","23219",2011,12,31,38.75,1.25,3,"C",142,72,81.6666666666667,3.46573590279973,31,22,25,29,25
"LAVENDER INCENSE 40 CONES IN TIN","17090A",2011,10,6,7.5,1.25,1,"C",2,6,4.66666666666667,1.94591014905531,6,5,5,3,5
"LAVENDER INCENSE 40 CONES IN TIN","17090A",2011,11,9,11.25,1.25,1,"C",6,2,5.66666666666667,2.30258509299405,9,6,6,5,6
"LAVENDER SCENT CAKE CANDLE","72225C",2011,10,48,13.92,0.29,2,"C",168,24,80,3.89182029811063,48,46,47,55,47
"LAVENDER SCENT CAKE CANDLE","72225C",2011,11,96,27.84,0.29,3,"C",48,168,104,4.57471097850338,96,72,86,70,86
"LAVENDER SCENTED FABRIC HEART","21114",2011,10,100,121.2,1.22888888888889,9,"B",100,115,105,4.61512051684126,100,101,101,89,101
"LAVENDER SCENTED FABRIC HEART","21114",2011,11,97,140.33,2.045,12,"B",100,100,99,4.58496747867057,97,93,93,100,93
"LAVENDER SCENTED FABRIC HEART","21114",2011,12,10,12.5,1.25,1,"B",97,100,69,2.39789527279837,10,8,7,8,7
"LAVENDER TOILETTE BOTTLE","23418",2011,11,62,128.96,2.08,16,"B",186,254,167.333333333333,4.14313472639153,62,100,77,112,77
"LAVENDER TOILETTE BOTTLE","23418",2011,12,31,64.48,2.08,7,"B",62,186,93,3.46573590279973,31,52,49,49,49
"LAZER CUT NECKLACE W PASTEL BEADS","90154",2011,11,1,8.95,8.95,1,"C",52,1,18,0.693147180559945,1,3,2,3,2
"LE GRAND TRAY CHIC SET","23094",2011,10,24,300,12.5,15,"B",7,21,17.3333333333333,3.2188758248682,24,25,25,26,25
"LE GRAND TRAY CHIC SET","23094",2011,11,11,137.5,12.5,8,"B",24,7,14,2.484906649788,11,14,11,16,11
"LE JARDIN BOTANIQUE CUSHION COVER","23396",2011,11,186,691.98,3.74115384615385,50,"B",208,98,164,5.23110861685459,186,194,181,208,181
"LE JARDIN BOTANIQUE CUSHION COVER","23396",2011,12,29,108.75,3.75,9,"B",186,208,141,3.40119738166216,29,56,41,55,41
"LED TEA LIGHTS","23109",2011,10,12,34.68,2.89,1,"B",12,6,10,2.56494935746154,12,7,9,6,9
"LETS GO SHOPPING COTTON TOTE BAG","21576",2011,10,27,63.46,2.70166666666667,6,"C",8,29,21.3333333333333,3.3322045101752,27,25,22,25,22
"LETS GO SHOPPING COTTON TOTE BAG","21576",2011,11,15,33.75,2.25,5,"C",27,8,16.6666666666667,2.77258872223978,15,16,15,17,15
"LETS GO SHOPPING COTTON TOTE BAG","21576",2011,12,12,27,2.25,2,"C",15,27,18,2.56494935746154,12,12,11,9,11
"LETTER ""A"" BLING KEY RING","90214A",2011,10,2,2.5,1.25,1,"C",12,7,7,1.09861228866811,2,2,2,3,2
"LETTER ""A"" BLING KEY RING","90214A",2011,11,15,18.75,1.25,4,"C",2,12,9.66666666666667,2.77258872223978,15,13,14,16,14
"LETTER ""A"" BLING KEY RING","90214A",2011,12,24,6.96,0.29,2,"C",15,2,13.6666666666667,3.2188758248682,24,18,19,21,19
"LETTER ""C"" BLING KEY RING","90214C",2011,11,6,7.5,1.25,1,"C",18,1,8.33333333333333,1.94591014905531,6,4,4,4,4
"LETTER ""C"" BLING KEY RING","90214C",2011,12,26,7.54,0.29,4,"C",6,18,16.6666666666667,3.29583686600433,26,24,28,32,28
"LETTER ""D"" BLING KEY RING","90214D",2011,10,1,1.25,1.25,1,"C",6,1,2.66666666666667,0.693147180559945,1,2,1,2,1
"LETTER ""D"" BLING KEY RING","90214D",2011,11,6,7.5,1.25,1,"C",1,6,4.33333333333333,1.94591014905531,6,5,6,4,6
"LETTER ""D"" BLING KEY RING","90214D",2011,12,24,6.96,0.29,2,"C",6,1,10.3333333333333,3.2188758248682,24,20,23,26,23
"LETTER ""E"" BLING KEY RING","90214E",2011,11,6,7.5,1.25,1,"C",7,3,5.33333333333333,1.94591014905531,6,4,4,3,4
"LETTER ""E"" BLING KEY RING","90214E",2011,12,25,7.25,0.29,3,"C",6,7,12.6666666666667,3.25809653802148,25,24,23,30,23
"LETTER ""G"" BLING KEY RING","90214G",2011,11,6,7.5,1.25,1,"C",1,1,2.66666666666667,1.94591014905531,6,4,6,3,6
"LETTER ""G"" BLING KEY RING","90214G",2011,12,25,7.25,0.29,3,"C",6,1,10.6666666666667,3.25809653802148,25,22,24,30,24
"LETTER ""H"" BLING KEY RING","90214H",2011,12,13,3.77,0.29,2,"C",7,2,7.33333333333333,2.63905732961526,13,11,11,13,11
"LETTER ""J"" BLING KEY RING","90214J",2011,11,6,7.5,1.25,1,"C",2,3,3.66666666666667,1.94591014905531,6,5,5,3,5
"LETTER ""J"" BLING KEY RING","90214J",2011,12,12,3.48,0.29,1,"C",6,2,6.66666666666667,2.56494935746154,12,9,12,8,12
"LETTER ""K"" BLING KEY RING","90214K",2011,11,6,7.5,1.25,1,"C",6,3,5,1.94591014905531,6,4,5,4,5
"LETTER ""K"" BLING KEY RING","90214K",2011,12,25,7.25,0.29,3,"C",6,6,12.3333333333333,3.25809653802148,25,24,24,33,24
"LETTER ""L"" BLING KEY RING","90214L",2011,10,1,1.25,1.25,1,"C",12,2,5,0.693147180559945,1,2,1,3,1
"LETTER ""L"" BLING KEY RING","90214L",2011,12,36,10.44,0.29,2,"C",1,12,16.3333333333333,3.61091791264422,36,27,38,37,38
"LETTER ""M"" BLING KEY RING","90214M",2011,11,6,7.5,1.25,1,"C",1,8,5,1.94591014905531,6,4,4,3,4
"LETTER ""M"" BLING KEY RING","90214M",2011,12,12,3.48,0.29,1,"C",6,1,6.33333333333333,2.56494935746154,12,8,12,7,12
"LETTER ""N"" BLING KEY RING","90214N",2011,11,2,2.5,1.25,1,"C",1,2,1.66666666666667,1.09861228866811,2,2,2,2,2
"LETTER ""N"" BLING KEY RING","90214N",2011,12,13,3.77,0.29,2,"C",2,1,5.33333333333333,2.63905732961526,13,11,13,13,13
"LETTER ""P"" BLING KEY RING","90214P",2011,12,25,7.25,0.29,3,"C",1,1,9,3.25809653802148,25,19,26,27,26
"LETTER ""R"" BLING KEY RING","90214R",2011,12,13,3.77,0.29,2,"C",1,1,5,2.63905732961526,13,11,14,13,14
"LETTER ""S"" BLING KEY RING","90214S",2011,12,25,7.25,0.29,3,"C",12,3,13.3333333333333,3.25809653802148,25,25,28,31,28
"LETTER ""V"" BLING KEY RING","90214V",2011,12,12,3.48,0.29,1,"C",1,1,4.66666666666667,2.56494935746154,12,6,13,6,13
"LETTER HOLDER HOME SWEET HOME","23403",2011,11,196,572.44,3.66241379310345,29,"B",245,126,189,5.28320372873799,196,190,172,182,172
"LETTER HOLDER HOME SWEET HOME","23403",2011,12,28,105,3.75,6,"B",196,245,156.333333333333,3.36729582998647,28,56,36,48,36
"LETTER SHAPE PENCIL SHARPENER","16216",2011,10,195,11.7,0.06,5,"C",166,400,253.666666666667,5.27811465923052,195,153,142,143,142
"LETTER SHAPE PENCIL SHARPENER","16216",2011,11,394,24.72,0.096,10,"C",195,166,251.666666666667,5.97888576490112,394,349,406,308,406
"LETTER SHAPE PENCIL SHARPENER","16216",2011,12,110,6.6,0.06,3,"C",394,195,233,4.70953020131233,110,99,126,119,126
"LIGHT GARLAND BUTTERFILES PINK","22780",2011,10,44,187,4.25,12,"A",108,13,55,3.80666248977032,44,47,37,42,37
"LIGHT GARLAND BUTTERFILES PINK","22780",2011,11,84,357,4.25,21,"A",44,108,78.6666666666667,4.44265125649032,84,90,81,87,81
"LIGHT GARLAND BUTTERFILES PINK","22780",2011,12,18,76.5,4.25,5,"A",84,44,48.6666666666667,2.94443897916644,18,28,23,24,23
"LILAC DIAMANTE PEN IN GIFT BOX","21851",2011,10,5,28.09,6.06333333333333,3,"C",4,1,3.33333333333333,1.79175946922805,5,5,5,5,5
"LILAC DIAMANTE PEN IN GIFT BOX","21851",2011,11,2,13.24,6.62,2,"C",5,4,3.66666666666667,1.09861228866811,2,3,3,3,3
"LILY BROOCH AMETHYST COLOUR","90081A",2011,10,1,4.95,4.95,1,"C",3,1,1.66666666666667,0.693147180559945,1,1,1,2,1
"LILY BROOCH AMETHYST COLOUR","90081A",2011,11,2,9.9,4.95,1,"C",1,3,2,1.09861228866811,2,2,2,2,2
"LILY BROOCH AMETHYST COLOUR","90081A",2011,12,2,9.9,4.95,1,"C",2,1,1.66666666666667,1.09861228866811,2,2,2,2,2
"LILY BROOCH OLIVE COLOUR","90081C",2011,10,1,4.95,4.95,1,"C",3,3,2.33333333333333,0.693147180559945,1,1,1,2,1
"LILY BROOCH OLIVE COLOUR","90081C",2011,12,1,4.95,4.95,1,"C",1,3,1.66666666666667,0.693147180559945,1,1,1,2,1
"LIPSTICK PEN BABY PINK","22420",2011,10,131,58.04,0.595555555555556,9,"C",52,111,98,4.88280192258637,131,130,130,119,130
"LIPSTICK PEN BABY PINK","22420",2011,11,314,136.95,0.480769230769231,25,"C",131,52,165.666666666667,5.75257263882563,314,294,298,313,298
"LIPSTICK PEN BABY PINK","22420",2011,12,27,13.8,0.5225,4,"C",314,131,157.333333333333,3.3322045101752,27,67,68,57,68
"LIPSTICK PEN FUSCHIA","22421",2011,10,206,92.41,0.544375,16,"B",224,17,149,5.33271879326537,206,204,211,223,211
"LIPSTICK PEN FUSCHIA","22421",2011,11,482,191.82,0.470344827586207,29,"B",206,224,304,6.18001665365257,482,433,461,423,461
"LIPSTICK PEN FUSCHIA","22421",2011,12,68,33.48,0.5225,4,"B",482,206,252,4.23410650459726,68,99,79,55,79
"LIPSTICK PEN RED","22419",2011,10,334,167.08,0.5195,20,"B",98,212,214.666666666667,5.81413053182507,334,301,331,323,331
"LIPSTICK PEN RED","22419",2011,11,515,258.68,0.455909090909091,39,"B",334,98,315.666666666667,6.24610676548156,515,471,491,473,491
"LIPSTICK PEN RED","22419",2011,12,141,76.03,0.457272727272727,11,"B",515,334,330,4.95582705760126,141,201,194,222,194
"LITTLE GREEN MONSTER SOFT TOY","20697",2011,11,3,7.65,2.55,2,"C",5,4,4,1.38629436111989,3,4,3,4,3
"LITTLE PINK MONSTER SOFT TOY","20698",2011,11,5,12.75,2.55,2,"C",5,3,4.33333333333333,1.79175946922805,5,4,4,5,4
"LOCAL CAFE MUG","22190",2011,10,9,20.7,2.34,3,"B",51,3,21,2.30258509299405,9,11,8,11,8
"LOCAL CAFE MUG","22190",2011,11,47,104.1,2.23090909090909,11,"B",9,51,35.6666666666667,3.87120101090789,47,45,43,48,43
"LOCAL CAFE MUG","22190",2011,12,129,57.87,0.8625,8,"B",47,9,61.6666666666667,4.86753445045558,129,122,126,120,126
"LOLITA  DESIGN  COTTON TOTE BAG","21579",2011,10,14,31.5,2.25,4,"C",13,12,13,2.70805020110221,14,14,15,16,15
"LOLITA  DESIGN  COTTON TOTE BAG","21579",2011,11,3,6.75,2.25,2,"C",14,13,10,1.38629436111989,3,5,4,5,4
"LOLITA  DESIGN  COTTON TOTE BAG","21579",2011,12,18,40.5,2.25,2,"C",3,14,11.6666666666667,2.94443897916644,18,14,16,12,16
"LONDON BUS COFFEE MUG","22970",2011,10,404,900.6,2.5125,24,"A",277,122,267.666666666667,6.00388706710654,404,360,374,293,374
"LONDON BUS COFFEE MUG","22970",2011,11,298,727.5,2.52428571428571,34,"A",404,277,326.333333333333,5.70044357339069,298,317,311,320,311
"LONDON BUS COFFEE MUG","22970",2011,12,83,211.65,2.55,12,"A",298,404,261.666666666667,4.43081679884331,83,120,96,133,96
"LOVE BUILDING BLOCK WORD","21755",2011,10,112,683.8,6.22317073170732,41,"A",163,111,128.666666666667,4.72738781871234,112,136,120,139,120
"LOVE BUILDING BLOCK WORD","21755",2011,11,174,1044.3,6.19782608695652,46,"A",112,163,149.666666666667,5.16478597392351,174,170,167,194,167
"LOVE BUILDING BLOCK WORD","21755",2011,12,31,199.96,6.7675,12,"A",174,112,105.666666666667,3.46573590279973,31,64,45,58,45
"LOVE GARLAND PAINTED ZINC","22341",2011,10,14,24.74,2.19666666666667,3,"C",49,25,29.3333333333333,2.70805020110221,14,15,15,14,15
"LOVE GARLAND PAINTED ZINC","22341",2011,11,8,21.4,2.47,2,"C",14,49,23.6666666666667,2.19722457733622,8,10,7,8,7
"LOVE GARLAND PAINTED ZINC","22341",2011,12,3,9.87,3.29,1,"C",8,14,8.33333333333333,1.38629436111989,3,3,3,3,3
"LOVE HEART POCKET WARMER","70006",2011,10,96,158.4,1.65,8,"B",7,24,42.3333333333333,4.57471097850338,96,90,106,104,106
"LOVE HEART POCKET WARMER","70006",2011,11,67,110.55,1.65,9,"B",96,7,56.6666666666667,4.21950770517611,67,62,63,73,63
"LOVE HEART POCKET WARMER","70006",2011,12,83,75.89,0.8975,8,"B",67,96,82,4.43081679884331,83,86,82,96,82
"LOVE HEART SOCK HANGER","22136",2011,10,12,19.8,1.65,5,"C",5,10,9,2.56494935746154,12,12,12,16,12
"LOVE HEART TRINKET POT","22066",2011,10,182,70.98,0.39,13,"B",238,63,161,5.20948615284142,182,189,183,187,183
"LOVE HEART TRINKET POT","22066",2011,11,401,170.89,0.700714285714286,25,"B",182,238,273.666666666667,5.99645208861902,401,369,406,388,406
"LOVE HEART TRINKET POT","22066",2011,12,16,6.24,0.39,2,"B",401,182,199.666666666667,2.83321334405622,16,52,55,40,55
"LOVE HOT WATER BOTTLE","23356",2011,10,503,2851.85,5.894,125,"A",577,37,372.333333333333,6.22257626807137,503,452,395,402,395
"LOVE HOT WATER BOTTLE","23356",2011,11,1066,5820.7,5.8864161849711,169,"A",503,577,715.333333333333,6.97260625130175,1066,912,1096,808,1096
"LOVE HOT WATER BOTTLE","23356",2011,12,142,820.9,5.92297297297297,36,"A",1066,503,570.333333333333,4.96284463025991,142,448,345,374,345
"LOVE SEAT ANTIQUE WHITE METAL","22826",2011,10,4,340,85,3,"A",12,7,7.66666666666667,1.6094379124341,4,5,4,5,4
"LOVE SEAT ANTIQUE WHITE METAL","22826",2011,11,16,1360,85,6,"A",4,12,10.6666666666667,2.83321334405622,16,12,13,12,13
"LOVEBIRD HANGING DECORATION WHITE","22219",2011,10,136,114.82,0.935,22,"A",270,286,230.666666666667,4.91998092582813,136,183,169,210,169
"LOVEBIRD HANGING DECORATION WHITE","22219",2011,11,585,460.59,0.865853658536585,40,"A",136,270,330.333333333333,6.37331978957701,585,543,516,470,516
"LOVEBIRD HANGING DECORATION WHITE","22219",2011,12,42,35.7,0.85,5,"A",585,136,254.333333333333,3.76120011569356,42,114,72,57,72
"LOVELY BONBON STICKER SHEET","21719",2011,11,26,22.1,0.85,4,"C",36,24,28.6666666666667,3.29583686600433,26,29,26,32,26
"LUNCH BAG  BLACK SKULL.","20727",2011,10,932,1481.8,1.644,95,"A",1228,1364,1174.66666666667,6.83840520084734,932,1133,941,1341,941
"LUNCH BAG  BLACK SKULL.","20727",2011,11,1104,1777.6,1.64701492537313,127,"A",932,1228,1088,7.00760061395185,1104,1073,1184,1157,1184
"LUNCH BAG  BLACK SKULL.","20727",2011,12,257,414.45,1.64428571428571,32,"A",1104,932,764.333333333333,5.55295958492162,257,585,546,676,546
"LUNCH BAG ALPHABET DESIGN","23207",2011,10,513,846.45,1.65,72,"A",577,1814,968,6.24222326545517,513,814,608,762,608
"LUNCH BAG ALPHABET DESIGN","23207",2011,11,712,1134.8,1.6472602739726,71,"A",513,577,600.666666666667,6.5694814204143,712,753,742,806,742
"LUNCH BAG ALPHABET DESIGN","23207",2011,12,104,174.08,1.79588235294118,17,"A",712,513,443,4.65396035015752,104,246,184,256,184
"LUNCH BAG APPLE DESIGN","23206",2011,10,1046,1635.9,1.64230769230769,76,"A",1001,1472,1173,6.95368421087054,1046,1217,1057,1253,1057
"LUNCH BAG APPLE DESIGN","23206",2011,11,1152,1810.8,1.64019607843137,98,"A",1046,1001,1066.33333333333,7.05012252026906,1152,1111,1057,1125,1057
"LUNCH BAG APPLE DESIGN","23206",2011,12,128,211.2,1.65,19,"A",1152,1046,775.333333333333,4.85981240436167,128,454,443,528,443
"LUNCH BAG CARS BLUE","20728",2011,10,757,1218.97,1.72652173913043,88,"A",929,1447,1044.33333333333,6.63068338564237,757,925,836,1025,836
"LUNCH BAG CARS BLUE","20728",2011,11,841,1352.61,1.69712871287129,99,"A",757,929,842.333333333333,6.73578001424233,841,885,878,1028,878
"LUNCH BAG CARS BLUE","20728",2011,12,85,140.25,1.65,15,"A",841,757,561,4.45434729625351,85,288,178,314,178
"LUNCH BAG DOILEY PATTERN","23209",2011,10,30,49.5,1.65,3,"A",50,455,178.333333333333,3.43398720448515,30,31,28,22,28
"LUNCH BAG DOLLY GIRL DESIGN","22662",2011,10,312,519.76,1.74538461538462,51,"A",644,951,635.666666666667,5.74620319054015,312,530,386,548,386
"LUNCH BAG DOLLY GIRL DESIGN","22662",2011,11,543,875.95,1.6469696969697,64,"A",312,644,499.666666666667,6.29894924685594,543,594,601,622,601
"LUNCH BAG DOLLY GIRL DESIGN","22662",2011,12,65,109.73,1.87545454545455,11,"A",543,312,306.666666666667,4.18965474202643,65,139,141,144,141
"LUNCH BAG PAISLEY PARK","23583",2011,12,367,605.55,1.65,45,"A",2266,672,1101.66666666667,5.90808293816893,367,880,921,975,921
"LUNCH BAG PINK POLKADOT","22384",2011,10,438,727.66,1.72402985074627,65,"A",782,1319,846.333333333333,6.08449941307517,438,708,676,882,676
"LUNCH BAG PINK POLKADOT","22384",2011,11,891,1410.15,1.64340659340659,90,"A",438,782,703.666666666667,6.79346613258001,891,907,940,954,940
"LUNCH BAG PINK POLKADOT","22384",2011,12,117,200.49,1.805,16,"A",891,438,482,4.77068462446567,117,250,155,206,155
"LUNCH BAG RED RETROSPOT","20725",2011,10,1160,1885.52,1.73961538461538,103,"A",1641,1973,1591.33333333333,7.05703698169789,1160,1540,1130,1540,1130
"LUNCH BAG RED RETROSPOT","20725",2011,11,1731,2750.39,1.71604651162791,128,"A",1160,1641,1510.66666666667,7.45703208912238,1731,1541,1475,1432,1475
"LUNCH BAG RED RETROSPOT","20725",2011,12,357,586.25,1.70942857142857,35,"A",1731,1160,1082.66666666667,5.8805329864007,357,662,597,799,597
"LUNCH BAG SPACEBOY DESIGN","22382",2011,10,754,1251.54,1.70166666666667,95,"A",888,1321,987.666666666667,6.62671774924902,754,893,857,1021,857
"LUNCH BAG SPACEBOY DESIGN","22382",2011,11,1481,2346.13,1.66183098591549,140,"A",754,888,1041,7.30114780585603,1481,1291,1362,1342,1362
"LUNCH BAG SPACEBOY DESIGN","22382",2011,12,126,210.38,1.7492,24,"A",1481,754,787,4.84418708645859,126,540,383,542,383
"LUNCH BAG SUKI DESIGN","22383",2011,10,620,1030.44,1.67786516853933,87,"A",882,1619,1040.33333333333,6.43133108193348,620,934,773,1097,773
"LUNCH BAG SUKI DESIGN","22383",2011,11,889,1429.33,1.66873873873874,110,"A",620,882,797,6.79122146272619,889,943,936,1011,936
"LUNCH BAG SUKI DESIGN","22383",2011,12,118,194.7,1.65,21,"A",889,620,542.333333333333,4.77912349311153,118,319,233,330,233
"LUNCH BAG VINTAGE DOILY","23209",2011,10,1199,1958.35,1.6482905982906,113,"A",1717,1509,1475,7.09007683577609,1199,1255,1305,1282,1305
"LUNCH BAG VINTAGE DOILY","23209",2011,11,1569,2528.85,1.64612903225806,151,"A",1199,1717,1495,7.35883089834235,1569,1453,1442,1545,1442
"LUNCH BAG VINTAGE DOILY","23209",2011,12,444,717.56,1.71909090909091,33,"A",1569,1199,1070.66666666667,6.09807428216624,444,662,459,799,459
"LUNCH BAG VINTAGE LEAF DESIGN","23208",2011,10,578,933.7,1.64692307692308,63,"A",594,801,657.666666666667,6.361302477573,578,674,612,737,612
"LUNCH BAG VINTAGE LEAF DESIGN","23208",2011,11,678,1078.7,1.64459459459459,73,"A",578,594,616.666666666667,6.5206211275587,678,720,769,758,769
"LUNCH BAG VINTAGE LEAF DESIGN","23208",2011,12,315,489.75,1.64130434782609,23,"A",678,578,523.666666666667,5.75574221358691,315,363,343,399,343
"LUNCH BAG WOODLAND","20726",2011,10,472,781.28,1.68306666666667,74,"A",818,1032,774,6.15909538849193,472,714,678,969,678
"LUNCH BAG WOODLAND","20726",2011,11,618,1012.1,1.74164556962025,77,"A",472,818,636,6.4281052726846,618,716,713,775,713
"LUNCH BAG WOODLAND","20726",2011,12,170,280.5,1.65,24,"A",618,472,420,5.14166355650266,170,265,221,293,221
"LUNCH BOX I LOVE LONDON","22659",2011,10,655,1141.05,1.9280487804878,40,"A",1025,613,764.333333333333,6.48616078894409,655,742,682,702,682
"LUNCH BOX I LOVE LONDON","22659",2011,11,900,1545.98,1.95775510204082,47,"A",655,1025,860,6.80350525760834,900,783,828,902,828
"LUNCH BOX I LOVE LONDON","22659",2011,12,79,151.21,2.10666666666667,10,"A",900,655,544.666666666667,4.38202663467388,79,226,103,169,103
"LUNCH BOX WITH CUTLERY RETROSPOT","22352",2011,10,295,676.07,2.6888,25,"A",362,222,293,5.69035945432406,295,288,287,286,287
"LUNCH BOX WITH CUTLERY RETROSPOT","22352",2011,11,160,381,2.53548387096774,31,"A",295,362,272.333333333333,5.08140436498446,160,226,191,256,191
"LUNCH BOX WITH CUTLERY RETROSPOT","22352",2011,12,20,53.41,3.1525,4,"A",160,295,158.333333333333,3.04452243772342,20,38,29,30,29
"MADRAS NOTEBOOK MEDIUM","21636",2011,10,122,91.5,0.75,13,"C",181,116,139.666666666667,4.81218435537242,122,129,127,129,127
"MADRAS NOTEBOOK MEDIUM","21636",2011,11,139,104.25,0.75,15,"C",122,181,147.333333333333,4.9416424226093,139,149,151,164,151
"MADRAS NOTEBOOK MEDIUM","21636",2011,12,29,21.75,0.75,3,"C",139,122,96.6666666666667,3.40119738166216,29,43,34,38,34
"MAGAZINE RACK GEBRA ASSORTED","78124",2011,10,27,33.75,1.25,3,"C",28,58,37.6666666666667,3.3322045101752,27,21,21,17,21
"MAGAZINE RACK GEBRA ASSORTED","78124",2011,11,22,27.5,1.25,4,"C",27,28,25.6666666666667,3.13549421592915,22,24,22,22,22
"MAGIC DRAWING SLATE BAKE A CAKE","22533",2011,10,64,26.88,0.42,10,"C",228,5,99,4.17438726989564,64,83,53,61,53
"MAGIC DRAWING SLATE BAKE A CAKE","22533",2011,11,72,30.24,0.42,18,"C",64,228,121.333333333333,4.29045944114839,72,120,97,109,97
"MAGIC DRAWING SLATE BAKE A CAKE","22533",2011,12,6,2.52,0.42,2,"C",72,64,47.3333333333333,1.94591014905531,6,22,19,17,19
"MAGIC DRAWING SLATE BUNNIES","22535",2011,10,166,68.28,0.416,15,"C",388,100,218,5.11799381241676,166,190,170,217,170
"MAGIC DRAWING SLATE BUNNIES","22535",2011,11,181,76.02,0.42,23,"C",166,388,245,5.2040066870768,181,218,173,232,173
"MAGIC DRAWING SLATE BUNNIES","22535",2011,12,36,15.12,0.42,3,"C",181,166,127.666666666667,3.61091791264422,36,42,23,32,23
"MAGIC DRAWING SLATE CIRCUS PARADE","22531",2011,10,231,97.02,0.42,18,"B",308,75,204.666666666667,5.44673737166631,231,238,208,205,208
"MAGIC DRAWING SLATE CIRCUS PARADE","22531",2011,11,424,178.08,0.42,36,"B",231,308,321,6.05208916892442,424,429,430,417,430
"MAGIC DRAWING SLATE CIRCUS PARADE","22531",2011,12,64,26.88,0.42,4,"B",424,231,239.666666666667,4.17438726989564,64,101,87,74,87
"MAGIC DRAWING SLATE DINOSAUR","22537",2011,10,266,111.72,0.42,21,"B",183,161,203.333333333333,5.58724865840025,266,246,255,239,255
"MAGIC DRAWING SLATE DINOSAUR","22537",2011,11,338,141.96,0.42,30,"B",266,183,262.333333333333,5.82600010738045,338,323,314,315,314
"MAGIC DRAWING SLATE DINOSAUR","22537",2011,12,40,16.8,0.42,4,"B",338,266,214.666666666667,3.71357206670431,40,99,88,74,88
"MAGIC DRAWING SLATE DOLLY GIRL","22530",2011,10,465,193.86,0.417692307692308,26,"B",521,164,383.333333333333,6.14418563412565,465,413,398,453,398
"MAGIC DRAWING SLATE DOLLY GIRL","22530",2011,11,743,295.5,0.415609756097561,40,"B",465,521,576.333333333333,6.61204103483309,743,666,724,708,724
"MAGIC DRAWING SLATE DOLLY GIRL","22530",2011,12,76,31.92,0.42,6,"B",743,465,428,4.34380542185368,76,188,147,115,147
"MAGIC DRAWING SLATE GO TO THE FAIR","22529",2011,10,247,92.22,0.41,6,"C",33,72,117.333333333333,5.51342874616498,247,213,323,270,323
"MAGIC DRAWING SLATE GO TO THE FAIR","22529",2011,11,136,57.12,0.42,11,"C",247,33,138.666666666667,4.91998092582813,136,143,129,144,129
"MAGIC DRAWING SLATE GO TO THE FAIR","22529",2011,12,54,22.68,0.42,5,"C",136,247,145.666666666667,4.00733318523247,54,68,46,65,46
"MAGIC DRAWING SLATE LEAP FROG","22532",2011,10,123,51.66,0.42,11,"C",256,36,138.333333333333,4.82028156560504,123,140,128,142,128
"MAGIC DRAWING SLATE LEAP FROG","22532",2011,11,69,28.98,0.42,14,"C",123,256,149.333333333333,4.24849524204936,69,119,76,127,76
"MAGIC DRAWING SLATE LEAP FROG","22532",2011,12,34,14.28,0.42,2,"C",69,123,75.3333333333333,3.55534806148941,34,40,35,32,35
"MAGIC DRAWING SLATE PURDEY","22536",2011,10,276,115.92,0.42,19,"B",466,107,283,5.62401750618734,276,277,314,297,314
"MAGIC DRAWING SLATE PURDEY","22536",2011,11,116,48.72,0.42,23,"B",276,466,286,4.76217393479776,116,219,180,267,180
"MAGIC DRAWING SLATE PURDEY","22536",2011,12,56,23.52,0.42,5,"B",116,276,149.333333333333,4.04305126783455,56,84,50,74,50
"MAGIC DRAWING SLATE SPACEBOY","22534",2011,10,537,224.1,0.417777777777778,26,"B",575,161,424.333333333333,6.28785856016178,537,482,542,526,542
"MAGIC DRAWING SLATE SPACEBOY","22534",2011,11,507,212.94,0.42,43,"B",537,575,539.666666666667,6.23048144757848,507,526,543,606,543
"MAGIC DRAWING SLATE SPACEBOY","22534",2011,12,111,46.62,0.42,7,"B",507,537,385,4.71849887129509,111,174,170,135,170
"MAGIC GARDEN FELT GARLAND","22246",2011,10,30,67.22,2.7675,8,"C",29,36,31.6666666666667,3.43398720448515,30,33,32,33,32
"MAGIC GARDEN FELT GARLAND","22246",2011,11,50,101.86,2.495,4,"C",30,29,36.3333333333333,3.93182563272433,50,38,38,34,38
"MAGIC SHEEP WOOL GROWING FROM PAPER","84012",2011,10,139,118.15,0.85,14,"B",154,75,122.666666666667,4.9416424226093,139,140,133,133,133
"MAGIC SHEEP WOOL GROWING FROM PAPER","84012",2011,11,386,328.1,0.85,35,"B",139,154,226.333333333333,5.95842469302978,386,365,393,361,393
"MAGIC SHEEP WOOL GROWING FROM PAPER","84012",2011,12,124,105.4,0.85,13,"B",386,139,216.333333333333,4.8283137373023,124,160,143,166,143
"MAGIC TREE -PAPER FLOWERS","84006",2011,10,34,28.9,0.85,8,"C",41,37,37.3333333333333,3.55534806148941,34,38,35,46,35
"MAGIC TREE -PAPER FLOWERS","84006",2011,11,336,285.6,0.85,29,"C",34,41,137,5.82008293035236,336,291,325,394,325
"MAGIC TREE -PAPER FLOWERS","84006",2011,12,76,64.6,0.85,7,"C",336,34,148.666666666667,4.34380542185368,76,78,88,109,88
"MAGNETS PACK OF 4 CHILDHOOD MEMORY","22399",2011,10,38,47.5,1.25,6,"B",28,123,63,3.66356164612965,38,34,36,38,36
"MAGNETS PACK OF 4 CHILDHOOD MEMORY","22399",2011,11,4,5,1.25,4,"B",38,28,23.3333333333333,1.6094379124341,4,15,13,17,13
"MAGNETS PACK OF 4 CHILDHOOD MEMORY","22399",2011,12,24,30,1.25,2,"B",4,38,22,3.2188758248682,24,15,20,14,20
"MAGNETS PACK OF 4 HOME SWEET HOME","22400",2011,10,173,67.47,0.39,19,"B",167,185,175,5.15905529921453,173,200,179,231,179
"MAGNETS PACK OF 4 HOME SWEET HOME","22400",2011,11,246,95.94,0.39,29,"B",173,167,195.333333333333,5.50938833662798,246,261,255,270,255
"MAGNETS PACK OF 4 HOME SWEET HOME","22400",2011,12,35,15.72,0.62,9,"B",246,173,151.333333333333,3.58351893845611,35,90,64,98,64
"MAGNETS PACK OF 4 RETRO PHOTO","22396",2011,10,119,46.41,0.39,13,"C",127,123,123,4.78749174278205,119,149,131,134,131
"MAGNETS PACK OF 4 RETRO PHOTO","22396",2011,11,132,53.55,0.505,18,"C",119,127,126,4.89034912822175,132,145,146,161,146
"MAGNETS PACK OF 4 RETRO PHOTO","22396",2011,12,51,19.89,0.39,6,"C",132,119,100.666666666667,3.95124371858143,51,76,61,87,61
"MAGNETS PACK OF 4 SWALLOWS","22398",2011,10,362,143.25,0.450882352941176,33,"B",407,278,349,5.89440283426485,362,383,383,400,383
"MAGNETS PACK OF 4 SWALLOWS","22398",2011,11,376,146.64,0.39,43,"B",362,407,381.666666666667,5.93224518744801,376,443,435,477,435
"MAGNETS PACK OF 4 SWALLOWS","22398",2011,12,162,63.18,0.39,13,"B",376,362,300,5.09375020080676,162,220,203,240,203
"MAGNETS PACK OF 4 VINTAGE COLLAGE","22402",2011,10,253,100.74,0.505,17,"B",178,200,210.333333333333,5.53733426701854,253,228,234,260,234
"MAGNETS PACK OF 4 VINTAGE COLLAGE","22402",2011,11,245,99.69,0.461379310344828,29,"B",253,178,225.333333333333,5.50533153593236,245,269,233,260,233
"MAGNETS PACK OF 4 VINTAGE COLLAGE","22402",2011,12,59,34.05,0.441111111111111,9,"B",245,253,185.666666666667,4.0943445622221,59,108,83,118,83
"MAGNETS PACK OF 4 VINTAGE LABELS","22403",2011,10,101,39.39,0.39,12,"C",121,148,123.333333333333,4.62497281328427,101,124,113,127,113
"MAGNETS PACK OF 4 VINTAGE LABELS","22403",2011,11,114,44.46,0.39,14,"C",101,121,112,4.74493212836325,114,139,115,141,115
"MAGNETS PACK OF 4 VINTAGE LABELS","22403",2011,12,25,9.75,0.39,3,"C",114,101,80,3.25809653802148,25,52,49,50,49
"MAKE YOUR OWN FLOWERPOWER CARD KIT","22743",2011,10,70,212.18,3.28411764705882,17,"B",44,60,58,4.26267987704132,70,75,73,78,73
"MAKE YOUR OWN FLOWERPOWER CARD KIT","22743",2011,11,48,158.64,3.28411764705882,17,"B",70,44,54,3.89182029811063,48,57,48,60,48
"MAKE YOUR OWN FLOWERPOWER CARD KIT","22743",2011,12,244,197.08,1.03,17,"B",48,70,120.666666666667,5.50125821054473,244,218,261,268,261
"MAKE YOUR OWN MONSOON CARD KIT","22744",2011,10,40,118,2.95,12,"B",47,36,41,3.71357206670431,40,47,40,47,40
"MAKE YOUR OWN MONSOON CARD KIT","22744",2011,11,73,215.35,2.95,21,"B",40,47,53.3333333333333,4.30406509320417,73,73,69,79,69
"MAKE YOUR OWN MONSOON CARD KIT","22744",2011,12,251,200.45,0.898,19,"B",73,40,121.333333333333,5.52942908751142,251,215,264,230,264
"MAKE YOUR OWN PLAYTIME CARD KIT","22742",2011,10,50,147.5,2.95,12,"B",26,43,39.6666666666667,3.93182563272433,50,49,52,54,52
"MAKE YOUR OWN PLAYTIME CARD KIT","22742",2011,11,32,94.4,2.95,10,"B",50,26,36,3.49650756146648,32,36,35,35,35
"MAKE YOUR OWN PLAYTIME CARD KIT","22742",2011,12,272,217.04,0.944285714285714,14,"B",32,50,118,5.60947179518496,272,243,292,273,292
"MAN FLU METAL SIGN","21903",2011,10,40,118.51,2.94583333333333,12,"B",90,67,65.6666666666667,3.71357206670431,40,52,51,55,51
"MAN FLU METAL SIGN","21903",2011,11,100,228.27,2.43833333333333,18,"B",40,90,76.6666666666667,4.61512051684126,100,99,100,106,100
"MAN FLU METAL SIGN","21903",2011,12,61,124.22,2.39666666666667,6,"B",100,40,67,4.12713438504509,61,52,52,49,52
"MARIE ANTOINETTE TRINKET BOX GOLD","23071",2011,10,271,687.5,7.07142857142857,7,"B",8,1,93.3333333333333,5.605802066296,271,180,220,225,220
"MARIE ANTOINETTE TRINKET BOX SILVER","23072",2011,10,303,811.5,8.27777777777778,9,"B",10,2,105,5.71702770140622,303,214,285,218,285
"MEASURING TAPE BABUSHKA BLUE","22453",2011,10,7,20.65,2.95,2,"B",18,21,15.3333333333333,2.07944154167984,7,8,7,6,7
"MEASURING TAPE BABUSHKA BLUE","22453",2011,11,28,82.6,2.95,7,"B",7,18,17.6666666666667,3.36729582998647,28,27,28,28,28
"MEASURING TAPE BABUSHKA BLUE","22453",2011,12,37,109.15,2.95,4,"B",28,7,24,3.63758615972639,37,27,31,24,31
"MEASURING TAPE BABUSHKA PINK","22452",2011,10,41,119.63,2.84,10,"B",37,39,39,3.73766961828337,41,43,41,46,41
"MEASURING TAPE BABUSHKA PINK","22452",2011,11,19,56.05,2.95,7,"B",41,37,32.3333333333333,2.99573227355399,19,26,23,28,23
"MEASURING TAPE BABUSHKA PINK","22452",2011,12,2,5.9,2.95,2,"B",19,41,20.6666666666667,1.09861228866811,2,8,4,7,4
"MEASURING TAPE BABUSHKA RED","22454",2011,10,14,41.3,2.95,3,"C",3,2,6.33333333333333,2.70805020110221,14,12,14,12,14
"MEASURING TAPE BABUSHKA RED","22454",2011,11,16,47.2,2.95,5,"C",14,3,11,2.83321334405622,16,14,14,13,14
"MEDINA STAMPED METAL STOOL","21686",2011,10,1,39.95,39.95,1,"B",2,2,1.66666666666667,0.693147180559945,1,1,1,1,1
"MEDIUM CERAMIC TOP STORAGE JAR","23166",2011,10,235,283.67,1.24125,24,"A",342,405,327.333333333333,5.46383180502561,235,269,260,303,260
"MEDIUM CERAMIC TOP STORAGE JAR","23166",2011,11,631,708.11,1.19931034482759,28,"A",235,342,402.666666666667,6.44888939414686,631,576,705,532,705
"MEDIUM CERAMIC TOP STORAGE JAR","23166",2011,12,187,203.51,1.1975,8,"A",631,235,351,5.23644196282995,187,232,264,177,264
"MEDIUM CHINESE STYLE SCISSOR","16015",2011,10,20,10,0.5,2,"C",24,30,24.6666666666667,3.04452243772342,20,18,21,22,21
"MEDIUM CHINESE STYLE SCISSOR","16015",2011,11,30,15,0.5,3,"C",20,24,24.6666666666667,3.43398720448515,30,28,30,32,30
"MEDIUM MEDINA STAMPED METAL BOWL","21683",2011,10,65,191.75,2.95,7,"B",36,28,43,4.18965474202643,65,54,63,47,63
"MEDIUM MEDINA STAMPED METAL BOWL","21683",2011,11,10,29.5,2.95,3,"B",65,36,37,2.39789527279837,10,15,11,15,11
"MEDIUM MEDINA STAMPED METAL BOWL","21683",2011,12,6,17.7,2.95,1,"B",10,65,27,1.94591014905531,6,3,3,4,3
"MEDIUM PARLOUR PICTURE FRAME","23456",2011,12,7,29.05,4.15,3,"C",52,77,45.3333333333333,2.07944154167984,7,14,8,13,8
"MEDIUM PINK BUDDHA HEAD","84429A",2011,10,2,5.9,2.95,1,"C",5,1,2.66666666666667,1.09861228866811,2,2,1,2,1
"MEDIUM PINK BUDDHA HEAD","84429A",2011,11,12,35.4,2.95,2,"C",2,5,6.33333333333333,2.56494935746154,12,10,11,9,11
"MEDIUM PINK BUDDHA HEAD","84429A",2011,12,2,5.9,2.95,1,"C",12,2,5.33333333333333,1.09861228866811,2,2,2,3,2
"MEMO BOARD COTTAGE DESIGN","22505",2011,10,101,505.79,5.11685714285714,35,"A",90,37,76,4.62497281328427,101,97,97,106,97
"MEMO BOARD COTTAGE DESIGN","22505",2011,11,149,703.95,4.93055555555556,36,"A",101,90,113.333333333333,5.01063529409626,149,145,135,140,135
"MEMO BOARD COTTAGE DESIGN","22505",2011,12,18,89.1,4.95,9,"A",149,101,89.3333333333333,2.94443897916644,18,44,34,44,34
"MEMO BOARD RETROSPOT  DESIGN","22507",2011,10,101,488.75,4.93108108108108,37,"A",525,107,244.333333333333,4.62497281328427,101,179,139,134,139
"MEMO BOARD RETROSPOT  DESIGN","22507",2011,11,153,746.63,5.1836170212766,47,"A",101,525,259.666666666667,5.03695260241363,153,236,154,185,154
"MEMO BOARD RETROSPOT  DESIGN","22507",2011,12,37,183.15,4.95,15,"A",153,101,97,3.63758615972639,37,65,52,74,52
"METAL 4 HOOK HANGER FRENCH CHATEAU","22173",2011,10,144,446.7,3.43,28,"A",147,261,184,4.97673374242057,144,163,150,171,150
"METAL 4 HOOK HANGER FRENCH CHATEAU","22173",2011,11,285,838.97,3.38793103448276,29,"A",144,147,192,5.65599181081985,285,271,313,242,313
"METAL 4 HOOK HANGER FRENCH CHATEAU","22173",2011,12,50,164.5,3.29,11,"A",285,144,159.666666666667,3.93182563272433,50,96,75,95,75
"METAL DECORATION NAUGHTY CHILDREN","22948",2011,10,101,98.81,1.14454545454545,11,"B",135,108,114.666666666667,4.62497281328427,101,113,108,111,108
"METAL DECORATION NAUGHTY CHILDREN","22948",2011,11,127,133.87,0.9715,18,"B",101,135,121,4.85203026391962,127,133,133,139,133
"METAL DECORATION NAUGHTY CHILDREN","22948",2011,12,71,73.31,1.12,3,"B",127,101,99.6666666666667,4.27666611901606,71,39,41,49,41
"METAL MERRY CHRISTMAS WREATH","22575",2011,10,215,378.45,1.91842105263158,18,"B",112,13,113.333333333333,5.37527840768417,215,181,209,187,209
"METAL MERRY CHRISTMAS WREATH","22575",2011,11,142,264.9,1.93333333333333,18,"B",215,112,156.333333333333,4.96284463025991,142,147,149,162,149
"METAL MERRY CHRISTMAS WREATH","22575",2011,12,1,1.95,1.95,1,"B",142,215,119.333333333333,0.693147180559945,1,7,9,7,9
"METAL RABBIT LADDER EASTER","84452",2011,10,12,10.2,0.85,1,"C",17,23,17.3333333333333,2.56494935746154,12,7,8,7,8
"METAL SIGN CUPCAKE SINGLE HOOK","82613D",2011,10,2,2.5,1.25,2,"C",14,11,9,1.09861228866811,2,5,3,5,3
"METAL SIGN CUPCAKE SINGLE HOOK","82613D",2011,11,17,21.25,1.25,3,"C",2,14,11,2.89037175789616,17,14,14,14,14
"METAL SIGN CUPCAKE SINGLE HOOK","82613D",2011,12,1,1.25,1.25,1,"C",17,2,6.66666666666667,0.693147180559945,1,3,2,4,2
"METAL SIGN DROP YOUR PANTS","23426",2011,11,407,975.11,2.85309090909091,55,"A",387,375,389.666666666667,6.01126717440416,407,420,421,444,421
"METAL SIGN DROP YOUR PANTS","23426",2011,12,61,176.29,2.89,10,"A",407,387,285,4.12713438504509,61,118,90,126,90
"METAL SIGN EMPIRE TEA","22115",2011,10,268,211.72,0.79,20,"B",218,196,227.333333333333,5.59471137960184,268,245,247,265,247
"METAL SIGN EMPIRE TEA","22115",2011,11,197,165.63,0.928888888888889,35,"B",268,218,227.666666666667,5.28826703069454,197,240,199,245,199
"METAL SIGN EMPIRE TEA","22115",2011,12,71,56.09,0.79,9,"B",197,268,178.666666666667,4.27666611901606,71,96,84,113,84
"METAL SIGN HER DINNER IS SERVED","22117",2011,10,13,38.35,2.95,2,"A",782,249,348,2.63905732961526,13,18,11,21,11
"METAL SIGN HER DINNER IS SERVED","22117",2011,11,9,26.55,2.95,3,"A",13,782,268,2.30258509299405,9,16,8,12,8
"METAL SIGN HER DINNER IS SERVED","22117",2011,12,5,14.75,2.95,2,"A",9,13,9,1.79175946922805,5,5,4,5,4
"METAL SIGN HIS DINNER IS SERVED","22116",2011,10,32,26.12,0.883333333333333,9,"C",90,95,72.3333333333333,3.49650756146648,32,52,52,56,52
"METAL SIGN HIS DINNER IS SERVED","22116",2011,11,83,67.25,0.87,21,"C",32,90,68.3333333333333,4.43081679884331,83,102,84,95,84
"METAL SIGN HIS DINNER IS SERVED","22116",2011,12,7,6.37,1,4,"C",83,32,40.6666666666667,2.07944154167984,7,25,16,31,16
"METAL SIGN NEIGHBOURHOOD WITCH","22412",2011,10,31,65.1,2.1,11,"B",116,88,78.3333333333333,3.46573590279973,31,56,41,54,41
"METAL SIGN NEIGHBOURHOOD WITCH","22412",2011,11,19,39.9,2.1,4,"B",31,116,55.3333333333333,2.99573227355399,19,18,19,21,19
"METAL SIGN TAKE IT OR LEAVE IT","22413",2011,10,217,629.47,3.09666666666667,36,"A",284,176,225.666666666667,5.38449506278909,217,233,208,222,208
"METAL SIGN TAKE IT OR LEAVE IT","22413",2011,11,117,345.15,2.95,27,"A",217,284,206,4.77068462446567,117,147,124,161,124
"METAL SIGN TAKE IT OR LEAVE IT","22413",2011,12,1450,3996.7,2.93333333333333,12,"A",117,217,594.666666666667,7.28000825288419,1450,737,1726,814,1726
"METAL SIGN,CUPCAKE SINGLE HOOK","82613B",2011,10,2,2.5,1.25,2,"C",13,14,9.66666666666667,1.09861228866811,2,4,3,6,3
"METAL SIGN,CUPCAKE SINGLE HOOK","82613C",2011,10,2,2.5,1.25,2,"C",2,13,5.66666666666667,1.09861228866811,2,3,3,4,3
"METAL SIGN,CUPCAKE SINGLE HOOK","82613B",2011,11,6,7.5,1.25,2,"C",2,2,3.33333333333333,1.94591014905531,6,5,6,6,6
"METAL SIGN,CUPCAKE SINGLE HOOK","82613C",2011,11,17,21.25,1.25,3,"C",6,2,8.33333333333333,2.89037175789616,17,15,16,16,16
"METAL SIGN,CUPCAKE SINGLE HOOK","82613B",2011,12,1,1.25,1.25,1,"C",17,6,8,0.693147180559945,1,3,2,3,2
"METALIC LEAVES BAG CHARMS","90119",2011,11,24,59.13,2.478,5,"C",12,8,14.6666666666667,3.2188758248682,24,23,24,23,24
"METALIC LEAVES BAG CHARMS","90119",2011,12,15,37.44,2.505,2,"C",24,12,17,2.77258872223978,15,13,13,12,13
"MIDNIGHT BLUE VINTAGE EARRINGS","90013A",2011,11,4,15,3.75,1,"C",8,4,5.33333333333333,1.6094379124341,4,3,3,3,3
"MIDNIGHT GLAMOUR SCARF KNITTING KIT","82616C",2011,10,51,72.22,1.59571428571429,14,"C",39,12,34,3.95124371858143,51,55,58,54,58
"MIDNIGHT GLAMOUR SCARF KNITTING KIT","82616C",2011,11,66,93.39,1.40125,16,"C",51,39,52,4.20469261939097,66,67,67,76,67
"MIDNIGHT GLAMOUR SCARF KNITTING KIT","82616C",2011,12,12,15,1.25,5,"C",66,51,43,2.56494935746154,12,26,21,24,21
"MILK MAIDS MUG","23661",2011,12,7,11.55,1.65,2,"C",103,94,68,2.07944154167984,7,12,10,14,10
"MILK PAN BLUE POLKADOT","22204",2011,10,13,48.75,3.75,4,"C",10,8,10.3333333333333,2.63905732961526,13,12,12,11,12
"MILK PAN BLUE POLKADOT","22204",2011,11,4,15,3.75,3,"C",13,10,9,1.6094379124341,4,6,5,6,5
"MILK PAN BLUE POLKADOT","22204",2011,12,23,28.75,1.25,5,"C",4,13,13.3333333333333,3.17805383034795,23,22,22,24,22
"MILK PAN RED RETROSPOT","22203",2011,10,18,71.21,4.16222222222222,9,"B",17,5,13.3333333333333,2.94443897916644,18,20,19,25,19
"MILK PAN RED RETROSPOT","22203",2011,11,33,131.17,3.99733333333333,15,"B",18,17,22.6666666666667,3.52636052461616,33,36,37,40,37
"MILK PAN RED RETROSPOT","22203",2011,12,71,88.75,1.25,10,"B",33,18,40.6666666666667,4.27666611901606,71,68,75,66,75
"MINI CAKE STAND  HANGING STRAWBERY","22055",2011,10,31,51.15,1.65,8,"B",131,13,58.3333333333333,3.46573590279973,31,42,33,48,33
"MINI CAKE STAND  HANGING STRAWBERY","22055",2011,11,82,135.3,1.65,14,"B",31,131,81.3333333333333,4.4188406077966,82,87,84,94,84
"MINI CAKE STAND  HANGING STRAWBERY","22055",2011,12,270,115.38,0.444782608695652,22,"B",82,31,127.666666666667,5.6021188208797,270,249,282,299,282
"MINI CAKE STAND T-LIGHT HOLDER","22893",2011,10,55,23.1,0.42,7,"C",245,36,112,4.02535169073515,55,85,49,60,49
"MINI CAKE STAND T-LIGHT HOLDER","22893",2011,12,27,11.34,0.42,2,"C",55,245,109,3.3322045101752,27,38,37,30,37
"MINI CAKE STAND WITH HANGING CAKES","37446",2011,10,62,89.9,1.45,10,"B",69,68,66.3333333333333,4.14313472639153,62,61,59,62,59
"MINI CAKE STAND WITH HANGING CAKES","37446",2011,11,62,89.9,1.45,13,"B",62,69,64.3333333333333,4.14313472639153,62,69,66,74,66
"MINI CAKE STAND WITH HANGING CAKES","37446",2011,12,32,46.4,1.45,4,"B",62,62,52,3.49650756146648,32,35,33,33,33
"MINI FUNKY DESIGN TAPES","10125",2011,10,50,42.5,0.85,4,"B",210,85,115,3.93182563272433,50,60,53,49,53
"MINI FUNKY DESIGN TAPES","10125",2011,11,62,52.7,0.85,2,"B",50,210,107.333333333333,4.14313472639153,62,20,29,32,29
"MINI FUNKY DESIGN TAPES","10125",2011,12,26,22.1,0.85,2,"B",62,50,46,3.29583686600433,26,22,24,20,24
"MINI JIGSAW BAKE A CAKE","22543",2011,10,267,97.74,0.4,3,"C",49,24,113.333333333333,5.59098698051086,267,211,307,215,307
"MINI JIGSAW BAKE A CAKE","22543",2011,11,6,2.52,0.42,1,"C",267,49,107.333333333333,1.94591014905531,6,17,7,9,7
"MINI JIGSAW BAKE A CAKE","22543",2011,12,125,23.75,0.19,6,"C",6,267,132.666666666667,4.83628190695148,125,128,102,118,102
"MINI JIGSAW BUNNIES","22545",2011,10,244,88.08,0.4,3,"C",73,53,123.333333333333,5.50125821054473,244,160,285,158,285
"MINI JIGSAW BUNNIES","22545",2011,11,42,18.87,0.478571428571429,7,"C",244,73,119.666666666667,3.76120011569356,42,78,51,62,51
"MINI JIGSAW BUNNIES","22545",2011,12,162,30.78,0.19,5,"C",42,244,149.333333333333,5.09375020080676,162,139,157,144,157
"MINI JIGSAW CIRCUS PARADE","22540",2011,10,73,31.07,0.5225,4,"B",25,268,122,4.30406509320417,73,59,47,56,47
"MINI JIGSAW CIRCUS PARADE","22540",2011,11,99,42.4,0.47125,8,"B",73,25,65.6666666666667,4.60517018598809,99,92,108,96,108
"MINI JIGSAW CIRCUS PARADE","22540",2011,12,249,47.31,0.19,5,"B",99,73,140.333333333333,5.52146091786225,249,193,211,240,211
"MINI JIGSAW DINOSAUR","22547",2011,10,6,2.93,0.502,4,"C",28,78,37.3333333333333,1.94591014905531,6,22,13,25,13
"MINI JIGSAW DINOSAUR","22547",2011,11,36,18.4,0.5225,8,"C",6,28,23.3333333333333,3.61091791264422,36,38,35,43,35
"MINI JIGSAW DINOSAUR","22547",2011,12,177,39.79,0.314285714285714,7,"C",36,6,73,5.18178355029209,177,160,176,175,176
"MINI JIGSAW DOLLY GIRL","22539",2011,10,404,155.28,0.415,12,"B",324,52,260,6.00388706710654,404,344,413,349,413
"MINI JIGSAW DOLLY GIRL","22539",2011,11,343,130.48,0.458888888888889,8,"B",404,324,357,5.8406416573734,343,273,331,246,331
"MINI JIGSAW DOLLY GIRL","22539",2011,12,343,65.17,0.19,6,"B",343,404,363.333333333333,5.8406416573734,343,314,335,273,335
"MINI JIGSAW GO TO THE FAIR","22538",2011,10,4,1.68,0.42,1,"C",23,1,9.33333333333333,1.6094379124341,4,4,4,4,4
"MINI JIGSAW GO TO THE FAIR","22538",2011,11,8,3.36,0.42,3,"C",4,23,11.6666666666667,2.19722457733622,8,10,9,13,9
"MINI JIGSAW GO TO THE FAIR","22538",2011,12,48,9.12,0.19,1,"C",8,4,20,3.89182029811063,48,28,67,25,67
"MINI JIGSAW LEAP FROG","22541",2011,10,49,20.58,0.42,3,"C",11,4,21.3333333333333,3.91202300542815,49,41,51,43,51
"MINI JIGSAW LEAP FROG","22541",2011,11,5,2.1,0.42,2,"C",49,11,21.6666666666667,1.79175946922805,5,10,5,10,5
"MINI JIGSAW LEAP FROG","22541",2011,12,4,1.4,0.51,2,"C",5,49,19.3333333333333,1.6094379124341,4,7,4,9,4
"MINI JIGSAW PURDEY","22546",2011,10,356,135.53,0.458888888888889,9,"B",52,75,161,5.87773578177964,356,317,343,330,343
"MINI JIGSAW PURDEY","22546",2011,11,310,116.21,0.449166666666667,12,"B",356,52,239.333333333333,5.73979291217923,310,280,237,248,237
"MINI JIGSAW PURDEY","22546",2011,12,123,23.37,0.19,8,"B",310,356,263,4.82028156560504,123,183,152,226,152
"MINI JIGSAW SPACEBOY","22544",2011,10,391,150.23,0.455,10,"B",352,369,370.666666666667,5.97126183979046,391,333,333,286,333
"MINI JIGSAW SPACEBOY","22544",2011,11,465,185,0.481578947368421,19,"B",391,352,402.666666666667,6.14418563412565,465,437,436,422,436
"MINI JIGSAW SPACEBOY","22544",2011,12,590,119.54,0.244375,15,"B",465,391,482,6.3818160174061,590,529,573,553,573
"MINI LADLE LOVE HEART PINK","22135",2011,10,34,15.51,0.488333333333333,6,"C",46,7,29,3.55534806148941,34,33,34,33,34
"MINI LADLE LOVE HEART PINK","22135",2011,11,24,12.95,0.595714285714286,7,"C",34,46,34.6666666666667,3.2188758248682,24,35,27,41,27
"MINI LADLE LOVE HEART PINK","22135",2011,12,14,5.88,0.42,2,"C",24,34,24,2.70805020110221,14,15,17,18,17
"MINI LADLE LOVE HEART RED","22134",2011,10,39,16.79,0.488333333333333,6,"C",3,7,16.3333333333333,3.68887945411394,39,36,39,43,39
"MINI LADLE LOVE HEART RED","22134",2011,11,29,14.64,0.543,10,"C",39,3,23.6666666666667,3.40119738166216,29,35,31,37,31
"MINI LADLE LOVE HEART RED","22134",2011,12,304,112.04,0.536666666666667,3,"C",29,39,124,5.72031177660741,304,202,344,205,344
"MINI LIGHTS WOODLAND MUSHROOMS","23480",2011,12,218,817.5,3.75,27,"A",983,516,572.333333333333,5.3890717298165,218,415,322,339,322
"MINI PAINT SET VINTAGE","22492",2011,10,3168,1940.4,0.641176470588235,34,"A",3314,1584,2688.66666666667,8.06117135969092,3168,2304,1854,2014,1854
"MINI PAINT SET VINTAGE","22492",2011,11,2847,1738.29,0.67,39,"A",3168,3314,3109.66666666667,7.95437227253187,2847,2838,2378,2036,2378
"MINI PAINT SET VINTAGE","22492",2011,12,291,192.09,0.79,7,"A",2847,3168,2102,5.67675380226828,291,735,323,490,323
"MINI PAINTED GARDEN DECORATION","85212",2011,10,62,17.98,0.29,3,"C",181,158,133.666666666667,4.14313472639153,62,54,49,53,49
"MINI PAINTED GARDEN DECORATION","85212",2011,11,68,19.72,0.29,6,"C",62,181,103.666666666667,4.23410650459726,68,83,75,86,75
"MINI PAINTED GARDEN DECORATION","85212",2011,12,24,6.96,0.29,1,"C",68,62,51.3333333333333,3.2188758248682,24,17,20,16,20
"MINI PLAYING CARDS BUFFALO BILL","23507",2011,11,1140,430.8,0.418636363636364,41,"B",1372,281,931,7.03966034986208,1140,790,999,923,999
"MINI PLAYING CARDS BUFFALO BILL","23507",2011,12,46,19.32,0.42,8,"B",1140,1372,852.666666666667,3.85014760171006,46,339,245,334,245
"MINI PLAYING CARDS DOLLY GIRL","23508",2011,11,427,179.34,0.42,46,"B",1793,197,805.666666666667,6.0591231955818,427,650,644,691,644
"MINI PLAYING CARDS DOLLY GIRL","23508",2011,12,55,23.1,0.42,6,"B",427,1793,758.333333333333,4.02535169073515,55,229,199,180,199
"MINI PLAYING CARDS FUN FAIR","23509",2011,11,99,41.58,0.42,15,"C",811,119,343,4.60517018598809,99,208,153,263,153
"MINI PLAYING CARDS FUN FAIR","23509",2011,12,11,4.62,0.42,4,"C",99,811,307,2.484906649788,11,63,30,40,30
"MINI PLAYING CARDS GYMKHANA","23510",2011,11,1109,417.78,0.418421052631579,35,"B",1025,145,759.666666666667,7.01211529430638,1109,842,1025,1063,1025
"MINI PLAYING CARDS GYMKHANA","23510",2011,12,18,7.56,0.42,5,"B",1109,1025,717.333333333333,2.94443897916644,18,260,331,217,331
"MINI PLAYING CARDS SPACEBOY","23506",2011,11,518,217.56,0.42,55,"B",1932,127,859,6.25190388316589,518,698,695,813,695
"MINI PLAYING CARDS SPACEBOY","23506",2011,12,117,49.14,0.42,10,"B",518,1932,855.666666666667,4.77068462446567,117,382,222,319,222
"MINI WOODEN HAPPY BIRTHDAY GARLAND","21381",2011,10,61,103.09,1.69,12,"A",159,75,98.3333333333333,4.12713438504509,61,76,70,83,70
"MINI WOODEN HAPPY BIRTHDAY GARLAND","21381",2011,11,74,125.06,1.69,13,"A",61,159,98,4.31748811353631,74,90,75,84,75
"MINI WOODEN HAPPY BIRTHDAY GARLAND","21381",2011,12,3,5.07,1.69,2,"A",74,61,46,1.38629436111989,3,14,9,10,9
"MINIATURE ANTIQUE ROSE HOOK IVORY","23148",2011,10,187,155.21,0.83,19,"B",193,398,259.333333333333,5.23644196282995,187,211,192,233,192
"MINIATURE ANTIQUE ROSE HOOK IVORY","23148",2011,11,276,229.08,0.83,37,"B",187,193,218.666666666667,5.62401750618734,276,303,284,295,284
"MINIATURE ANTIQUE ROSE HOOK IVORY","23148",2011,12,81,67.23,0.83,11,"B",276,187,181.333333333333,4.40671924726425,81,104,100,153,100
"MINT DINER WALL CLOCK","23342",2011,10,69,576.3,8.47258064516129,31,"A",129,43,80.3333333333333,4.24849524204936,69,82,80,86,80
"MINT DINER WALL CLOCK","23342",2011,11,55,467.5,8.5,28,"A",69,129,84.3333333333333,4.02535169073515,55,84,63,78,63
"MINT DINER WALL CLOCK","23342",2011,12,8,68,8.5,4,"A",55,69,44,2.19722457733622,8,18,12,15,12
"MINT GREEN ROSE TOWEL","84913B",2011,10,10,46.5,4.65,3,"C",8,8,8.66666666666667,2.39789527279837,10,9,10,8,10
"MINT GREEN ROSE TOWEL","84913B",2011,11,10,46.5,4.65,3,"C",10,8,9.33333333333333,2.39789527279837,10,9,9,8,9
"MINT GREEN ROSE TOWEL","84913B",2011,12,4,18.6,4.65,1,"C",10,10,8,1.6094379124341,4,3,3,3,3
"MINT KITCHEN SCALES","22627",2011,10,87,729.3,8.47875,40,"A",119,84,96.6666666666667,4.47733681447821,87,111,113,104,113
"MINT KITCHEN SCALES","22627",2011,11,98,830.93,8.67333333333333,42,"A",87,119,101.333333333333,4.59511985013459,98,116,108,123,108
"MINT KITCHEN SCALES","22627",2011,12,33,280.5,8.5,18,"A",98,87,72.6666666666667,3.52636052461616,33,55,42,51,42
"MIRROR CORNICE","22770",2011,10,11,164.45,14.95,7,"B",9,8,9.33333333333333,2.484906649788,11,10,11,11,11
"MIRROR CORNICE","22770",2011,11,7,104.65,14.95,5,"B",11,9,9,2.07944154167984,7,8,8,7,8
"MIRROR CORNICE","22770",2011,12,2,29.9,14.95,2,"B",7,11,6.66666666666667,1.09861228866811,2,4,3,3,3
"MIRROR LOVE BIRD T-LIGHT HOLDER","84952C",2011,10,3,11.25,3.75,1,"C",8,5,5.33333333333333,1.38629436111989,3,3,2,3,2
"MIRROR MOSAIC CANDLE PLATE","22104",2011,10,20,29,1.45,3,"C",12,110,47.3333333333333,3.04452243772342,20,21,21,18,21
"MIRROR MOSAIC CANDLE PLATE","22104",2011,11,8,11.6,1.45,3,"C",20,12,13.3333333333333,2.19722457733622,8,11,8,11,8
"MIRROR MOSAIC GOBLET CANDLE HOLDER","22105",2011,10,480,456,0.95,2,"C",2,6,162.666666666667,6.17586727010576,480,215,388,983,388
"MIRROR MOSAIC HURRICANE LAMP","22106",2011,10,246,337.3,3.8,4,"C",13,4,87.6666666666667,5.50938833662798,246,164,292,167,292
"MIRROR MOSAIC HURRICANE LAMP","22106",2011,11,4,23.8,5.95,1,"C",246,13,87.6666666666667,1.6094379124341,4,9,4,4,4
"MIRROR MOSAIC HURRICANE LAMP","22106",2011,12,2,13.5,6.75,1,"C",4,246,84,1.09861228866811,2,7,6,7,6
"MIRROR MOSAIC T-LIGHT HOLDER","22102",2011,10,1440,561.6,0.39,2,"B",6,2,482.666666666667,7.27309259599952,1440,303,1511,5611,1511
"MIRROR MOSAIC T-LIGHT HOLDER","22102",2011,11,15,24.75,1.65,3,"B",1440,6,487,2.77258872223978,15,51,50,70,50
"MIRROR MOSAIC T-LIGHT HOLDER ROUND","22103",2011,10,948,384.84,1.02,4,"C",27,6,327,6.85540879860993,948,464,1306,1334,1306
"MIRROR MOSAIC VOTIVE HOLDER","22101",2011,10,670,298.92,1.53,6,"C",6,42,239.333333333333,6.50876913697168,670,393,768,692,768
"MIRROR MOSAIC VOTIVE HOLDER","22101",2011,11,26,54.6,2.1,5,"C",670,6,234,3.29583686600433,26,75,58,50,58
"MIRROR MOSAIC VOTIVE HOLDER","22101",2011,12,6,12.6,2.1,1,"C",26,670,234,1.94591014905531,6,6,2,5,2
"MIRRORED DISCO BALL","21463",2011,10,64,340.8,5.825,16,"A",118,26,69.3333333333333,4.17438726989564,64,63,68,63,68
"MIRRORED DISCO BALL","21463",2011,11,103,548.85,5.87,25,"A",64,118,95,4.64439089914137,103,112,116,117,116
"MIRRORED DISCO BALL","21463",2011,12,23,120.85,5.75,5,"A",103,64,63.3333333333333,3.17805383034795,23,22,19,26,19
"MIRRORED DOVE WALL DECORATION","21293",2011,10,11,23.1,2.1,3,"C",16,20,15.6666666666667,2.484906649788,11,10,11,11,11
"MIRRORED DOVE WALL DECORATION","21293",2011,11,34,71.4,2.1,4,"C",11,16,20.3333333333333,3.55534806148941,34,28,26,23,26
"MIRRORED DOVE WALL DECORATION","21293",2011,12,1,4.13,4.13,1,"C",34,11,15.3333333333333,0.693147180559945,1,4,4,4,4
"MIRRORED WALL ART FOXY","21370",2011,12,7,22.36,4.3525,4,"C",6,2,5,2.07944154167984,7,8,8,9,8
"MIRRORED WALL ART GENTS","21367",2011,10,15,23.88,1.68555555555556,9,"C",13,4,10.6666666666667,2.77258872223978,15,18,15,26,15
"MIRRORED WALL ART GENTS","21367",2011,11,11,16.67,2.15333333333333,6,"C",15,13,13,2.484906649788,11,13,11,16,11
"MIRRORED WALL ART GENTS","21367",2011,12,13,13.96,2.855,2,"C",11,15,13,2.63905732961526,13,12,11,9,11
"MIRRORED WALL ART LADIES","21368",2011,10,8,6,0.75,6,"C",19,4,10.3333333333333,2.19722457733622,8,12,9,13,9
"MIRRORED WALL ART LADIES","21368",2011,11,9,6.75,0.75,4,"C",8,19,12,2.30258509299405,9,12,10,17,10
"MIRRORED WALL ART LADIES","21368",2011,12,12,9,0.75,1,"C",9,8,9.66666666666667,2.56494935746154,12,9,8,7,8
"MIRRORED WALL ART PHOTO FRAMES","21366",2011,11,1,4.25,4.25,1,"C",1,1,1,0.693147180559945,1,1,1,2,1
"MIRRORED WALL ART PHOTO FRAMES","21366",2011,12,3,12.75,4.25,1,"C",1,1,1.66666666666667,1.38629436111989,3,3,3,2,3
"MIRRORED WALL ART POPPIES","21371",2011,10,10,7.5,0.75,4,"C",14,74,32.6666666666667,2.39789527279837,10,25,18,26,18
"MIRRORED WALL ART POPPIES","21371",2011,11,3,2.25,0.75,1,"C",10,14,9,1.38629436111989,3,4,3,4,3
"MIRRORED WALL ART POPPIES","21371",2011,12,38,28.5,0.75,3,"C",3,10,17,3.66356164612965,38,35,37,37,37
"MIRRORED WALL ART SKULLS","21374",2011,10,3,3.75,1.25,3,"C",54,5,20.6666666666667,1.38629436111989,3,10,6,10,6
"MIRRORED WALL ART SKULLS","21374",2011,11,27,33.75,1.25,6,"C",3,54,28,3.3322045101752,27,24,29,26,29
"MIRRORED WALL ART SKULLS","21374",2011,12,36,45,1.25,1,"C",27,3,22,3.61091791264422,36,18,24,13,24
"MIRRORED WALL ART SNOWFLAKES","21373",2011,10,57,42.75,0.75,6,"C",46,51,51.3333333333333,4.06044301054642,57,56,58,62,58
"MIRRORED WALL ART SNOWFLAKES","21373",2011,11,112,84,0.75,14,"C",57,46,71.6666666666667,4.72738781871234,112,116,107,118,107
"MIRRORED WALL ART SNOWFLAKES","21373",2011,12,73,54.75,0.75,5,"C",112,57,80.6666666666667,4.30406509320417,73,67,68,70,68
"MIRRORED WALL ART SPLODGES","21369",2011,10,1,1.25,1.25,1,"C",26,12,13,0.693147180559945,1,4,3,4,3
"MIRRORED WALL ART SPLODGES","21369",2011,11,2,2.5,1.25,1,"C",1,26,9.66666666666667,1.09861228866811,2,2,2,3,2
"MIRRORED WALL ART SPLODGES","21369",2011,12,12,15,1.25,1,"C",2,1,5,2.56494935746154,12,8,14,6,14
"MIRRORED WALL ART STARS","21365",2011,10,11,8.25,0.75,3,"C",47,75,44.3333333333333,2.484906649788,11,25,19,28,19
"MIRRORED WALL ART STARS","21365",2011,11,17,12.75,0.75,7,"C",11,47,25,2.89037175789616,17,28,17,29,17
"MIRRORED WALL ART STARS","21365",2011,12,52,39,0.75,4,"C",17,11,26.6666666666667,3.97029191355212,52,49,57,53,57
"MIRRORED WALL ART TABLE LAMP","21372",2011,10,7,5.25,0.75,3,"C",15,5,9,2.07944154167984,7,8,7,10,7
"MIRRORED WALL ART TABLE LAMP","21372",2011,11,11,18.33,2.43,6,"C",7,15,11,2.484906649788,11,14,12,14,12
"MISTLETOE HEART WREATH CREAM","23131",2011,10,182,740.24,4.27064516129032,31,"B",94,73,116.333333333333,5.20948615284142,182,153,151,170,151
"MISTLETOE HEART WREATH CREAM","23131",2011,11,107,443.39,4.29384615384615,25,"B",182,94,127.666666666667,4.68213122712422,107,125,113,134,113
"MISTLETOE HEART WREATH CREAM","23131",2011,12,3,12.45,4.15,1,"B",107,182,97.3333333333333,1.38629436111989,3,6,5,5,5
"MISTLETOE HEART WREATH GREEN","23130",2011,10,279,1151.07,4.3076,50,"A",152,34,155,5.63478960316925,279,270,287,265,287
"MISTLETOE HEART WREATH GREEN","23130",2011,11,258,1054.6,4.28882352941176,51,"A",279,152,229.666666666667,5.55682806169954,258,260,274,259,274
"MISTLETOE HEART WREATH GREEN","23130",2011,12,34,141.1,4.15,3,"A",258,279,190.333333333333,3.55534806148941,34,27,18,23,18
"MOBILE VINTAGE HEARTS","22325",2011,10,16,79.2,4.95,7,"B",8,21,15,2.83321334405622,16,18,16,17,16
"MOBILE VINTAGE HEARTS","22325",2011,11,31,153.45,4.95,12,"B",16,8,18.3333333333333,3.46573590279973,31,32,32,36,32
"MOCK LOBSTER FRIDGE MAGNET","21698",2011,10,50,19.5,0.39,3,"C",48,27,41.6666666666667,3.93182563272433,50,51,47,51,47
"MOCK LOBSTER FRIDGE MAGNET","21698",2011,11,48,18.72,0.39,3,"C",50,48,48.6666666666667,3.89182029811063,48,49,48,59,48
"MOCK LOBSTER FRIDGE MAGNET","21698",2011,12,29,11.31,0.39,3,"C",48,50,42.3333333333333,3.40119738166216,29,36,32,43,32
"MODERN FLORAL STATIONERY SET","21990",2011,10,213,300.13,1.45166666666667,30,"B",122,47,127.333333333333,5.36597601502185,213,202,212,239,212
"MODERN FLORAL STATIONERY SET","21990",2011,11,277,405.54,1.3468,48,"B",213,122,204,5.62762111369064,277,262,254,271,254
"MODERN FLORAL STATIONERY SET","21990",2011,12,38,63.23,1.36,11,"B",277,213,176,3.66356164612965,38,88,75,111,75
"MONEY BOX BISCUITS DESIGN","22409",2011,10,23,28.75,1.25,5,"C",29,38,30,3.17805383034795,23,22,21,25,21
"MONEY BOX BISCUITS DESIGN","22409",2011,11,4,5,1.25,3,"C",23,29,18.6666666666667,1.6094379124341,4,10,8,11,8
"MONEY BOX BISCUITS DESIGN","22409",2011,12,3,3.75,1.25,3,"C",4,23,10,1.38629436111989,3,6,4,8,4
"MONEY BOX CONFECTIONERY DESIGN","22408",2011,10,27,34.96,1.5525,4,"C",2,13,14,3.3322045101752,27,23,27,24,27
"MONEY BOX CONFECTIONERY DESIGN","22408",2011,11,25,31.25,1.25,3,"C",27,2,18,3.25809653802148,25,24,24,19,24
"MONEY BOX CONFECTIONERY DESIGN","22408",2011,12,36,14.04,0.39,3,"C",25,27,29.3333333333333,3.61091791264422,36,33,36,36,36
"MONEY BOX FIRST AID DESIGN","22407",2011,11,7,8.75,1.25,2,"C",3,8,6,2.07944154167984,7,6,6,7,6
"MONEY BOX FIRST AID DESIGN","22407",2011,12,24,9.36,0.39,2,"C",7,3,11.3333333333333,3.2188758248682,24,20,24,21,24
"MONEY BOX HOUSEKEEPING DESIGN","22410",2011,10,16,21.21,1.5525,4,"C",44,2,20.6666666666667,2.83321334405622,16,18,17,19,17
"MONEY BOX HOUSEKEEPING DESIGN","22410",2011,11,5,6.25,1.25,4,"C",16,44,21.6666666666667,1.79175946922805,5,13,7,14,7
"MONEY BOX HOUSEKEEPING DESIGN","22410",2011,12,78,30.42,0.39,7,"C",5,16,33,4.36944785246702,78,73,77,92,77
"MONEY BOX KINGS CHOICE DESIGN","22406",2011,10,24,33.63,1.65333333333333,6,"C",7,14,15,3.2188758248682,24,24,25,26,25
"MONEY BOX KINGS CHOICE DESIGN","22406",2011,11,36,49.84,1.47,11,"C",24,7,22.3333333333333,3.61091791264422,36,36,39,52,39
"MONEY BOX KINGS CHOICE DESIGN","22406",2011,12,88,38.46,0.5625,12,"C",36,24,49.3333333333333,4.48863636973214,88,84,91,98,91
"MONEY BOX POCKET MONEY DESIGN","22405",2011,10,5,6.25,1.25,3,"C",12,24,13.6666666666667,1.79175946922805,5,8,6,10,6
"MONEY BOX POCKET MONEY DESIGN","22405",2011,11,21,26.25,1.25,5,"C",5,12,12.6666666666667,3.09104245335832,21,19,21,23,21
"MONEY BOX POCKET MONEY DESIGN","22405",2011,12,97,38.69,0.485555555555556,9,"C",21,5,41,4.58496747867057,97,86,105,109,105
"MONSTERS STENCIL CRAFT","22562",2011,10,141,176.25,1.25,19,"B",251,93,161.666666666667,4.95582705760126,141,148,141,153,141
"MONSTERS STENCIL CRAFT","22562",2011,11,216,271.21,1.27813953488372,43,"B",141,251,202.666666666667,5.37989735354046,216,231,219,266,219
"MONSTERS STENCIL CRAFT","22562",2011,12,91,116.17,1.34307692307692,13,"B",216,141,149.333333333333,4.52178857704904,91,121,87,125,87
"MOODY BOY  DOOR HANGER","21159",2011,10,279,108.81,0.39,10,"C",136,232,215.666666666667,5.63478960316925,279,252,288,261,288
"MOODY BOY  DOOR HANGER","21159",2011,11,156,60.84,0.39,26,"C",279,136,190.333333333333,5.05624580534831,156,207,157,212,157
"MOODY BOY  DOOR HANGER","21159",2011,12,31,12.09,0.39,4,"C",156,279,155.333333333333,3.46573590279973,31,79,55,71,55
"MOODY GIRL DOOR HANGER","21158",2011,10,353,137.67,0.39,19,"C",215,289,285.666666666667,5.86929691313377,353,323,327,361,327
"MOODY GIRL DOOR HANGER","21158",2011,11,195,76.05,0.39,35,"C",353,215,254.333333333333,5.27811465923052,195,239,205,288,205
"MOODY GIRL DOOR HANGER","21158",2011,12,33,12.87,0.39,5,"C",195,353,193.666666666667,3.52636052461616,33,88,70,97,70
"MORE BUTTER METAL SIGN","21905",2011,10,62,51.5,0.919230769230769,13,"C",68,126,85.3333333333333,4.14313472639153,62,86,71,88,71
"MORE BUTTER METAL SIGN","21905",2011,11,107,85.37,0.828181818181818,22,"C",62,68,79,4.68213122712422,107,121,103,129,103
"MORE BUTTER METAL SIGN","21905",2011,12,72,56.88,0.79,1,"C",107,62,80.3333333333333,4.29045944114839,72,15,29,22,29
"MOROCCAN BEATEN METAL DISH","21344",2011,11,5,49.75,9.95,1,"C",4,2,3.66666666666667,1.79175946922805,5,3,3,2,3
"MOROCCAN BEATEN METAL DISH","21344",2011,12,3,29.85,9.95,2,"C",5,4,4,1.38629436111989,3,3,3,3,3
"MOROCCAN BEATEN METAL DISH LARGE","21331",2011,10,2,25.5,12.75,2,"C",1,4,2.33333333333333,1.09861228866811,2,2,2,3,2
"MOROCCAN BEATEN METAL DISH LARGE","21331",2011,11,1,12.75,12.75,1,"C",2,1,1.33333333333333,0.693147180559945,1,1,1,1,1
"MOTHER'S KITCHEN SPOON REST","23183",2011,10,20,86.13,4.57444444444444,9,"C",30,16,22,3.04452243772342,20,23,21,25,21
"MOTHER'S KITCHEN SPOON REST","23183",2011,11,14,67.34,4.98666666666667,9,"C",20,30,21.3333333333333,2.70805020110221,14,20,15,21,15
"MOTORING TISSUE BOX","22093",2011,10,570,224.37,0.456774193548387,30,"B",190,193,317.666666666667,6.34738920965601,570,509,551,494,551
"MOTORING TISSUE BOX","22093",2011,11,285,111.15,0.39,39,"B",570,190,348.333333333333,5.65599181081985,285,354,330,373,330
"MOTORING TISSUE BOX","22093",2011,12,57,22.23,0.39,7,"B",285,570,304,4.06044301054642,57,152,130,125,130
"MOUSE TOY WITH PINK T-SHIRT","84580",2011,10,54,204.02,3.788,20,"B",18,19,30.3333333333333,4.00733318523247,54,54,61,63,61
"MOUSE TOY WITH PINK T-SHIRT","84580",2011,11,57,215.65,3.78619047619048,21,"B",54,18,43,4.06044301054642,57,66,55,51,55
"MOUSE TOY WITH PINK T-SHIRT","84580",2011,12,13,49.13,3.81333333333333,5,"B",57,54,41.3333333333333,2.63905732961526,13,24,17,21,17
"MOUSEY LONG LEGS SOFT TOY","20699",2011,11,3,7.65,2.55,2,"C",2,2,2.33333333333333,1.38629436111989,3,3,3,4,3
"MOUSEY LONG LEGS SOFT TOY","20699",2011,12,1,2.55,2.55,1,"C",3,2,2,0.693147180559945,1,1,1,2,1
"MR ROBOT SOFT TOY","20704",2011,10,12,83.4,6.95,6,"C",4,5,7,2.56494935746154,12,12,13,13,13
"MR ROBOT SOFT TOY","20704",2011,11,2,13.9,6.95,2,"C",12,4,6,1.09861228866811,2,4,3,4,3
"MR ROBOT SOFT TOY","20704",2011,12,36,90.2,3.2,4,"C",2,12,16.6666666666667,3.61091791264422,36,30,37,28,37
"MRS ROBOT SOFT TOY","20705",2011,10,6,41.7,6.95,3,"C",2,1,3,1.94591014905531,6,6,6,5,6
"MRS ROBOT SOFT TOY","20705",2011,11,1,6.95,6.95,1,"C",6,2,3,0.693147180559945,1,2,2,2,2
"MRS ROBOT SOFT TOY","20705",2011,12,13,45.35,3.61666666666667,3,"C",1,6,6.66666666666667,2.63905732961526,13,11,14,12,14
"MULTI COLOUR SILVER T-LIGHT HOLDER","84945",2011,10,918,736.08,0.872258064516129,30,"A",1140,528,862,6.82328612235569,918,876,938,783,938
"MULTI COLOUR SILVER T-LIGHT HOLDER","84945",2011,11,1753,1441.51,0.874210526315789,56,"A",918,1140,1270.33333333333,7.46965417293213,1753,1538,1454,1339,1454
"MULTI COLOUR SILVER T-LIGHT HOLDER","84945",2011,12,690,567.24,0.887272727272727,22,"A",1753,918,1120.33333333333,6.53813982376767,690,930,890,906,890
"MULTI HEARTS  STICKERS","21726",2011,10,5,4.25,0.85,3,"C",2,1,2.66666666666667,1.79175946922805,5,5,5,7,5
"MULTI HEARTS  STICKERS","21726",2011,11,22,18.7,0.85,2,"C",5,2,9.66666666666667,3.13549421592915,22,18,24,23,24
"MULTI HEARTS  STICKERS","21726",2011,12,13,11.05,0.85,2,"C",22,5,13.3333333333333,2.63905732961526,13,11,10,11,10
"MULTICOLOUR  CONFETTI IN TUBE","21197",2011,11,62,92.7,1.58333333333333,3,"C",72,12,48.6666666666667,4.14313472639153,62,47,48,35,48
"MULTICOLOUR  CONFETTI IN TUBE","21197",2011,12,12,19.8,1.65,1,"C",62,72,48.6666666666667,2.56494935746154,12,6,6,6,6
"MULTICOLOUR 3D BALLS GARLAND","21205",2011,10,1,2.55,2.55,1,"C",24,19,14.6666666666667,0.693147180559945,1,4,3,4,3
"MULTICOLOUR 3D BALLS GARLAND","21205",2011,11,16,40.8,2.55,3,"C",1,24,13.6666666666667,2.83321334405622,16,12,15,12,15
"MULTICOLOUR 3D BALLS GARLAND","21205",2011,12,1,2.55,2.55,1,"C",16,1,6,0.693147180559945,1,2,2,3,2
"MULTICOLOUR HONEYCOMB FAN","21209",2011,10,72,28.08,0.39,4,"C",146,77,98.3333333333333,4.29045944114839,72,79,78,75,78
"MULTICOLOUR HONEYCOMB FAN","21209",2011,11,108,42.12,0.39,9,"C",72,146,108.666666666667,4.69134788222914,108,129,98,135,98
"MULTICOLOUR HONEYCOMB FAN","21209",2011,12,41,15.99,0.39,4,"C",108,72,73.6666666666667,3.73766961828337,41,60,47,52,47
"MULTICOLOUR HONEYCOMB PAPER GARLAND","21200",2011,10,162,238.5,1.61,5,"B",163,2,109,5.09375020080676,162,90,101,98,101
"MULTICOLOUR HONEYCOMB PAPER GARLAND","21200",2011,11,286,423.9,1.59285714285714,7,"B",162,163,203.666666666667,5.65948221575962,286,153,157,108,157
"MULTICOLOUR RABBIT EGG WARMER","35911A",2011,10,8,6.8,0.85,3,"C",59,30,32.3333333333333,2.19722457733622,8,16,15,21,15
"MULTICOLOUR RABBIT EGG WARMER","35911A",2011,11,2,1.7,0.85,1,"C",8,59,23,1.09861228866811,2,3,3,5,3
"MULTICOLOUR SPRING FLOWER MUG","37340",2011,10,198,77.22,0.39,5,"B",124,252,191.333333333333,5.29330482472449,198,145,210,156,210
"MULTICOLOUR SPRING FLOWER MUG","37340",2011,11,204,79.56,0.39,6,"B",198,124,175.333333333333,5.32300997913841,204,174,200,145,200
"MULTICOLOUR SPRING FLOWER MUG","37340",2011,12,10,3.9,0.39,3,"B",204,198,137.333333333333,2.39789527279837,10,42,38,43,38
"MUM'S KITCHEN CLOCK","23180",2011,10,5,24.75,4.95,2,"C",13,9,9,1.79175946922805,5,6,5,5,5
"MUM'S KITCHEN CLOCK","23180",2011,11,8,39.6,4.95,2,"C",5,13,8.66666666666667,2.19722457733622,8,7,7,6,7
"MUM'S KITCHEN CLOCK","23180",2011,12,13,21.45,1.65,2,"C",8,5,8.66666666666667,2.63905732961526,13,11,12,11,12
"MURANO STYLE GLASS BRACELET GOLD","90040C",2011,12,1,3.5,3.5,1,"C",3,3,2.33333333333333,0.693147180559945,1,1,1,2,1
"MUSICAL ZINC HEART DECORATION","22597",2011,10,585,185.77,0.455217391304348,23,"B",302,3,296.666666666667,6.37331978957701,585,485,634,570,634
"MUSICAL ZINC HEART DECORATION","22597",2011,11,1168,354.84,0.332222222222222,43,"B",585,302,685,7.06390396147207,1168,972,1171,899,1171
"MUSICAL ZINC HEART DECORATION","22597",2011,12,232,72.88,0.327333333333333,13,"B",1168,585,661.666666666667,5.4510384535657,232,381,332,407,332
"Manual","M",2011,10,1010,21183.63,463.256744186047,39,"A",521,29,520,6.91869521902047,1010,552,904,565,904
"Manual","M",2011,11,3890,2986.32,49.15525,37,"A",1010,521,1807,8.26642147298455,3890,1411,2125,1101,2125
"Manual","M",2011,12,819,438.1,29.15,8,"A",3890,1010,1906.33333333333,6.7093043402583,819,418,80,347,80
"N0 SINGING METAL SIGN","82600",2011,12,371,770.94,2.07294117647059,17,"B",823,3,399,5.91889385427315,371,305,367,402,367
"NAMASTE SWAGAT INCENSE","17021",2011,10,144,38.88,0.29,6,"C",180,37,120.333333333333,4.97673374242057,144,131,157,128,157
"NAMASTE SWAGAT INCENSE","17021",2011,11,108,32.4,0.3,4,"C",144,180,144,4.69134788222914,108,93,91,82,91
"NAMASTE SWAGAT INCENSE","17021",2011,12,36,10.8,0.3,1,"C",108,144,96,3.61091791264422,36,29,23,20,23
"NATURAL HANGING QUILTED HEARTS","23431",2011,10,215,178.45,0.83,17,"B",444,600,419.666666666667,5.37527840768417,215,264,288,327,288
"NATURAL HANGING QUILTED HEARTS","23431",2011,11,156,124.2,0.822142857142857,12,"B",215,444,271.666666666667,5.05624580534831,156,187,155,223,155
"NATURAL HANGING QUILTED HEARTS","23431",2011,12,12,9.96,0.83,1,"B",156,215,127.666666666667,2.56494935746154,12,13,11,11,11
"NATURAL SLATE CHALKBOARD LARGE","22456",2011,10,186,857.7,4.85967741935484,31,"A",130,111,142.333333333333,5.23110861685459,186,174,164,173,164
"NATURAL SLATE CHALKBOARD LARGE","22456",2011,11,126,611.1,4.93205128205128,39,"A",186,130,147.333333333333,4.84418708645859,126,154,134,161,134
"NATURAL SLATE CHALKBOARD LARGE","22456",2011,12,9,44.55,4.95,5,"A",126,186,107,2.30258509299405,9,29,18,31,18
"NATURAL SLATE HEART CHALKBOARD","22457",2011,10,694,2052.18,3.09444444444444,90,"A",653,522,623,6.54391184556479,694,687,712,624,712
"NATURAL SLATE HEART CHALKBOARD","22457",2011,11,741,2234.91,3.04699115044248,112,"A",694,653,696,6.60934924316738,741,769,673,637,673
"NATURAL SLATE HEART CHALKBOARD","22457",2011,12,874,2358.7,3.02625,32,"A",741,694,769.666666666667,6.77422388635761,874,673,682,623,682
"NATURAL SLATE RECTANGLE CHALKBOARD","22488",2011,10,290,454.5,1.62692307692308,26,"A",214,281,261.666666666667,5.67332326717149,290,280,271,275,271
"NATURAL SLATE RECTANGLE CHALKBOARD","22488",2011,11,296,472.48,1.67883720930233,43,"A",290,214,266.666666666667,5.6937321388027,296,302,298,330,298
"NATURAL SLATE RECTANGLE CHALKBOARD","22488",2011,12,31,52.79,1.88428571428571,7,"A",296,290,205.666666666667,3.46573590279973,31,87,48,68,48
"NECKLACE+BRACELET PINK BUTTERFLY","90098",2011,10,13,33.15,2.55,1,"C",5,1,6.33333333333333,2.63905732961526,13,10,13,6,13
"NECKLACE+BRACELET PINK BUTTERFLY","90098",2011,11,3,7.65,2.55,3,"C",13,5,7,1.38629436111989,3,5,4,6,4
"NECKLACE+BRACELET SET BLUE BLOSSOM","90096",2011,11,5,12.75,2.55,1,"C",1,2,2.66666666666667,1.79175946922805,5,3,5,2,5
"NECKLACE+BRACELET SET BLUE HIBISCUS","90099",2011,10,1,2.55,2.55,1,"C",2,4,2.33333333333333,0.693147180559945,1,2,1,2,1
"NECKLACE+BRACELET SET BLUE HIBISCUS","90099",2011,11,12,30.6,2.55,8,"C",1,2,5,2.56494935746154,12,15,14,23,14
"NECKLACE+BRACELET SET BLUE HIBISCUS","90099",2011,12,1,2.55,2.55,1,"C",12,1,4.66666666666667,0.693147180559945,1,2,2,2,2
"NECKLACE+BRACELET SET FRUIT SALAD","90094",2011,11,5,12.75,2.55,5,"C",2,1,2.66666666666667,1.79175946922805,5,7,6,8,6
"NECKLACE+BRACELET SET FRUIT SALAD","90094",2011,12,1,2.55,2.55,1,"C",5,2,2.66666666666667,0.693147180559945,1,1,1,2,1
"NEW BAROQUE BLACK BOXES","84617",2011,11,1,12.75,12.75,1,"C",1,1,1,0.693147180559945,1,1,1,1,1
"NEW BAROQUE JEWELLERY BOX","84600",2011,10,11,81.45,7.75,5,"C",8,2,7,2.484906649788,11,11,12,10,12
"NEW BAROQUE JEWELLERY BOX","84600",2011,11,12,87.4,7.7,4,"C",11,8,10.3333333333333,2.56494935746154,12,11,11,9,11
"NEW BAROQUE JEWELLERY BOX","84600",2011,12,6,47.7,7.95,3,"C",12,11,9.66666666666667,1.94591014905531,6,8,6,6,6
"NINE DRAWER OFFICE TIDY","23472",2011,12,8,119.6,14.95,5,"B",18,28,18,2.19722457733622,8,12,11,10,11
"NINJA RABBIT BLACK","21028",2011,10,8,14.84,1.855,4,"C",4,1,4.33333333333333,2.19722457733622,8,8,8,10,8
"NINJA RABBIT BLACK","21028",2011,11,12,18.63,1.734,5,"C",8,4,8,2.56494935746154,12,12,12,15,12
"NINJA RABBIT BLACK","21028",2011,12,2,4.92,2.46,1,"C",12,8,7.33333333333333,1.09861228866811,2,2,2,3,2
"NINJA RABBIT PINK","21027",2011,10,5,6.25,1.25,3,"C",9,3,5.66666666666667,1.79175946922805,5,6,6,6,6
"NINJA RABBIT PINK","21027",2011,11,8,10,1.25,2,"C",5,9,7.33333333333333,2.19722457733622,8,7,7,8,7
"NO SINGING METAL SIGN","82600",2011,10,1,2.1,2.1,1,"A",1019,508,509.333333333333,0.693147180559945,1,18,6,10,6
"NOEL GARLAND PAINTED ZINC","22340",2011,10,209,81.51,0.39,14,"C",192,12,137.666666666667,5.34710753071747,209,199,192,211,192
"NOEL GARLAND PAINTED ZINC","22340",2011,11,518,202.02,0.39,33,"C",209,192,306.333333333333,6.25190388316589,518,469,496,459,496
"NOEL GARLAND PAINTED ZINC","22340",2011,12,49,31.83,0.655,4,"C",518,209,258.666666666667,3.91202300542815,49,84,73,64,73
"NOEL WOODEN BLOCK LETTERS","22121",2011,10,50,297.5,5.95,23,"B",33,32,38.3333333333333,3.93182563272433,50,57,58,63,58
"NOEL WOODEN BLOCK LETTERS","22121",2011,11,84,497.66,6.23,37,"B",50,33,55.6666666666667,4.44265125649032,84,79,85,90,85
"NOEL WOODEN BLOCK LETTERS","22121",2011,12,5,29.75,5.95,4,"B",84,50,46.3333333333333,1.79175946922805,5,22,14,17,14
"NOVELTY BISCUITS CAKE STAND 3 TIER","22890",2011,10,33,320.96,10.485,15,"A",13,6,17.3333333333333,3.52636052461616,33,30,35,32,35
"NOVELTY BISCUITS CAKE STAND 3 TIER","22890",2011,11,58,552.31,10.345,18,"A",33,13,34.6666666666667,4.07753744390572,58,50,51,43,51
"NOVELTY BISCUITS CAKE STAND 3 TIER","22890",2011,12,4,39.8,9.95,3,"A",58,33,31.6666666666667,1.6094379124341,4,11,8,10,8
"NUMBER TILE COTTAGE GARDEN 1","22869",2011,10,1,1.95,1.95,1,"C",2,2,1.66666666666667,0.693147180559945,1,1,1,2,1
"NUMBER TILE COTTAGE GARDEN 1","22869",2011,11,2,3.9,1.95,2,"C",1,2,1.66666666666667,1.09861228866811,2,2,2,3,2
"NUMBER TILE COTTAGE GARDEN 2","22870",2011,11,1,1.95,1.95,1,"C",1,1,1,0.693147180559945,1,1,1,2,1
"NUMBER TILE COTTAGE GARDEN 3","22871",2011,10,2,3.9,1.95,1,"C",3,8,4.33333333333333,1.09861228866811,2,2,2,2,2
"NUMBER TILE COTTAGE GARDEN 5","22873",2011,10,1,1.95,1.95,1,"C",1,5,2.33333333333333,0.693147180559945,1,1,1,2,1
"NUMBER TILE VINTAGE FONT 1","22880",2011,11,2,3.9,1.95,1,"C",5,2,3,1.09861228866811,2,2,2,2,2
"NUMBER TILE VINTAGE FONT 2","22881",2011,11,2,3.9,1.95,1,"C",2,6,3.33333333333333,1.09861228866811,2,2,2,2,2
"NUMBER TILE VINTAGE FONT 3","22882",2011,11,3,5.85,1.95,2,"C",2,9,4.66666666666667,1.38629436111989,3,4,3,5,3
"NUMBER TILE VINTAGE FONT 3","22882",2011,12,2,3.9,1.95,2,"C",3,2,2.33333333333333,1.09861228866811,2,3,2,4,2
"NUMBER TILE VINTAGE FONT 4","22883",2011,10,1,1.95,1.95,1,"C",2,2,1.66666666666667,0.693147180559945,1,1,1,2,1
"NUMBER TILE VINTAGE FONT 5","22884",2011,10,1,1.95,1.95,1,"C",3,2,2,0.693147180559945,1,1,1,2,1
"NUMBER TILE VINTAGE FONT 5","22884",2011,11,2,3.9,1.95,1,"C",1,3,2,1.09861228866811,2,2,2,2,2
"NUMBER TILE VINTAGE FONT 6","22885",2011,11,2,3.9,1.95,2,"C",2,2,2,1.09861228866811,2,3,2,4,2
"NUMBER TILE VINTAGE FONT 7","22886",2011,12,1,1.95,1.95,1,"C",5,3,3,0.693147180559945,1,2,1,2,1
"NUMBER TILE VINTAGE FONT 8","22887",2011,12,1,1.95,1.95,1,"C",4,2,2.33333333333333,0.693147180559945,1,1,1,2,1
"NUMBER TILE VINTAGE FONT 9","22888",2011,11,1,1.95,1.95,1,"C",2,2,1.66666666666667,0.693147180559945,1,1,1,2,1
"NUMBER TILE VINTAGE FONT No","22889",2011,11,2,4.2,2.1,1,"C",7,2,3.66666666666667,1.09861228866811,2,2,2,2,2
"NURSE'S BAG SOFT TOY","21054",2011,11,3,26.85,8.95,1,"C",1,22,8.66666666666667,1.38629436111989,3,2,1,2,1
"NURSERY A,B,C PAINTED LETTERS","21462",2011,10,2,13.5,6.75,2,"B",19,2,7.66666666666667,1.09861228866811,2,4,3,5,3
"NURSERY A,B,C PAINTED LETTERS","21462",2011,11,3,20.25,6.75,3,"B",2,19,8,1.38629436111989,3,5,4,5,4
"NURSERY A,B,C PAINTED LETTERS","21462",2011,12,91,177.45,1.95,12,"B",3,2,32,4.52178857704904,91,81,97,140,97
"Next Day Carriage","23444",2011,10,8,120,15,8,"B",6,9,7.66666666666667,2.19722457733622,8,10,8,13,8
"Next Day Carriage","23444",2011,11,25,375,15,25,"B",8,6,13,3.25809653802148,25,24,28,34,28
"Next Day Carriage","23444",2011,12,10,150,15,10,"B",25,8,14.3333333333333,2.39789527279837,10,14,11,16,11
"OCEAN SCENT CANDLE IN JEWELLED BOX","72802B",2011,10,557,540.25,2.53125,8,"B",22,27,202,6.32435896238131,557,410,623,618,623
"OCEAN SCENT CANDLE IN JEWELLED BOX","72802B",2011,11,165,174.75,3.4375,4,"B",557,22,248,5.11198778835654,165,74,57,38,57
"OFFICE MUG WARMER BLACK+SILVER","22311",2011,10,70,221.14,3.43,11,"A",151,15,78.6666666666667,4.26267987704132,70,70,58,68,58
"OFFICE MUG WARMER BLACK+SILVER","22311",2011,11,402,1088.86,3.4325,16,"A",70,151,207.666666666667,5.99893656194668,402,309,384,291,384
"OFFICE MUG WARMER BLACK+SILVER","22311",2011,12,159,425.65,3.438,5,"A",402,70,210.333333333333,5.07517381523383,159,88,92,78,92
"OFFICE MUG WARMER CHOC+BLUE","22314",2011,10,67,209.45,3.57461538461538,13,"B",16,20,34.3333333333333,4.21950770517611,67,59,72,60,72
"OFFICE MUG WARMER CHOC+BLUE","22314",2011,11,39,129.25,3.66,16,"B",67,16,40.6666666666667,3.68887945411394,39,50,44,41,44
"OFFICE MUG WARMER CHOC+BLUE","22314",2011,12,98,145.2,1.62833333333333,12,"B",39,67,68,4.59511985013459,98,96,95,88,95
"OFFICE MUG WARMER PINK","22313",2011,10,283,735.69,3.35666666666667,6,"B",6,11,100,5.64897423816121,283,200,284,330,284
"OFFICE MUG WARMER PINK","22313",2011,11,39,115.05,2.95,11,"B",283,6,109.333333333333,3.68887945411394,39,75,58,59,58
"OFFICE MUG WARMER PINK","22313",2011,12,29,36.25,1.25,5,"B",39,283,117,3.40119738166216,29,42,22,34,22
"OFFICE MUG WARMER POLKADOT","22312",2011,10,36,109.04,3.26555555555556,9,"B",23,20,26.3333333333333,3.61091791264422,36,34,41,40,41
"OFFICE MUG WARMER POLKADOT","22312",2011,11,108,329.96,3.234,20,"B",36,23,55.6666666666667,4.69134788222914,108,95,110,96,110
"OFFICE MUG WARMER POLKADOT","22312",2011,12,47,92.75,2.1,6,"B",108,36,63.6666666666667,3.87120101090789,47,38,38,42,38
"OPEN CLOSED METAL SIGN","21770",2011,10,131,628.26,5.04170212765957,47,"A",209,98,146,4.88280192258637,131,159,134,171,134
"OPEN CLOSED METAL SIGN","21770",2011,11,136,643.8,4.91315789473684,38,"A",131,209,158.666666666667,4.91998092582813,136,161,155,184,155
"OPEN CLOSED METAL SIGN","21770",2011,12,90,420.3,4.89166666666667,12,"A",136,131,119,4.51085950651685,90,78,79,83,79
"OPIUM SCENTED VOTIVE CANDLE","85230A",2011,11,24,6.96,0.29,1,"C",96,168,96,3.2188758248682,24,18,11,14,11
"OPIUM SCENTED VOTIVE CANDLE","85230A",2011,12,24,6.96,0.29,1,"C",24,96,48,3.2188758248682,24,12,16,17,16
"ORANGE SCENTED SET/9 T-LIGHTS","85231G",2011,10,30,25.5,0.85,3,"C",113,40,61,3.43398720448515,30,31,26,30,26
"ORANGE VOTIVE CANDLE","85230G",2011,10,24,6.96,0.29,1,"C",96,120,80,3.2188758248682,24,24,26,24,26
"ORANGE VOTIVE CANDLE","85230G",2011,11,48,13.92,0.29,2,"C",24,96,56,3.89182029811063,48,32,38,38,38
"ORANGE VOTIVE CANDLE","85230G",2011,12,24,6.96,0.29,1,"C",48,24,32,3.2188758248682,24,18,21,16,21
"ORIENTAL RED CUSHION COVER","84984D",2011,10,2,9.3,4.65,1,"C",3,2,2.33333333333333,1.09861228866811,2,2,2,2,2
"ORIENTAL RED CUSHION COVER","84984D",2011,11,6,27.9,4.65,1,"C",2,3,3.66666666666667,1.94591014905531,6,5,5,3,5
"ORIGAMI JASMINE INCENSE/CANDLE SET","17012B",2011,10,126,107.1,0.85,11,"C",37,34,65.6666666666667,4.84418708645859,126,120,132,117,132
"ORIGAMI JASMINE INCENSE/CANDLE SET","17012B",2011,11,5,4.25,0.85,3,"C",126,37,56,1.79175946922805,5,26,20,27,20
"ORIGAMI LAVENDER INCENSE/CANDL SET","17012C",2011,10,66,56.1,0.85,11,"C",10,2,26,4.20469261939097,66,61,72,86,72
"ORIGAMI LAVENDER INCENSE/CANDL SET","17012C",2011,11,88,74.8,0.85,8,"C",66,10,54.6666666666667,4.48863636973214,88,71,76,75,76
"ORIGAMI LAVENDER INCENSE/CANDL SET","17012C",2011,12,13,11.05,0.85,6,"C",88,66,55.6666666666667,2.63905732961526,13,32,30,36,30
"ORIGAMI ROSE INCENSE/CANDLE SET","17012D",2011,10,84,71.4,0.85,8,"C",41,49,58,4.44265125649032,84,79,93,82,93
"ORIGAMI ROSE INCENSE/CANDLE SET","17012D",2011,11,144,122.4,0.85,14,"C",84,41,89.6666666666667,4.97673374242057,144,131,124,128,124
"ORIGAMI ROSE INCENSE/CANDLE SET","17012D",2011,12,34,28.9,0.85,5,"C",144,84,87.3333333333333,3.55534806148941,34,43,48,51,48
"ORIGAMI SANDLEWOOD INCENSE/CAND SET","17012F",2011,10,45,38.25,0.85,7,"C",34,25,34.6666666666667,3.8286413964891,45,45,48,53,48
"ORIGAMI SANDLEWOOD INCENSE/CAND SET","17012F",2011,11,144,122.4,0.85,14,"C",45,34,74.3333333333333,4.97673374242057,144,134,139,125,139
"ORIGAMI SANDLEWOOD INCENSE/CAND SET","17012F",2011,12,41,34.85,0.85,7,"C",144,45,76.6666666666667,3.73766961828337,41,58,54,60,54
"ORIGAMI VANILLA INCENSE/CANDLE SET","17012A",2011,10,94,79.9,0.85,8,"C",57,8,53,4.55387689160054,94,81,84,82,84
"ORIGAMI VANILLA INCENSE/CANDLE SET","17012A",2011,11,10,8.5,0.85,2,"C",94,57,53.6666666666667,2.39789527279837,10,21,19,18,19
"ORIGAMI VANILLA INCENSE/CANDLE SET","17012A",2011,12,5,4.25,0.85,1,"C",10,94,36.3333333333333,1.79175946922805,5,8,7,8,7
"OVAL  MINI PORTRAIT FRAME","23453",2011,12,33,64.35,1.95,6,"C",172,110,105,3.52636052461616,33,42,36,46,36
"OVAL WALL MIRROR DIAMANTE","22167",2011,10,7,69.65,9.95,3,"B",2,8,5.66666666666667,2.07944154167984,7,6,6,5,6
"OVAL WALL MIRROR DIAMANTE","22167",2011,11,13,129.35,9.95,9,"B",7,2,7.33333333333333,2.63905732961526,13,14,13,15,13
"OVAL WALL MIRROR DIAMANTE","22167",2011,12,2,19.9,9.95,2,"B",13,7,7.33333333333333,1.09861228866811,2,4,3,3,3
"OVEN MITT APPLES DESIGN","22897",2011,10,163,226.63,1.624,20,"B",81,57,100.333333333333,5.0998664278242,163,162,180,150,180
"OVEN MITT APPLES DESIGN","22897",2011,11,178,265.46,1.61235294117647,33,"B",163,81,140.666666666667,5.18738580584075,178,185,174,198,174
"OVEN MITT APPLES DESIGN","22897",2011,12,10,16.34,1.75666666666667,6,"B",178,163,117,2.39789527279837,10,46,24,39,24
"OVERNIGHT BAG VINTAGE ROSE PAISLEY","22278",2011,10,29,143.55,4.95,7,"B",27,23,26.3333333333333,3.40119738166216,29,24,27,24,27
"OVERNIGHT BAG VINTAGE ROSE PAISLEY","22278",2011,11,38,188.1,4.95,13,"B",29,27,31.3333333333333,3.66356164612965,38,36,38,35,38
"OVERNIGHT BAG VINTAGE ROSE PAISLEY","22278",2011,12,4,19.8,4.95,2,"B",38,29,23.6666666666667,1.6094379124341,4,8,6,7,6
"OWL DOORSTOP","21116",2011,10,59,280.85,4.90333333333333,14,"B",27,37,41,4.0943445622221,59,54,56,53,56
"OWL DOORSTOP","21116",2011,11,151,685.15,4.85869565217391,23,"B",59,27,79,5.02388052084628,151,134,153,125,153
"OWL DOORSTOP","21116",2011,12,1,8.29,8.29,1,"B",151,59,70.3333333333333,0.693147180559945,1,4,1,5,1
"OYSTER TRINKET BOX","21420",2011,11,4,13,3.25,2,"C",1,4,3,1.6094379124341,4,4,4,4,4
"OYSTER TRINKET BOX","21420",2011,12,28,22.12,0.79,2,"C",4,1,11,3.36729582998647,28,22,28,23,28
"PACK 3 BOXES BIRD PANNETONE","22813",2011,10,233,458.71,2.19222222222222,18,"A",548,72,284.333333333333,5.4553211153577,233,206,187,220,187
"PACK 3 BOXES BIRD PANNETONE","22813",2011,11,103,209.57,2.168,10,"A",233,548,294.666666666667,4.64439089914137,103,140,115,104,115
"PACK 3 BOXES CHRISTMAS PANNETONE","22812",2011,10,533,1010.09,2.15820512820513,38,"A",612,108,417.666666666667,6.2803958389602,533,453,470,447,470
"PACK 3 BOXES CHRISTMAS PANNETONE","22812",2011,11,51,101.63,2.31333333333333,6,"A",533,612,398.666666666667,3.95124371858143,51,93,79,74,79
"PACK 3 IRON ON DOG PATCHES","84569A",2011,11,8,10,1.25,1,"C",11,32,17,2.19722457733622,8,6,4,5,4
"PACK 3 IRON ON DOG PATCHES","84569A",2011,12,1,2.46,2.46,1,"C",8,11,6.66666666666667,0.693147180559945,1,3,2,3,2
"PACK 6 HEART/ICE-CREAM PATCHES","84569D",2011,10,2,4.92,2.46,1,"C",5,43,16.6666666666667,1.09861228866811,2,4,3,4,3
"PACK 6 HEART/ICE-CREAM PATCHES","84569D",2011,11,17,21.25,1.25,3,"C",2,5,8,2.89037175789616,17,15,16,15,16
"PACK OF 12 50'S CHRISTMAS TISSUES","23378",2011,11,901,351.39,0.39,58,"B",794,1548,1081,6.80461452006262,901,961,854,1204,854
"PACK OF 12 50'S CHRISTMAS TISSUES","23378",2011,12,170,66.3,0.39,11,"B",901,794,621.666666666667,5.14166355650266,170,309,224,358,224
"PACK OF 12 BLUE PAISLEY TISSUES","21983",2011,10,356,137.76,0.45,13,"B",184,177,239,5.87773578177964,356,298,293,279,293
"PACK OF 12 BLUE PAISLEY TISSUES","21983",2011,11,174,71.82,0.478,20,"B",356,184,238,5.16478597392351,174,197,179,243,179
"PACK OF 12 BLUE PAISLEY TISSUES","21983",2011,12,49,19.55,0.5,4,"B",174,356,193,3.91202300542815,49,77,73,62,73
"PACK OF 12 CIRCUS PARADE TISSUES","22615",2011,10,254,94.26,0.3775,8,"C",244,144,214,5.54126354515843,254,209,229,194,229
"PACK OF 12 CIRCUS PARADE TISSUES","22615",2011,11,69,27.35,0.434,10,"C",254,244,189,4.24849524204936,69,114,99,125,99
"PACK OF 12 CIRCUS PARADE TISSUES","22615",2011,12,24,9.36,0.39,2,"C",69,254,115.666666666667,3.2188758248682,24,36,24,30,24
"PACK OF 12 COLOURED PENCILS","22491",2011,10,218,187.64,0.907777777777778,27,"A",195,262,225,5.3890717298165,218,233,221,253,221
"PACK OF 12 COLOURED PENCILS","22491",2011,11,465,359.37,0.8708,25,"A",218,195,292.666666666667,6.14418563412565,465,419,448,387,448
"PACK OF 12 COLOURED PENCILS","22491",2011,12,30,25.5,0.85,6,"A",465,218,237.666666666667,3.43398720448515,30,120,100,92,100
"PACK OF 12 DOLLY GIRL TISSUES","23377",2011,11,237,92.43,0.39,23,"C",401,548,395.333333333333,5.47227067367148,237,296,278,311,278
"PACK OF 12 DOLLY GIRL TISSUES","23377",2011,12,14,5.46,0.39,2,"C",237,401,217.333333333333,2.70805020110221,14,42,45,32,45
"PACK OF 12 HEARTS DESIGN TISSUES","21985",2011,10,464,189.76,0.460967741935484,31,"A",950,746,720,6.14203740558736,464,599,573,666,573
"PACK OF 12 HEARTS DESIGN TISSUES","21985",2011,11,475,194.05,0.432926829268293,41,"A",464,950,629.666666666667,6.16541785423142,475,586,539,536,539
"PACK OF 12 HEARTS DESIGN TISSUES","21985",2011,12,87,35.25,0.434,10,"A",475,464,342,4.47733681447821,87,192,164,200,164
"PACK OF 12 LONDON TISSUES","22616",2011,10,1532,559,0.426764705882353,34,"A",1587,2419,1846,7.33498187887181,1532,1851,1819,1670,1819
"PACK OF 12 LONDON TISSUES","22616",2011,11,2610,897.82,0.402884615384615,52,"A",1532,1587,1909.66666666667,7.86748856869913,2610,2325,2327,2378,2327
"PACK OF 12 LONDON TISSUES","22616",2011,12,617,210.39,0.385882352941177,15,"A",2610,1532,1586.33333333333,6.42648845745769,617,1099,814,866,814
"PACK OF 12 PAISLEY PARK TISSUES","23551",2011,11,294,114.66,0.39,24,"C",458,760,504,5.68697535633982,294,408,399,402,399
"PACK OF 12 PAISLEY PARK TISSUES","23551",2011,12,102,39.78,0.39,5,"C",294,458,284.666666666667,4.63472898822964,102,116,104,130,104
"PACK OF 12 PINK PAISLEY TISSUES","21984",2011,10,250,99.7,0.456,20,"B",505,228,327.666666666667,5.52545293913178,250,285,256,285,256
"PACK OF 12 PINK PAISLEY TISSUES","21984",2011,11,127,52.61,0.487777777777778,18,"B",250,505,294,4.85203026391962,127,196,158,189,158
"PACK OF 12 PINK PAISLEY TISSUES","21984",2011,12,33,12.87,0.39,3,"B",127,250,136.666666666667,3.52636052461616,33,47,47,45,47
"PACK OF 12 PINK POLKADOT TISSUES","21986",2011,10,293,119.11,0.5,16,"B",260,436,329.666666666667,5.68357976733868,293,270,250,298,250
"PACK OF 12 PINK POLKADOT TISSUES","21986",2011,11,136,54.36,0.4175,15,"B",293,260,229.666666666667,4.91998092582813,136,188,188,233,188
"PACK OF 12 PINK POLKADOT TISSUES","21986",2011,12,28,10.92,0.39,4,"B",136,293,152.333333333333,3.36729582998647,28,75,41,66,41
"PACK OF 12 RED APPLE TISSUES","23379",2011,11,145,56.55,0.39,16,"C",733,283,387,4.98360662170834,145,275,179,294,179
"PACK OF 12 RED APPLE TISSUES","23379",2011,12,14,5.46,0.39,2,"C",145,733,297.333333333333,2.70805020110221,14,45,40,32,40
"PACK OF 12 RED RETROSPOT TISSUES","21980",2011,10,868,310.04,0.426818181818182,22,"B",667,182,572.333333333333,6.76734312526539,868,660,703,660,703
"PACK OF 12 RED RETROSPOT TISSUES","21980",2011,11,309,120.95,0.405714285714286,28,"B",868,667,614.666666666667,5.73657229747919,309,518,427,551,427
"PACK OF 12 RED RETROSPOT TISSUES","21980",2011,12,86,33.54,0.39,5,"B",309,868,421,4.46590811865458,86,184,118,126,118
"PACK OF 12 SKULL TISSUES","21967",2011,10,386,150.54,0.39,14,"B",297,169,284,5.95842469302978,386,360,413,352,413
"PACK OF 12 SKULL TISSUES","21967",2011,11,257,100.23,0.39,24,"B",386,297,313.333333333333,5.55295958492162,257,293,294,347,294
"PACK OF 12 SKULL TISSUES","21967",2011,12,28,10.92,0.39,5,"B",257,386,223.666666666667,3.36729582998647,28,111,79,101,79
"PACK OF 12 SPACEBOY TISSUES","22614",2011,10,261,99.83,0.414285714285714,14,"B",614,187,354,5.5683445037611,261,293,288,306,288
"PACK OF 12 SPACEBOY TISSUES","22614",2011,11,272,107.84,0.448666666666667,29,"B",261,614,382.333333333333,5.60947179518496,272,358,290,303,290
"PACK OF 12 SPACEBOY TISSUES","22614",2011,12,66,27.5,0.478,5,"B",272,261,199.666666666667,4.20469261939097,66,97,74,99,74
"PACK OF 12 STICKY BUNNIES","21383",2011,11,39,25.35,0.65,5,"C",4,1,14.6666666666667,3.68887945411394,39,32,36,46,36
"PACK OF 12 STICKY BUNNIES","21383",2011,12,13,8.45,0.65,2,"C",39,4,18.6666666666667,2.63905732961526,13,12,12,13,12
"PACK OF 12 SUKI TISSUES","21982",2011,10,308,127.6,0.49,21,"B",377,372,352.333333333333,5.73334127689775,308,331,322,331,322
"PACK OF 12 SUKI TISSUES","21982",2011,11,863,315.13,0.429302325581395,43,"B",308,377,516,6.76157276880406,863,729,817,773,817
"PACK OF 12 SUKI TISSUES","21982",2011,12,95,39.69,0.438888888888889,9,"B",863,308,422,4.56434819146784,95,208,137,162,137
"PACK OF 12 TRADITIONAL CRAYONS","22489",2011,10,959,394.52,0.463863636363636,44,"A",916,389,754.666666666667,6.86693328446188,959,874,886,950,886
"PACK OF 12 TRADITIONAL CRAYONS","22489",2011,11,913,380.94,0.444893617021277,46,"A",959,916,929.333333333333,6.81783057145415,913,829,858,870,858
"PACK OF 12 TRADITIONAL CRAYONS","22489",2011,12,392,160.51,0.451818181818182,11,"A",913,959,754.666666666667,5.97380961186926,392,470,469,533,469
"PACK OF 12 VINTAGE CHRISTMAS TISSUE","23376",2011,11,782,304.98,0.39,45,"B",649,1018,816.333333333333,6.6631326959908,782,831,824,986,824
"PACK OF 12 VINTAGE CHRISTMAS TISSUE","23376",2011,12,181,70.59,0.39,11,"B",782,649,537.333333333333,5.2040066870768,181,309,172,323,172
"PACK OF 12 VINTAGE DOILY TISSUES","23380",2011,11,380,148.2,0.39,24,"B",485,1088,651,5.9427993751267,380,579,486,550,486
"PACK OF 12 VINTAGE DOILY TISSUES","23380",2011,12,134,52.26,0.39,6,"B",380,485,333,4.90527477843843,134,196,182,148,182
"PACK OF 12 VINTAGE LEAF TISSUES","23381",2011,11,144,56.16,0.39,10,"C",314,942,466.666666666667,4.97673374242057,144,271,189,175,189
"PACK OF 12 VINTAGE LEAF TISSUES","23381",2011,12,74,28.86,0.39,6,"C",144,314,177.333333333333,4.31748811353631,74,102,109,112,109
"PACK OF 12 WOODLAND TISSUES","21981",2011,10,193,76.59,0.467647058823529,17,"B",512,330,345,5.26785815906333,193,277,259,286,259
"PACK OF 12 WOODLAND TISSUES","21981",2011,11,211,85.37,0.43,21,"B",193,512,305.333333333333,5.35658627467201,211,252,230,232,230
"PACK OF 12 WOODLAND TISSUES","21981",2011,12,41,16.43,0.463333333333333,6,"B",211,193,148.333333333333,3.73766961828337,41,75,72,88,72
"PACK OF 20 NAPKINS PANTRY DESIGN","22907",2011,10,480,384.6,0.881707317073171,40,"A",578,558,538.666666666667,6.17586727010576,480,481,488,525,488
"PACK OF 20 NAPKINS PANTRY DESIGN","22907",2011,11,250,212.5,0.85,34,"A",480,578,436,5.52545293913178,250,343,298,416,298
"PACK OF 20 NAPKINS PANTRY DESIGN","22907",2011,12,172,133.72,0.84,13,"A",250,480,300.666666666667,5.15329159449778,172,208,190,237,190
"PACK OF 20 NAPKINS RED APPLES","22908",2011,10,199,179.29,0.920909090909091,22,"A",282,275,252,5.29831736654804,199,211,202,232,202
"PACK OF 20 NAPKINS RED APPLES","22908",2011,11,135,114.75,0.85,22,"A",199,282,205.333333333333,4.91265488573605,135,164,139,182,139
"PACK OF 20 NAPKINS RED APPLES","22908",2011,12,141,107.37,0.835555555555555,9,"A",135,199,158.333333333333,4.95582705760126,141,142,137,148,137
"PACK OF 20 SKULL PAPER NAPKINS","21989",2011,10,131,111.35,0.85,26,"B",157,166,151.333333333333,4.88280192258637,131,171,142,172,142
"PACK OF 20 SKULL PAPER NAPKINS","21989",2011,11,162,137.7,0.85,16,"B",131,157,150,5.09375020080676,162,159,153,171,153
"PACK OF 20 SKULL PAPER NAPKINS","21989",2011,12,19,16.15,0.85,4,"B",162,131,104,2.99573227355399,19,46,34,44,34
"PACK OF 20 SPACEBOY NAPKINS","22613",2011,10,78,66.3,0.85,13,"B",120,47,81.6666666666667,4.36944785246702,78,93,94,95,94
"PACK OF 20 SPACEBOY NAPKINS","22613",2011,11,50,43.28,0.915,12,"B",78,120,82.6666666666667,3.93182563272433,50,70,64,88,64
"PACK OF 20 SPACEBOY NAPKINS","22613",2011,12,41,34.85,0.85,5,"B",50,78,56.3333333333333,3.73766961828337,41,42,47,57,47
"PACK OF 6 BIRDY GIFT TAGS","22585",2011,10,1112,1313.97,1.31652173913043,46,"A",453,117,560.666666666667,7.01481435127554,1112,821,1110,919,1110
"PACK OF 6 BIRDY GIFT TAGS","22585",2011,11,750,891.25,1.2908,49,"A",1112,453,771.666666666667,6.62140565176413,750,805,781,838,781
"PACK OF 6 BIRDY GIFT TAGS","22585",2011,12,88,110,1.25,8,"A",750,1112,650,4.48863636973214,88,284,218,166,218
"PACK OF 6 COCKTAIL PARASOL STRAWS","23121",2011,10,102,39.96,0.408,5,"B",205,91,132.666666666667,4.63472898822964,102,100,119,113,119
"PACK OF 6 COCKTAIL PARASOL STRAWS","23121",2011,11,252,105.84,0.42,21,"B",102,205,186.333333333333,5.53338948872752,252,253,234,267,234
"PACK OF 6 COCKTAIL PARASOL STRAWS","23121",2011,12,8,3.36,0.42,3,"B",252,102,120.666666666667,2.19722457733622,8,46,29,31,29
"PACK OF 6 HANDBAG GIFT BOXES","22583",2011,10,30,76.5,2.55,9,"B",27,38,31.6666666666667,3.43398720448515,30,32,27,35,27
"PACK OF 6 HANDBAG GIFT BOXES","22583",2011,11,23,58.65,2.55,7,"B",30,27,26.6666666666667,3.17805383034795,23,25,24,27,24
"PACK OF 6 HANDBAG GIFT BOXES","22583",2011,12,1,2.55,2.55,1,"B",23,30,18,0.693147180559945,1,5,4,4,4
"PACK OF 6 LARGE FRUIT STRAWS","23119",2011,10,162,96.12,0.61,9,"B",275,170,202.333333333333,5.09375020080676,162,147,126,136,126
"PACK OF 6 LARGE FRUIT STRAWS","23119",2011,11,136,88.1,0.731176470588235,17,"B",162,275,191,4.91998092582813,136,167,150,180,150
"PACK OF 6 LARGE FRUIT STRAWS","23119",2011,12,23,17.41,0.746,5,"B",136,162,107,3.17805383034795,23,53,44,63,44
"PACK OF 6 PANNETONE GIFT BOXES","22584",2011,10,241,715.77,2.65478260869565,23,"A",287,31,186.333333333333,5.48893772615669,241,224,242,228,242
"PACK OF 6 PANNETONE GIFT BOXES","22584",2011,11,81,206.55,2.55,9,"A",241,287,203,4.40671924726425,81,85,83,89,83
"PACK OF 6 SANDCASTLE FLAGS ASSORTED","21878",2011,10,12,10.98,1.11,3,"B",4,99,38.3333333333333,2.56494935746154,12,21,15,27,15
"PACK OF 6 SANDCASTLE FLAGS ASSORTED","21878",2011,11,31,26.35,0.85,8,"B",12,4,15.6666666666667,3.46573590279973,31,33,33,48,33
"PACK OF 6 SANDCASTLE FLAGS ASSORTED","21878",2011,12,1,0.85,0.85,1,"B",31,12,14.6666666666667,0.693147180559945,1,6,4,5,4
"PACK OF 6 SKULL PAPER CUPS","21987",2011,10,137,89.05,0.65,18,"B",155,130,140.666666666667,4.92725368515721,137,146,152,174,152
"PACK OF 6 SKULL PAPER CUPS","21987",2011,11,380,221.08,0.642941176470588,17,"B",137,155,224,5.9427993751267,380,336,405,332,405
"PACK OF 6 SKULL PAPER CUPS","21987",2011,12,14,9.1,0.65,2,"B",380,137,177,2.70805020110221,14,44,31,30,31
"PACK OF 6 SKULL PAPER PLATES","21988",2011,10,136,115.6,0.85,18,"B",119,125,126.666666666667,4.91998092582813,136,144,148,156,148
"PACK OF 6 SKULL PAPER PLATES","21988",2011,11,332,241.88,0.836,15,"B",136,119,195.666666666667,5.80814248998044,332,297,346,279,346
"PACK OF 6 SKULL PAPER PLATES","21988",2011,12,14,11.9,0.85,2,"B",332,136,160.666666666667,2.70805020110221,14,31,24,26,24
"PACK OF 6 SMALL FRUIT STRAWS","23120",2011,10,49,20.58,0.42,6,"C",315,84,149.333333333333,3.91202300542815,49,84,73,92,73
"PACK OF 6 SMALL FRUIT STRAWS","23120",2011,11,142,59.64,0.42,19,"C",49,315,168.666666666667,4.96284463025991,142,190,183,195,183
"PACK OF 6 SMALL FRUIT STRAWS","23120",2011,12,4,1.68,0.42,2,"C",142,49,65,1.6094379124341,4,33,20,26,20
"PACK OF 6 SWEETIE GIFT BOXES","22582",2011,10,83,214.06,2.69176470588235,16,"B",228,56,122.333333333333,4.43081679884331,83,100,90,93,90
"PACK OF 6 SWEETIE GIFT BOXES","22582",2011,11,32,81.6,2.55,8,"B",83,228,114.333333333333,3.49650756146648,32,54,51,50,51
"PACK OF 6 SWEETIE GIFT BOXES","22582",2011,12,8,20.4,2.55,4,"B",32,83,41,2.19722457733622,8,17,13,18,13
"PACK OF 60 DINOSAUR CAKE CASES","21975",2011,10,461,259.85,0.631395348837209,42,"A",1857,1516,1278,6.13556489108174,461,978,872,1078,872
"PACK OF 60 DINOSAUR CAKE CASES","21975",2011,11,738,415,0.591176470588235,65,"A",461,1857,1018.66666666667,6.6052979209482,738,921,720,878,720
"PACK OF 60 DINOSAUR CAKE CASES","21975",2011,12,99,57.25,0.613636363636364,9,"A",738,461,432.666666666667,4.60517018598809,99,264,197,194,197
"PACK OF 60 MUSHROOM CAKE CASES","21976",2011,10,382,212.2,0.6,28,"B",382,649,471,5.94803498918065,382,381,404,443,404
"PACK OF 60 MUSHROOM CAKE CASES","21976",2011,11,249,133.83,0.546060606060606,31,"B",382,382,337.666666666667,5.52146091786225,249,338,283,356,283
"PACK OF 60 MUSHROOM CAKE CASES","21976",2011,12,82,45.8,0.627777777777778,9,"B",249,382,237.666666666667,4.4188406077966,82,147,112,135,112
"PACK OF 60 PINK PAISLEY CAKE CASES","21977",2011,10,1404,697.7,0.582833333333333,59,"A",2247,2226,1959,7.24779258176785,1404,1918,1877,2211,1877
"PACK OF 60 PINK PAISLEY CAKE CASES","21977",2011,11,1400,729.88,0.58171052631579,74,"A",1404,2247,1683.66666666667,7.24494154633701,1400,1703,2170,1750,2170
"PACK OF 60 PINK PAISLEY CAKE CASES","21977",2011,12,216,120.2,0.583333333333333,20,"A",1400,1404,1006.66666666667,5.37989735354046,216,674,692,656,692
"PACK OF 60 SPACEBOY CAKE CASES","22417",2011,10,760,387.5,0.565,37,"A",554,597,637,6.63463335786169,760,712,827,644,827
"PACK OF 60 SPACEBOY CAKE CASES","22417",2011,11,658,332.8,0.5754,47,"A",760,554,657.333333333333,6.49072353450251,658,680,705,682,705
"PACK OF 60 SPACEBOY CAKE CASES","22417",2011,12,145,79.75,0.55,8,"A",658,760,521,4.98360662170834,145,286,253,249,253
"PACK OF 72 RETROSPOT CAKE CASES","21212",2011,10,1954,1022.8,0.576185567010309,93,"A",3281,2836,2690.33333333333,7.57814547241947,1954,2420,2830,2500,2830
"PACK OF 72 RETROSPOT CAKE CASES","21212",2011,11,2362,1207.4,0.570357142857143,109,"A",1954,3281,2532.33333333333,7.76768727718691,2362,2544,2830,2229,2830
"PACK OF 72 RETROSPOT CAKE CASES","21212",2011,12,284,161.1,0.583333333333333,20,"A",2362,1954,1533.33333333333,5.65248918026865,284,948,929,752,929
"PACK OF 72 SKULL CAKE CASES","21213",2011,10,1295,649.85,0.5435,60,"A",2456,1359,1703.33333333333,7.16703787691222,1295,1674,1732,1359,1732
"PACK OF 72 SKULL CAKE CASES","21213",2011,11,604,316.6,0.547291666666667,47,"A",1295,2456,1451.66666666667,6.40522845803084,604,971,1092,923,1092
"PACK OF 72 SKULL CAKE CASES","21213",2011,12,134,73.7,0.55,11,"A",604,1295,677.666666666667,4.90527477843843,134,415,352,356,352
"PACK OF SIX LED TEA LIGHTS","23109",2011,10,372,1036.68,2.882,50,"A",224,52,216,5.92157841964382,372,348,366,375,366
"PACK OF SIX LED TEA LIGHTS","23109",2011,11,654,1854.56,2.92676470588235,67,"A",372,224,416.666666666667,6.48463523563525,654,595,636,613,636
"PACK OF SIX LED TEA LIGHTS","23109",2011,12,231,632.09,2.99869565217391,22,"A",654,372,419,5.44673737166631,231,267,223,249,223
"PACK/12 BLUE FOLKART CARDS","84247N",2011,10,3,8.85,2.95,3,"C",3,1,2.33333333333333,1.38629436111989,3,4,4,4,4
"PACK/12 BLUE FOLKART CARDS","84247N",2011,11,4,11.8,2.95,3,"C",3,3,3.33333333333333,1.6094379124341,4,5,5,5,5
"PACKING CHARGE","23574",2011,10,1,7.5,7.5,1,"C",5,1,2.33333333333333,0.693147180559945,1,1,1,1,1
"PACKING CHARGE","23574",2011,11,5,37.5,7.5,5,"C",1,5,3.66666666666667,1.79175946922805,5,6,6,7,6
"PACKING CHARGE","23574",2011,12,1,7.5,7.5,1,"C",5,1,2.33333333333333,0.693147180559945,1,1,1,1,1
"PAINT YOUR OWN CANVAS SET","22493",2011,10,183,306.87,1.814,20,"A",103,835,373.666666666667,5.21493575760899,183,230,131,179,131
"PAINT YOUR OWN CANVAS SET","22493",2011,11,193,326.65,1.74647058823529,33,"A",183,103,159.666666666667,5.26785815906333,193,210,209,227,209
"PAINT YOUR OWN CANVAS SET","22493",2011,12,94,158.38,1.83222222222222,9,"A",193,183,156.666666666667,4.55387689160054,94,94,84,95,84
"PAINTED LIGHTBULB RAINBOW DESIGN","79144C",2011,10,30,11.4,0.395,2,"C",6,25,20.3333333333333,3.43398720448515,30,23,31,26,31
"PAINTED LIGHTBULB STAR+ MOON","79144B",2011,10,30,11.4,0.395,2,"C",3,17,16.6666666666667,3.43398720448515,30,23,28,26,28
"PAINTED LIGHTBULB STAR+ MOON","79144B",2011,11,9,3.78,0.42,3,"C",30,3,14,2.30258509299405,9,12,10,15,10
"PAINTED METAL HEART WITH HOLLY BELL","21823",2011,10,527,205.53,0.39,29,"C",543,53,374.333333333333,6.26909628370626,527,436,397,470,397
"PAINTED METAL HEART WITH HOLLY BELL","21823",2011,11,3,1.17,0.39,3,"C",527,543,357.666666666667,1.38629436111989,3,73,45,65,45
"PAINTED METAL PEARS ASSORTED","21136",2011,10,570,921.06,1.684,38,"A",516,191,425.666666666667,6.34738920965601,570,513,563,505,563
"PAINTED METAL PEARS ASSORTED","21136",2011,11,553,934.57,1.69,54,"A",570,516,546.333333333333,6.31716468674728,553,528,550,607,550
"PAINTED METAL PEARS ASSORTED","21136",2011,12,73,123.37,1.69,7,"A",553,570,398.666666666667,4.30406509320417,73,144,84,92,84
"PAINTED METAL STAR WITH HOLLY BELLS","21824",2011,10,692,269.88,0.39,33,"C",359,24,358.333333333333,6.5410299991899,692,558,641,569,641
"PAINTED METAL STAR WITH HOLLY BELLS","21824",2011,11,296,115.44,0.39,13,"C",692,359,449,5.6937321388027,296,351,274,314,274
"PAINTED PINK RABBIT","21454",2011,10,4,3.4,0.85,2,"C",7,42,17.6666666666667,1.6094379124341,4,7,6,9,6
"PAINTED PINK RABBIT","21454",2011,11,4,3.4,0.85,2,"C",4,7,5,1.6094379124341,4,5,5,6,5
"PAINTED PINK RABBIT","21454",2011,12,6,5.1,0.85,1,"C",4,4,4.66666666666667,1.94591014905531,6,4,5,4,5
"PAINTED YELLOW WOODEN DAISY","21455",2011,10,10,8.5,0.85,1,"C",1,1,4,2.39789527279837,10,6,10,5,10
"PAINTED YELLOW WOODEN DAISY","21455",2011,11,3,2.55,0.85,1,"C",10,1,4.66666666666667,1.38629436111989,3,2,3,3,3
"PAINTED YELLOW WOODEN DAISY","21455",2011,12,6,5.1,0.85,1,"C",3,10,6.33333333333333,1.94591014905531,6,5,6,4,6
"PAIR OF ENAMEL BUTTERFLY HAIRCLIP","90204",2011,11,2,6.7,3.35,2,"C",4,5,3.66666666666667,1.09861228866811,2,3,3,3,3
"PAIR OF PINK FLOWER CLUSTER SLIDE","90208",2011,11,1,2.55,2.55,1,"C",6,3,3.33333333333333,0.693147180559945,1,2,2,2,2
"PAIR PADDED HANGERS PINK CHECK","47367B",2011,10,6,22.5,3.75,3,"C",4,2,4,1.94591014905531,6,6,7,7,7
"PAISLEY PATTERN  STICKERS","21678",2011,10,6,5.1,0.85,1,"C",12,6,8,1.94591014905531,6,6,6,5,6
"PAISLEY PATTERN  STICKERS","21678",2011,11,30,25.5,0.85,4,"C",6,12,16,3.43398720448515,30,28,35,40,35
"PANDA AND BUNNIES STICKER SHEET","21724",2011,10,16,13.6,0.85,3,"C",15,24,18.3333333333333,2.83321334405622,16,19,19,19,19
"PANDA AND BUNNIES STICKER SHEET","21724",2011,11,91,77.35,0.85,11,"C",16,15,40.6666666666667,4.52178857704904,91,84,99,103,99
"PANDA AND BUNNIES STICKER SHEET","21724",2011,12,1,0.85,0.85,1,"C",91,16,36,0.693147180559945,1,5,3,7,3
"PANTRY 3 HOOK ROLLING PIN HANGER","23423",2011,11,57,213.75,3.75,20,"B",40,98,65,4.06044301054642,57,68,55,72,55
"PANTRY 3 HOOK ROLLING PIN HANGER","23423",2011,12,7,26.25,3.75,2,"B",57,40,34.6666666666667,2.07944154167984,7,8,7,8,7
"PANTRY APPLE CORER","22981",2011,10,25,36.25,1.45,12,"C",15,25,21.6666666666667,3.25809653802148,25,31,25,40,25
"PANTRY APPLE CORER","22981",2011,11,36,52.2,1.45,14,"C",25,15,25.3333333333333,3.61091791264422,36,41,38,50,38
"PANTRY APPLE CORER","22981",2011,12,9,13.05,1.45,3,"C",36,25,23.3333333333333,2.30258509299405,9,14,14,15,14
"PANTRY CHOPPING BOARD","23113",2011,11,39,193.05,4.95,13,"A",114,979,377.333333333333,3.68887945411394,39,122,49,73,49
"PANTRY CHOPPING BOARD","23113",2011,12,6,29.7,4.95,2,"A",39,114,53,1.94591014905531,6,8,4,8,4
"PANTRY HOOK BALLOON WHISK","23422",2011,11,40,83.2,2.08,12,"C",82,72,64.6666666666667,3.71357206670431,40,51,46,64,46
"PANTRY HOOK BALLOON WHISK","23422",2011,12,2,4.16,2.08,1,"C",40,82,41.3333333333333,1.09861228866811,2,4,4,5,4
"PANTRY HOOK SPATULA","23421",2011,11,34,70.72,2.08,11,"C",57,60,50.3333333333333,3.55534806148941,34,46,43,56,43
"PANTRY HOOK SPATULA","23421",2011,12,1,2.08,2.08,1,"C",34,57,30.6666666666667,0.693147180559945,1,4,2,5,2
"PANTRY HOOK TEA STRAINER","23420",2011,11,30,62.4,2.08,12,"C",80,48,52.6666666666667,3.43398720448515,30,46,39,58,39
"PANTRY HOOK TEA STRAINER","23420",2011,12,1,2.08,2.08,1,"C",30,80,37,0.693147180559945,1,4,4,4,4
"PANTRY KITCHEN THERMOMETER","23496",2011,12,21,26.25,1.25,5,"C",63,4,29.3333333333333,3.09104245335832,21,22,20,21,20
"PANTRY MAGNETIC  SHOPPING LIST","23198",2011,10,692,998.12,1.54772727272727,86,"A",441,398,510.333333333333,6.5410299991899,692,701,723,713,723
"PANTRY MAGNETIC  SHOPPING LIST","23198",2011,11,572,826.76,1.48565217391304,91,"A",692,441,568.333333333333,6.35088571671474,572,683,648,711,648
"PANTRY MAGNETIC  SHOPPING LIST","23198",2011,12,172,239.8,1.44047619047619,20,"A",572,692,478.666666666667,5.15329159449778,172,299,257,290,257
"PANTRY PASTRY BRUSH","22982",2011,10,75,98.59,1.41133333333333,15,"B",42,59,58.6666666666667,4.33073334028633,75,80,75,91,75
"PANTRY PASTRY BRUSH","22982",2011,11,87,113.59,1.45166666666667,18,"B",75,42,68,4.47733681447821,87,91,85,98,85
"PANTRY PASTRY BRUSH","22982",2011,12,22,31.13,1.492,5,"B",87,75,61.3333333333333,3.13549421592915,22,34,35,35,35
"PANTRY ROLLING PIN","22978",2011,10,117,421.47,3.73105263157895,19,"A",868,262,415.666666666667,4.77068462446567,117,237,156,206,156
"PANTRY ROLLING PIN","22978",2011,11,79,299.96,3.92666666666667,21,"A",117,868,354.666666666667,4.38202663467388,79,199,113,106,113
"PANTRY ROLLING PIN","22978",2011,12,4,15,3.75,2,"A",79,117,66.6666666666667,1.6094379124341,4,12,7,11,7
"PANTRY SCRUBBING BRUSH","22980",2011,10,136,224.4,1.65,19,"A",157,234,175.666666666667,4.91998092582813,136,148,144,161,144
"PANTRY SCRUBBING BRUSH","22980",2011,11,111,189.71,1.90894736842105,19,"A",136,157,134.666666666667,4.71849887129509,111,125,120,124,120
"PANTRY SCRUBBING BRUSH","22980",2011,12,8,14.84,2.19666666666667,3,"A",111,136,85,2.19722457733622,8,26,19,19,19
"PANTRY WASHING UP BRUSH","22979",2011,10,182,269.42,1.6708,25,"A",880,499,520.333333333333,5.20948615284142,182,360,304,310,304
"PANTRY WASHING UP BRUSH","22979",2011,11,365,575.25,1.65615384615385,38,"A",182,880,475.666666666667,5.90263333340137,365,397,354,306,354
"PANTRY WASHING UP BRUSH","22979",2011,12,51,73.95,1.45,5,"A",365,182,199.333333333333,3.95124371858143,51,65,57,62,57
"PAPER BUNTING RETROSPOT","22090",2011,10,208,600.44,3.01971428571429,35,"A",334,583,375,5.34233425196481,208,295,248,270,248
"PAPER BUNTING RETROSPOT","22090",2011,11,313,859.35,2.8948275862069,29,"A",208,334,285,5.74939298590825,313,298,333,306,333
"PAPER BUNTING RETROSPOT","22090",2011,12,105,309.75,2.95,12,"A",313,208,208.666666666667,4.66343909411207,105,113,102,124,102
"PAPER BUNTING VINTAGE PAISLEY","22089",2011,10,16,47.2,2.95,4,"A",94,52,54,2.83321334405622,16,22,25,23,25
"PAPER BUNTING VINTAGE PAISLEY","22089",2011,11,107,315.65,2.95,18,"A",16,94,72.3333333333333,4.68213122712422,107,94,93,92,93
"PAPER BUNTING VINTAGE PAISLEY","22089",2011,12,6,17.7,2.95,1,"A",107,16,43,1.94591014905531,6,9,4,5,4
"PAPER BUNTING WHITE LACE","22087",2011,11,568,1515.6,2.85,35,"A",522,1187,759,6.34388043412633,568,584,567,695,567
"PAPER BUNTING WHITE LACE","22087",2011,12,46,135.7,2.95,4,"A",568,522,378.666666666667,3.85014760171006,46,39,27,36,27
"PAPER CHAIN KIT 50'S CHRISTMAS","22086",2011,10,3240,8845.64,2.97450980392157,203,"A",2061,478,1926.33333333333,8.08363720314155,3240,2117,2425,1974,2425
"PAPER CHAIN KIT 50'S CHRISTMAS","22086",2011,11,5909,16109.51,2.93016901408451,343,"A",3240,2061,3736.66666666667,8.68440111040014,5909,3245,2948,2858,2948
"PAPER CHAIN KIT 50'S CHRISTMAS","22086",2011,12,1392,3853.52,2.92708737864078,99,"A",5909,3240,3513.66666666667,7.23921497377981,1392,2585,2105,2278,2105
"PAPER CHAIN KIT EMPIRE","22084",2011,12,11,32.45,2.95,2,"A",11,6,9.33333333333333,2.484906649788,11,11,12,8,12
"PAPER CHAIN KIT LONDON","22911",2011,10,12,38.24,3.35571428571429,7,"B",28,23,21,2.56494935746154,12,19,14,19,14
"PAPER CHAIN KIT LONDON","22911",2011,11,109,289.55,2.91923076923077,13,"B",12,28,49.6666666666667,4.70048036579242,109,95,125,104,125
"PAPER CHAIN KIT LONDON","22911",2011,12,9,26.55,2.95,2,"B",109,12,43.3333333333333,2.30258509299405,9,10,8,9,8
"PAPER CHAIN KIT RETROSPOT","22083",2011,10,290,810.34,2.99315789473684,38,"A",413,272,325,5.67332326717149,290,310,308,302,308
"PAPER CHAIN KIT RETROSPOT","22083",2011,11,622,1747.42,2.9989552238806,67,"A",290,413,441.666666666667,6.43454651878745,622,563,581,550,581
"PAPER CHAIN KIT RETROSPOT","22083",2011,12,165,492.43,3.06833333333333,23,"A",622,290,359,5.11198778835654,165,237,211,222,211
"PAPER CHAIN KIT SKULLS","22085",2011,10,15,44.25,2.95,3,"B",51,70,45.3333333333333,2.77258872223978,15,16,12,15,12
"PAPER CHAIN KIT SKULLS","22085",2011,11,24,70.8,2.95,3,"B",15,51,30,3.2188758248682,24,18,17,17,17
"PAPER CHAIN KIT SKULLS","22085",2011,12,3,8.85,2.95,1,"B",24,15,14,1.38629436111989,3,4,4,4,4
"PAPER CHAIN KIT VINTAGE CHRISTMAS","22910",2011,10,1681,4597.15,2.98468531468531,143,"A",1602,465,1249.33333333333,7.42773884053289,1681,1376,1267,1241,1267
"PAPER CHAIN KIT VINTAGE CHRISTMAS","22910",2011,11,3176,8639.36,2.94223628691983,234,"A",1681,1602,2153,8.06369263426952,3176,2409,2228,2188,2228
"PAPER CHAIN KIT VINTAGE CHRISTMAS","22910",2011,12,738,2025.62,2.94513513513514,70,"A",3176,1681,1865,6.6052979209482,738,1370,1306,1641,1306
"PAPER LANTERN 5 POINT SEQUIN STAR","23047",2011,10,14,80.5,5.75,6,"C",8,3,8.33333333333333,2.70805020110221,14,13,14,12,14
"PAPER LANTERN 5 POINT SEQUIN STAR","23047",2011,11,6,34.5,5.75,2,"C",14,8,9.33333333333333,1.94591014905531,6,6,7,4,7
"PAPER LANTERN 5 POINT STAR MOON","23045",2011,10,6,24.9,4.15,2,"C",47,4,19,1.94591014905531,6,7,6,6,6
"PAPER LANTERN 5 POINT STAR MOON","23045",2011,11,42,174.3,4.15,7,"C",6,47,31.6666666666667,3.76120011569356,42,34,35,30,35
"PAPER LANTERN 7 POINT SNOW STAR","23042",2011,10,6,39.9,6.65,1,"C",31,2,13,1.94591014905531,6,3,3,4,3
"PAPER LANTERN 7 POINT SNOW STAR","23042",2011,11,34,226.1,6.65,8,"C",6,31,23.6666666666667,3.55534806148941,34,28,31,29,31
"PAPER LANTERN 7 POINT SNOW STAR","23042",2011,12,4,26.6,6.65,1,"C",34,6,14.6666666666667,1.6094379124341,4,3,3,4,3
"PAPER LANTERN 9 POINT DELUXE STAR","23046",2011,10,264,1539.6,6.5375,8,"B",27,8,99.6666666666667,5.57972982598622,264,208,271,180,271
"PAPER LANTERN 9 POINT DELUXE STAR","23046",2011,11,23,152.95,6.65,9,"B",264,27,104.666666666667,3.17805383034795,23,49,36,32,36
"PAPER LANTERN 9 POINT DELUXE STAR","23046",2011,12,3,19.95,6.65,2,"B",23,264,96.6666666666667,1.38629436111989,3,11,9,10,9
"PAPER LANTERN 9 POINT HOLLY STAR L","23043",2011,10,20,125,6.25,5,"C",8,4,10.6666666666667,3.04452243772342,20,16,18,14,18
"PAPER LANTERN 9 POINT HOLLY STAR L","23043",2011,11,32,200,6.25,4,"C",20,8,20,3.49650756146648,32,21,25,16,25
"PAPER LANTERN 9 POINT HOLLY STAR S","23044",2011,10,19,78.85,4.15,4,"C",25,5,16.3333333333333,2.99573227355399,19,16,18,16,18
"PAPER LANTERN 9 POINT HOLLY STAR S","23044",2011,11,14,58.1,4.15,3,"C",19,25,19.3333333333333,2.70805020110221,14,13,11,12,11
"PAPER LANTERN 9 POINT HOLLY STAR S","23044",2011,12,1,4.15,4.15,1,"C",14,19,11.3333333333333,0.693147180559945,1,2,2,3,2
"PAPER LANTERN 9 POINT SNOW STAR","23040",2011,10,138,697.5,5.65,7,"B",95,32,88.3333333333333,4.93447393313069,138,75,70,63,70
"PAPER LANTERN 9 POINT SNOW STAR","23041",2011,10,46,190.9,4.15,9,"B",138,95,93,3.85014760171006,46,52,46,53,46
"PAPER LANTERN 9 POINT SNOW STAR","23040",2011,11,24,138,5.75,7,"B",46,138,69.3333333333333,3.2188758248682,24,34,28,33,28
"PAPER LANTERN 9 POINT SNOW STAR","23041",2011,11,48,199.2,4.15,13,"B",24,46,39.3333333333333,3.89182029811063,48,49,49,47,49
"PAPER LANTERN 9 POINT SNOW STAR","23040",2011,12,18,103.5,5.75,5,"B",48,24,30,2.94443897916644,18,15,18,18,18
"PAPER LANTERN 9 POINT SNOW STAR","23041",2011,12,11,45.65,4.15,3,"B",18,48,25.6666666666667,2.484906649788,11,13,11,13,11
"PAPER POCKET TRAVELING FAN","15034",2011,10,1788,166.32,0.13,7,"C",387,108,761,7.48941208350872,1788,741,1485,1130,1485
"PAPER POCKET TRAVELING FAN","15034",2011,11,557,77.98,0.14,14,"C",1788,387,910.666666666667,6.32435896238131,557,595,610,694,610
"PAPERWEIGHT CHILDHOOD MEMORIES","22390",2011,10,12,30.6,2.55,2,"C",10,8,10,2.56494935746154,12,11,12,9,12
"PAPERWEIGHT CHILDHOOD MEMORIES","22390",2011,11,22,63.33,3.35333333333333,6,"C",12,10,14.6666666666667,3.13549421592915,22,21,21,22,21
"PAPERWEIGHT CHILDHOOD MEMORIES","22390",2011,12,49,23.68,1.304,5,"C",22,12,27.6666666666667,3.91202300542815,49,46,49,38,49
"PAPERWEIGHT HOME SWEET HOME","22391",2011,10,6,15.3,2.55,1,"C",4,6,5.33333333333333,1.94591014905531,6,5,5,4,5
"PAPERWEIGHT HOME SWEET HOME","22391",2011,11,6,15.3,2.55,1,"C",6,4,5.33333333333333,1.94591014905531,6,4,4,4,4
"PAPERWEIGHT HOME SWEET HOME","22391",2011,12,39,15.21,0.39,4,"C",6,6,17,3.68887945411394,39,37,40,51,40
"PAPERWEIGHT KINGS CHOICE","22394",2011,10,6,15.3,2.55,1,"C",3,6,5,1.94591014905531,6,5,6,4,6
"PAPERWEIGHT KINGS CHOICE","22394",2011,11,8,20.4,2.55,2,"C",6,3,5.66666666666667,2.19722457733622,8,7,7,7,7
"PAPERWEIGHT KINGS CHOICE","22394",2011,12,25,9.75,0.39,3,"C",8,6,13,3.25809653802148,25,24,23,29,23
"PAPERWEIGHT SAVE THE PLANET","22389",2011,10,118,255.9,2.4375,4,"C",16,12,48.6666666666667,4.77912349311153,118,93,140,91,140
"PAPERWEIGHT SAVE THE PLANET","22389",2011,11,13,33.15,2.55,3,"C",118,16,49,2.63905732961526,13,16,10,17,10
"PAPERWEIGHT SAVE THE PLANET","22389",2011,12,44,17.16,0.39,6,"C",13,118,58.3333333333333,3.80666248977032,44,53,27,56,27
"PAPERWEIGHT VINTAGE COLLAGE","22393",2011,10,31,81.46,2.95166666666667,6,"C",8,6,15,3.46573590279973,31,28,29,26,29
"PAPERWEIGHT VINTAGE COLLAGE","22393",2011,11,24,61.2,2.55,3,"C",31,8,21,3.2188758248682,24,18,17,14,17
"PAPERWEIGHT VINTAGE COLLAGE","22393",2011,12,243,94.77,0.39,11,"C",24,31,99.3333333333333,5.4971682252932,243,226,264,261,264
"PAPERWEIGHT VINTAGE PAISLEY","22395",2011,10,6,15.3,2.55,1,"C",6,12,8,1.94591014905531,6,5,5,4,5
"PAPERWEIGHT VINTAGE PAISLEY","22395",2011,11,7,17.85,2.55,2,"C",6,6,6.33333333333333,2.07944154167984,7,7,7,8,7
"PAPERWEIGHT VINTAGE PAISLEY","22395",2011,12,79,30.81,0.39,7,"C",7,6,30.6666666666667,4.38202663467388,79,76,82,93,82
"PARISIENNE CURIO CABINET","23112",2011,10,60,429.6,7.415,20,"A",61,62,61,4.11087386417331,60,66,61,73,61
"PARISIENNE CURIO CABINET","23112",2011,11,40,300,7.5,19,"A",60,61,53.6666666666667,3.71357206670431,40,48,46,56,46
"PARISIENNE CURIO CABINET","23112",2011,12,24,169.8,7.35833333333333,6,"A",40,60,41.3333333333333,3.2188758248682,24,25,22,24,22
"PARISIENNE JEWELLERY DRAWER","23118",2011,10,158,1137.4,7.46046511627907,43,"A",84,53,98.3333333333333,5.06890420222023,158,154,167,166,167
"PARISIENNE JEWELLERY DRAWER","23118",2011,11,59,442.5,7.5,28,"A",158,84,100.333333333333,4.0943445622221,59,99,79,95,79
"PARISIENNE JEWELLERY DRAWER","23118",2011,12,85,596.7,7.33,15,"A",59,158,100.666666666667,4.45434729625351,85,88,82,82,82
"PARISIENNE KEY CABINET","23110",2011,10,85,456.75,5.686,25,"A",84,104,91,4.45434729625351,85,95,89,99,89
"PARISIENNE KEY CABINET","23110",2011,11,93,497.95,5.66428571428571,28,"A",85,84,87.3333333333333,4.54329478227,93,103,93,109,93
"PARISIENNE KEY CABINET","23110",2011,12,17,97.75,5.75,7,"A",93,85,65,2.89037175789616,17,28,23,27,23
"PARISIENNE SEWING BOX","23111",2011,10,41,478.9,12.29,20,"A",56,25,40.6666666666667,3.73766961828337,41,47,44,41,44
"PARISIENNE SEWING BOX","23111",2011,11,30,358.2,12.3894736842105,19,"A",41,56,42.3333333333333,3.43398720448515,30,40,37,39,37
"PARISIENNE SEWING BOX","23111",2011,12,42,474.6,12.08,10,"A",30,41,37.6666666666667,3.76120011569356,42,36,32,30,32
"PARLOUR CERAMIC WALL HOOK","23075",2011,10,28,116.2,4.15,6,"B",68,79,58.3333333333333,3.36729582998647,28,30,30,31,30
"PARLOUR CERAMIC WALL HOOK","23075",2011,11,70,290.5,4.15,13,"B",28,68,55.3333333333333,4.26267987704132,70,62,63,54,63
"PARLOUR CERAMIC WALL HOOK","23075",2011,12,18,74.7,4.15,3,"B",70,28,38.6666666666667,2.94443897916644,18,17,16,16,16
"PARTY BUNTING","47566",2011,10,501,2432.47,5.0103488372093,86,"A",948,1379,942.666666666667,6.21860011969173,501,772,619,665,619
"PARTY BUNTING","47566",2011,11,821,3715.71,5.04173333333333,74,"A",501,948,756.666666666667,6.71174039505618,821,824,873,794,873
"PARTY BUNTING","47566",2011,12,94,465.3,4.95,18,"A",821,501,472,4.55387689160054,94,200,138,217,138
"PARTY CHARMS 50 PIECES","23122",2011,10,149,115.75,0.822142857142857,13,"B",79,302,176.666666666667,5.01063529409626,149,151,151,173,151
"PARTY CHARMS 50 PIECES","23122",2011,11,182,147.1,0.824210526315789,18,"B",149,79,136.666666666667,5.20948615284142,182,172,167,181,167
"PARTY CHARMS 50 PIECES","23122",2011,12,16,13.28,0.83,4,"B",182,149,115.666666666667,2.83321334405622,16,43,27,45,27
"PARTY CONE CHRISTMAS DECORATION","22130",2011,10,348,295.8,0.85,20,"B",252,227,275.666666666667,5.85507192220243,348,308,330,300,330
"PARTY CONE CHRISTMAS DECORATION","22130",2011,11,228,193.8,0.85,12,"B",348,252,276,5.43372200355424,228,219,219,230,219
"PARTY CONE CHRISTMAS DECORATION","22130",2011,12,54,45.9,0.85,5,"B",228,348,210,4.00733318523247,54,81,66,84,66
"PARTY CONES CANDY ASSORTED","22128",2011,10,84,105,1.25,5,"B",378,24,162,4.44265125649032,84,66,51,57,51
"PARTY CONES CANDY ASSORTED","22128",2011,11,133,143.45,1.18666666666667,3,"B",84,378,198.333333333333,4.89783979995091,133,37,56,55,56
"PARTY CONES CANDY DECORATION","22129",2011,12,1,2.46,2.46,1,"C",252,43,98.6666666666667,0.693147180559945,1,4,1,3,1
"PARTY INVITES BALLOON GIRL","21060",2011,10,32,27.2,0.85,4,"C",28,40,33.3333333333333,3.49650756146648,32,30,27,35,27
"PARTY INVITES BALLOON GIRL","21060",2011,11,34,28.9,0.85,5,"C",32,28,31.3333333333333,3.55534806148941,34,34,32,36,32
"PARTY INVITES BALLOON GIRL","21060",2011,12,14,11.9,0.85,2,"C",34,32,26.6666666666667,2.70805020110221,14,14,16,16,16
"PARTY INVITES DINOSAURS","21059",2011,10,52,44.2,0.85,7,"C",59,44,51.6666666666667,3.97029191355212,52,57,54,58,54
"PARTY INVITES DINOSAURS","21059",2011,11,41,34.85,0.85,6,"C",52,59,50.6666666666667,3.73766961828337,41,44,44,48,44
"PARTY INVITES DINOSAURS","21059",2011,12,5,4.25,0.85,2,"C",41,52,32.6666666666667,1.79175946922805,5,16,11,15,11
"PARTY INVITES FOOTBALL","21061",2011,10,3,2.55,0.85,1,"C",68,24,31.6666666666667,1.38629436111989,3,7,4,7,4
"PARTY INVITES FOOTBALL","21061",2011,11,47,39.95,0.85,6,"C",3,68,39.3333333333333,3.87120101090789,47,41,44,41,44
"PARTY INVITES FOOTBALL","21061",2011,12,14,11.9,0.85,2,"C",47,3,21.3333333333333,2.70805020110221,14,13,12,12,12
"PARTY INVITES JAZZ HEARTS","21063",2011,10,35,29.75,0.85,4,"C",21,48,34.6666666666667,3.58351893845611,35,36,32,41,32
"PARTY INVITES JAZZ HEARTS","21063",2011,11,32,27.98,0.9475,8,"C",35,21,29.3333333333333,3.49650756146648,32,35,31,39,31
"PARTY INVITES JAZZ HEARTS","21063",2011,12,15,13.53,1.11,3,"C",32,35,27.3333333333333,2.77258872223978,15,19,15,23,15
"PARTY INVITES SPACEMAN","21062",2011,10,18,15.3,0.85,4,"C",64,36,39.3333333333333,2.94443897916644,18,28,22,35,22
"PARTY INVITES SPACEMAN","21062",2011,11,43,36.55,0.85,6,"C",18,64,41.6666666666667,3.78418963391826,43,42,36,45,36
"PARTY INVITES SPACEMAN","21062",2011,12,12,10.2,0.85,1,"C",43,18,24.3333333333333,2.56494935746154,12,7,8,10,8
"PARTY INVITES WOODLAND","21058",2011,10,62,54.26,0.991818181818182,11,"B",135,112,103,4.14313472639153,62,90,77,103,77
"PARTY INVITES WOODLAND","21058",2011,11,34,28.9,0.85,8,"B",62,135,77,3.55534806148941,34,61,49,63,49
"PARTY INVITES WOODLAND","21058",2011,12,2,1.7,0.85,1,"B",34,62,32.6666666666667,1.09861228866811,2,8,7,8,7
"PARTY METAL SIGN","21172",2011,10,253,372.21,1.52052631578947,37,"A",215,534,334,5.53733426701854,253,302,287,292,287
"PARTY METAL SIGN","21172",2011,11,436,643.2,1.59,54,"A",253,215,301.333333333333,6.07993319509559,436,427,405,430,405
"PARTY METAL SIGN","21172",2011,12,88,127.6,1.45,14,"A",436,253,259,4.48863636973214,88,154,116,153,116
"PARTY PIZZA DISH BLUE POLKADOT","22345",2011,10,2,1.7,0.85,1,"C",12,24,12.6666666666667,1.09861228866811,2,6,3,5,3
"PARTY PIZZA DISH BLUE POLKADOT","22345",2011,11,17,14.45,0.85,3,"C",2,12,10.3333333333333,2.89037175789616,17,15,15,19,15
"PARTY PIZZA DISH BLUE POLKADOT","22345",2011,12,231,43.89,0.19,6,"C",17,2,83.3333333333333,5.44673737166631,231,189,231,340,231
"PARTY PIZZA DISH GREEN POLKADOT","22346",2011,11,20,18.56,1.11,3,"C",24,29,24.3333333333333,3.04452243772342,20,21,22,28,22
"PARTY PIZZA DISH GREEN POLKADOT","22346",2011,12,231,43.89,0.19,6,"C",20,24,91.6666666666667,5.44673737166631,231,194,213,313,213
"PARTY PIZZA DISH PINK POLKADOT","22344",2011,11,18,15.3,0.85,2,"C",25,40,27.6666666666667,2.94443897916644,18,15,15,15,15
"PARTY PIZZA DISH PINK POLKADOT","22344",2011,12,225,42.75,0.19,6,"C",18,25,89.3333333333333,5.42053499927229,225,185,209,319,209
"PARTY PIZZA DISH RED RETROSPOT","22343",2011,10,72,51.84,0.72,1,"B",48,27,49,4.29045944114839,72,37,63,24,63
"PARTY PIZZA DISH RED RETROSPOT","22343",2011,11,54,45.9,0.85,3,"B",72,48,58,4.00733318523247,54,47,46,43,46
"PARTY PIZZA DISH RED RETROSPOT","22343",2011,12,370,70.3,0.19,10,"B",54,72,165.333333333333,5.91620206260743,370,334,416,475,416
"PARTY TIME DESIGN FLANNEL","21946",2011,10,12,10.2,0.85,1,"C",2,12,8.66666666666667,2.56494935746154,12,8,10,6,10
"PARTY TIME DESIGN FLANNEL","21946",2011,11,2,1.7,0.85,2,"C",12,2,5.33333333333333,1.09861228866811,2,4,3,6,3
"PARTY TIME DESIGN FLANNEL","21946",2011,12,5,1.95,0.39,1,"C",2,12,6.33333333333333,1.79175946922805,5,4,4,4,4
"PARTY TIME PENCIL ERASERS","16238",2011,10,90,21,0.2975,12,"C",87,143,106.666666666667,4.51085950651685,90,117,98,124,98
"PARTY TIME PENCIL ERASERS","16238",2011,11,161,35.28,0.23625,16,"C",90,87,112.666666666667,5.08759633523238,161,168,159,192,159
"PARTY TIME PENCIL ERASERS","16238",2011,12,53,13.23,0.24,7,"C",161,90,101.333333333333,3.98898404656427,53,91,60,93,60
"PASTEL COLOUR HONEYCOMB FAN","21208",2011,10,75,29.25,0.39,4,"C",72,72,73,4.33073334028633,75,72,70,71,70
"PASTEL COLOUR HONEYCOMB FAN","21208",2011,11,125,48.75,0.39,8,"C",75,72,90.6666666666667,4.83628190695148,125,114,112,142,112
"PASTEL COLOUR HONEYCOMB FAN","21208",2011,12,38,14.82,0.39,5,"C",125,75,79.3333333333333,3.66356164612965,38,61,47,68,47
"PEACE SMALL WOOD LETTERS","21364",2011,10,1,6.75,6.75,1,"C",2,1,1.33333333333333,0.693147180559945,1,1,1,1,1
"PEACE WOODEN BLOCK LETTERS","22119",2011,10,36,250.2,6.95,16,"B",26,25,29,3.61091791264422,36,37,37,41,37
"PEACE WOODEN BLOCK LETTERS","22119",2011,11,30,222.86,7.79470588235294,17,"B",36,26,30.6666666666667,3.43398720448515,30,37,35,36,35
"PEACE WOODEN BLOCK LETTERS","22119",2011,12,134,261.3,1.95,18,"B",30,36,66.6666666666667,4.90527477843843,134,128,149,136,149
"PEARL CRYSTAL PUMPKIN T-LIGHT HLDR","85062",2011,10,70,117.12,1.83,9,"B",30,162,87.3333333333333,4.26267987704132,70,66,69,62,69
"PEARL CRYSTAL PUMPKIN T-LIGHT HLDR","85062",2011,11,97,161.67,1.7175,12,"B",70,30,65.6666666666667,4.58496747867057,97,88,94,88,94
"PEARL CRYSTAL PUMPKIN T-LIGHT HLDR","85062",2011,12,27,46.98,2.055,2,"B",97,70,64.6666666666667,3.3322045101752,27,15,14,18,14
"PEARLISED IVORY HEART LARGE","23482",2011,12,38,62.7,1.65,6,"C",125,252,138.333333333333,3.66356164612965,38,40,31,42,31
"PEARLISED IVORY HEART SMALL","23481",2011,12,24,30,1.25,5,"C",127,66,72.3333333333333,3.2188758248682,24,30,24,32,24
"PEG BAG APPLES DESIGN","22896",2011,10,61,157.96,2.700625,16,"A",88,80,76.3333333333333,4.12713438504509,61,74,74,82,74
"PEG BAG APPLES DESIGN","22896",2011,11,97,229.67,2.823125,16,"A",61,88,82,4.58496747867057,97,96,103,102,103
"PEG BAG APPLES DESIGN","22896",2011,12,12,35.42,3.032,5,"A",97,61,56.6666666666667,2.56494935746154,12,26,26,28,26
"PENCIL CASE LIFE IS BEAUTIFUL","22445",2011,10,37,111.99,3.26555555555556,9,"B",22,25,28,3.63758615972639,37,37,38,42,38
"PENCIL CASE LIFE IS BEAUTIFUL","22445",2011,11,51,156.13,3.24894736842105,18,"B",37,22,36.6666666666667,3.95124371858143,51,52,51,52,51
"PENCIL CASE LIFE IS BEAUTIFUL","22445",2011,12,7,26.33,3.89666666666667,3,"B",51,37,31.6666666666667,2.07944154167984,7,12,10,13,10
"PENNY FARTHING BIRTHDAY CARD","22028",2011,10,158,67.18,0.461,10,"B",314,300,257.333333333333,5.06890420222023,158,178,161,187,161
"PENNY FARTHING BIRTHDAY CARD","22028",2011,11,391,167.69,0.473181818181818,21,"B",158,314,287.666666666667,5.97126183979046,391,359,348,351,348
"PENNY FARTHING BIRTHDAY CARD","22028",2011,12,36,15.12,0.42,3,"B",391,158,195,3.61091791264422,36,66,63,48,63
"PENS ASSORTED FUNKY JEWELED","22608",2011,10,468,88.92,0.19,11,"B",396,396,420,6.15060276844628,468,374,409,447,409
"PENS ASSORTED FUNKY JEWELED","22608",2011,11,576,109.44,0.19,12,"B",468,396,480,6.3578422665081,576,492,447,461,447
"PENS ASSORTED FUNKY JEWELED","22608",2011,12,108,20.52,0.19,3,"B",576,468,384,4.69134788222914,108,119,77,141,77
"PENS ASSORTED FUNNY FACE","22610",2011,10,1404,266.76,0.19,23,"B",972,540,972,7.24779258176785,1404,1047,1265,1292,1265
"PENS ASSORTED FUNNY FACE","22610",2011,11,1656,314.64,0.19,39,"B",1404,972,1344,7.41276401742656,1656,1117,1570,1806,1570
"PENS ASSORTED FUNNY FACE","22610",2011,12,252,47.88,0.19,5,"B",1656,1404,1104,5.53338948872752,252,549,647,486,647
"PENS ASSORTED SPACEBALL","22609",2011,10,477,103.59,0.411538461538462,13,"B",545,360,460.666666666667,6.16961073249146,477,444,424,378,424
"PENS ASSORTED SPACEBALL","22609",2011,11,1225,234.19,0.236451612903226,30,"B",477,545,749,7.11151211649616,1225,1058,1416,1233,1416
"PENS ASSORTED SPACEBALL","22609",2011,12,113,28.67,0.55,4,"B",1225,477,605,4.7361984483945,113,180,81,121,81
"PERIWINKLE T-LIGHT HOLDER","21413",2011,11,4,5,1.25,1,"C",4,4,4,1.6094379124341,4,3,3,3,3
"PET MUG, GOLDFISH","37462E",2011,11,12,2.28,0.19,1,"C",1,12,8.33333333333333,2.56494935746154,12,6,9,7,9
"PETIT TRAY CHIC","23096",2011,10,243,389.83,1.72578947368421,19,"B",127,49,139.666666666667,5.4971682252932,243,201,216,202,216
"PETIT TRAY CHIC","23096",2011,11,260,432.28,1.732,40,"B",243,127,210,5.56452040732269,260,255,232,268,232
"PETIT TRAY CHIC","23096",2011,12,6,11.54,2.19666666666667,3,"B",260,243,169.666666666667,1.94591014905531,6,34,19,22,19
"PHARMACIE FIRST AID TIN","21906",2011,10,13,87.75,6.75,8,"A",110,8,43.6666666666667,2.63905732961526,13,28,19,22,19
"PHARMACIE FIRST AID TIN","21906",2011,11,14,94.5,6.75,6,"A",13,110,45.6666666666667,2.70805020110221,14,21,15,21,15
"PHARMACIE FIRST AID TIN","21906",2011,12,4,27,6.75,3,"A",14,13,10.3333333333333,1.6094379124341,4,7,5,5,5
"PHOTO CLIP LINE","71270",2011,10,44,55,1.25,6,"C",1,30,25,3.80666248977032,44,35,40,41,40
"PHOTO CLIP LINE","71270",2011,11,5,7.46,1.5525,4,"C",44,1,16.6666666666667,1.79175946922805,5,12,10,14,10
"PHOTO CLIP LINE","71270",2011,12,1,1.25,1.25,1,"C",5,44,16.6666666666667,0.693147180559945,1,3,3,4,3
"PHOTO CUBE","22174",2011,10,143,249.11,2.02588235294118,17,"A",190,36,123,4.969813299576,143,131,144,133,144
"PHOTO CUBE","22174",2011,11,369,638.49,1.81805555555556,34,"A",143,190,234,5.91350300563827,369,338,365,342,365
"PHOTO CUBE","22174",2011,12,44,102.12,2.06,4,"A",369,143,185.333333333333,3.80666248977032,44,68,60,44,60
"PHOTO FRAME 3 CLASSIC HANGING","22796",2011,10,37,359.45,9.87368421052632,19,"A",48,36,40.3333333333333,3.63758615972639,37,46,40,43,40
"PHOTO FRAME 3 CLASSIC HANGING","22796",2011,11,65,620.65,9.88409090909091,21,"A",37,48,50,4.18965474202643,65,62,69,70,69
"PHOTO FRAME 3 CLASSIC HANGING","22796",2011,12,12,119.4,9.95,6,"A",65,37,38,2.56494935746154,12,18,16,18,16
"PHOTO FRAME CORNICE","22766",2011,10,200,592.84,3.01311111111111,45,"A",765,134,366.333333333333,5.30330490805908,200,288,204,320,204
"PHOTO FRAME CORNICE","22766",2011,11,256,736,2.9406976744186,43,"A",200,765,407,5.54907608489522,256,395,409,367,409
"PHOTO FRAME CORNICE","22766",2011,12,52,156.24,3.13933333333333,15,"A",256,200,169.333333333333,3.97029191355212,52,100,81,115,81
"PHOTO FRAME LINEN AND LACE LARGE","23409",2011,11,40,144.48,3.6925,8,"B",73,83,65.3333333333333,3.71357206670431,40,40,41,42,41
"PHOTO FRAME LINEN AND LACE LARGE","23409",2011,12,12,45,3.75,2,"B",40,73,41.6666666666667,2.56494935746154,12,7,8,8,8
"PHOTO FRAME LINEN AND LACE SMALL","23408",2011,11,96,199.68,2.08,20,"C",63,138,99,4.57471097850338,96,110,100,120,100
"PHOTO FRAME LINEN AND LACE SMALL","23408",2011,12,13,27.04,2.08,3,"C",96,63,57.3333333333333,2.63905732961526,13,21,13,19,13
"PICNIC BASKET WICKER LARGE","22501",2011,10,31,266.4,9.225,2,"A",1,10,14,3.46573590279973,31,17,29,13,29
"PICNIC BASKET WICKER LARGE","22501",2011,11,16,159.2,9.95,3,"A",31,1,16,2.83321334405622,16,10,11,9,11
"PICNIC BOXES SET OF 3 RETROSPOT","22628",2011,10,22,108.9,4.95,10,"A",58,54,44.6666666666667,3.13549421592915,22,30,28,32,28
"PICNIC BOXES SET OF 3 RETROSPOT","22628",2011,11,44,217.8,4.95,11,"A",22,58,41.3333333333333,3.80666248977032,44,44,41,42,41
"PICNIC BOXES SET OF 3 RETROSPOT","22628",2011,12,24,118.8,4.95,3,"A",44,22,30,3.2188758248682,24,14,17,16,17
"PICTURE DOMINOES","22549",2011,10,332,481.72,1.70571428571429,28,"A",268,58,219.333333333333,5.80814248998044,332,319,301,287,301
"PICTURE DOMINOES","22549",2011,11,710,1005.02,1.55933333333333,57,"A",332,268,436.666666666667,6.56667242980324,710,643,646,739,646
"PICTURE DOMINOES","22549",2011,12,183,256.47,1.58666666666667,12,"A",710,332,408.333333333333,5.21493575760899,183,225,174,181,174
"PICTURE FRAME WOOD TRIPLE PORTRAIT","22170",2011,10,43,303.33,7.5675,16,"A",191,80,104.666666666667,3.78418963391826,43,80,61,71,61
"PICTURE FRAME WOOD TRIPLE PORTRAIT","22170",2011,11,99,655.59,6.92034482758621,29,"A",43,191,111,4.60517018598809,99,113,110,114,110
"PICTURE FRAME WOOD TRIPLE PORTRAIT","22170",2011,12,42,264.3,6.61666666666667,6,"A",99,43,61.3333333333333,3.76120011569356,42,31,37,33,37
"PIECE OF CAMO STATIONERY SET","16259",2011,10,24,1.92,0.08,2,"C",456,324,268,3.2188758248682,24,91,72,74,72
"PIECE OF CAMO STATIONERY SET","16259",2011,11,20,1.6,0.08,2,"C",24,456,166.666666666667,3.04452243772342,20,73,46,62,46
"PIG KEYRING WITH LIGHT & SOUND","22299",2011,10,113,141.25,1.25,5,"B",24,24,53.6666666666667,4.7361984483945,113,91,135,91,135
"PIG KEYRING WITH LIGHT & SOUND","22299",2011,11,241,301.25,1.25,9,"B",113,24,126,5.48893772615669,241,165,211,175,211
"PIG KEYRING WITH LIGHT & SOUND","22299",2011,12,529,247.59,0.468181818181818,11,"B",241,113,294.333333333333,6.27287700654617,529,426,511,346,511
"PIG MUG IN TWO COLOUR DESIGNS","37467",2011,10,40,15.6,0.39,2,"C",12,26,26,3.71357206670431,40,28,39,29,39
"PIGGY BANK RETROSPOT","22637",2011,10,291,682.07,2.60206896551724,29,"A",987,193,490.333333333333,5.67675380226828,291,379,302,319,302
"PIGGY BANK RETROSPOT","22637",2011,11,120,284.4,2.53125,24,"A",291,987,466,4.79579054559674,120,293,183,224,183
"PIN CUSHION BABUSHKA BLUE","22447",2011,10,2,6.7,3.35,1,"C",1,12,5,1.09861228866811,2,2,2,2,2
"PIN CUSHION BABUSHKA BLUE","22447",2011,12,19,36.35,1.95,3,"C",2,1,7.33333333333333,2.99573227355399,19,15,18,17,18
"PIN CUSHION BABUSHKA PINK","22446",2011,10,26,92.49,3.83625,8,"C",7,12,15,3.29583686600433,26,25,29,30,29
"PIN CUSHION BABUSHKA PINK","22446",2011,11,23,69.65,3.322,9,"C",26,7,18.6666666666667,3.17805383034795,23,27,27,29,27
"PIN CUSHION BABUSHKA PINK","22446",2011,12,53,75.26,2.19142857142857,6,"C",23,26,34,3.98898404656427,53,47,55,46,55
"PIN CUSHION BABUSHKA RED","22448",2011,10,22,73.7,3.35,4,"C",7,6,11.6666666666667,3.13549421592915,22,19,22,18,22
"PIN CUSHION BABUSHKA RED","22448",2011,11,10,40.06,4.17,4,"C",22,7,13,2.39789527279837,10,11,10,10,10
"PIN CUSHION BABUSHKA RED","22448",2011,12,39,73.95,1.95,6,"C",10,22,23.6666666666667,3.68887945411394,39,34,37,37,37
"PING MICROWAVE APRON","22123",2011,10,48,102.32,2.43444444444444,8,"B",37,28,37.6666666666667,3.89182029811063,48,44,47,48,47
"PING MICROWAVE APRON","22123",2011,11,38,87.18,2.495,8,"B",48,37,41,3.66356164612965,38,43,39,44,39
"PING MICROWAVE APRON","22123",2011,12,106,90.42,1.04692307692308,13,"B",38,48,64,4.67282883446191,106,103,103,124,103
"PING! MICROWAVE PLATE","22108",2011,10,6,20.2,3.405,4,"C",7,4,5.66666666666667,1.94591014905531,6,7,6,8,6
"PING! MICROWAVE PLATE","22108",2011,11,14,46.98,3.44333333333333,6,"C",6,7,9,2.70805020110221,14,14,15,17,15
"PING! MICROWAVE PLATE","22108",2011,12,31,55.07,1.59,6,"C",14,6,17,3.46573590279973,31,28,32,31,32
"PINK  HEART CONFETTI IN TUBE","21199",2011,11,49,71.25,1.55,2,"B",1,36,28.6666666666667,3.91202300542815,49,25,48,23,48
"PINK  HEART CONFETTI IN TUBE","21199",2011,12,12,19.8,1.65,1,"B",49,1,20.6666666666667,2.56494935746154,12,4,5,6,5
"PINK  HEART SHAPE LOVE BUCKET","21564",2011,10,7,20.65,2.95,4,"B",25,9,13.6666666666667,2.07944154167984,7,11,9,10,9
"PINK  HEART SHAPE LOVE BUCKET","21564",2011,11,23,67.85,2.95,8,"B",7,25,18.3333333333333,3.17805383034795,23,24,24,30,24
"PINK  HEART SHAPE LOVE BUCKET","21564",2011,12,597,471.63,0.79,11,"B",23,7,209,6.39359075395063,597,509,591,939,591
"PINK  HONEYCOMB PAPER FAN","21194",2011,10,52,33.8,0.65,5,"C",39,49,46.6666666666667,3.97029191355212,52,52,46,56,46
"PINK  HONEYCOMB PAPER FAN","21194",2011,11,53,34.45,0.65,7,"C",52,39,48,3.98898404656427,53,57,54,61,54
"PINK  HONEYCOMB PAPER FAN","21194",2011,12,35,22.75,0.65,4,"C",53,52,46.6666666666667,3.58351893845611,35,41,33,40,33
"PINK  POLKADOT CUP","21239",2011,10,149,114.17,0.839166666666667,12,"B",73,294,172,5.01063529409626,149,150,148,170,148
"PINK  POLKADOT CUP","21239",2011,11,104,89.18,0.889,20,"B",149,73,108.666666666667,4.65396035015752,104,126,119,147,119
"PINK  POLKADOT CUP","21239",2011,12,34,28.9,0.85,5,"B",104,149,95.6666666666667,3.55534806148941,34,46,43,60,43
"PINK  POLKADOT PLATE","21243",2011,10,185,289.61,1.66818181818182,11,"A",70,201,152,5.2257466737132,185,142,144,133,144
"PINK & WHITE ROSEBUD RING","90166",2011,10,4,16.6,4.15,3,"C",4,3,3.66666666666667,1.6094379124341,4,5,5,5,5
"PINK & WHITE ROSEBUD RING","90166",2011,11,1,4.15,4.15,1,"C",4,4,3,0.693147180559945,1,2,1,2,1
"PINK AND BLACK STRING CURTAIN","35638A",2011,10,2,3.9,1.95,1,"C",33,1,12,1.09861228866811,2,5,4,5,4
"PINK AND BLACK STRING CURTAIN","35638A",2011,11,1,1.95,1.95,1,"C",2,33,12,0.693147180559945,1,4,3,4,3
"PINK AND WHITE CHRISTMAS TREE 120CM","35599D",2011,10,11,29.13,3.23,3,"C",18,6,11.6666666666667,2.484906649788,11,10,10,10,10
"PINK AND WHITE CHRISTMAS TREE 120CM","35599D",2011,11,80,156,1.95,8,"C",11,18,36.3333333333333,4.39444915467244,80,68,79,85,79
"PINK AND WHITE CHRISTMAS TREE 120CM","35599D",2011,12,41,120.95,2.95,2,"C",80,11,44,3.73766961828337,41,11,17,16,17
"PINK BABY BUNTING","22668",2011,10,126,360.22,3.4575,16,"A",250,83,153,4.84418708645859,126,125,117,130,117
"PINK BABY BUNTING","22668",2011,11,60,179.84,3.13933333333333,15,"A",126,250,145.333333333333,4.11087386417331,60,88,71,86,71
"PINK BABY BUNTING","22668",2011,12,11,32.45,2.95,3,"A",60,126,65.6666666666667,2.484906649788,11,19,15,16,15
"PINK BITTY LIGHT CHAIN","85179C",2011,11,32,40,1.25,4,"C",24,1,19,3.49650756146648,32,27,34,28,34
"PINK BITTY LIGHT CHAIN","85179C",2011,12,12,15,1.25,1,"C",32,24,22.6666666666667,2.56494935746154,12,9,8,7,8
"PINK BLUE FELT CRAFT TRINKET BOX","20971",2011,10,4871,5276.42,1.29890625,63,"A",599,1172,2214,8.49125980938973,4871,2189,4220,2646,4220
"PINK BLUE FELT CRAFT TRINKET BOX","20971",2011,11,845,1029.31,1.29246913580247,80,"A",4871,599,2105,6.74051935960622,845,1980,1670,2409,1670
"PINK BLUE FELT CRAFT TRINKET BOX","20971",2011,12,364,418.8,1.29368421052632,19,"A",845,4871,2026.66666666667,5.89989735358249,364,1263,1097,1098,1097
"PINK BOUDICCA LARGE BRACELET","90160D",2011,11,10,69.5,6.95,1,"C",9,1,6.66666666666667,2.39789527279837,10,5,6,4,6
"PINK BUTTERFLY WASHBAG","84922",2011,11,1,4.25,4.25,1,"C",3,1,1.66666666666667,0.693147180559945,1,1,1,2,1
"PINK BUTTERFLY WASHBAG","84922",2011,12,1,4.25,4.25,1,"C",1,3,1.66666666666667,0.693147180559945,1,1,1,2,1
"PINK CANDYSTUFT ARTIFICIAL FLOWER","84806A",2011,12,96,37.44,0.39,4,"C",2,6,34.6666666666667,4.57471097850338,96,82,96,141,96
"PINK CAT BOWL","22703",2011,10,8,14.45,1.912,5,"C",2,8,6,2.19722457733622,8,10,9,12,9
"PINK CAT BOWL","22703",2011,11,5,8.62,1.7475,4,"C",8,2,5,1.79175946922805,5,7,6,8,6
"PINK CAT BOWL","22703",2011,12,71,41.89,0.59,11,"C",5,8,28,4.27666611901606,71,68,75,101,75
"PINK CHICK EGG WARMER + EGG CUP","35914",2011,10,8,6.8,0.85,3,"C",29,72,36.3333333333333,2.19722457733622,8,17,13,18,13
"PINK CLEAR GLASS CANDLE PLATE","72369A",2011,11,4,5,1.25,1,"C",18,6,9.33333333333333,1.6094379124341,4,4,4,4,4
"PINK CREAM FELT CRAFT TRINKET BOX","20972",2011,10,665,862.85,1.34451612903226,61,"A",854,1079,866,6.50128967054039,665,786,669,979,669
"PINK CREAM FELT CRAFT TRINKET BOX","20972",2011,11,968,1203.21,1.30054347826087,91,"A",665,854,829,6.87626461189077,968,975,894,1056,894
"PINK CREAM FELT CRAFT TRINKET BOX","20972",2011,12,194,243.71,1.30260869565217,23,"A",968,665,609,5.27299955856375,194,432,331,399,331
"PINK DIAMANTE PEN IN GIFT BOX","21846",2011,10,4,29.82,7.17666666666667,3,"C",5,1,3.33333333333333,1.6094379124341,4,5,4,4,4
"PINK DIAMANTE PEN IN GIFT BOX","21846",2011,11,18,99.12,6.06333333333333,6,"C",4,5,9,2.94443897916644,18,17,19,15,19
"PINK DIAMANTE PEN IN GIFT BOX","21846",2011,12,2,9.9,4.95,2,"C",18,4,8,1.09861228866811,2,4,3,4,3
"PINK DINER WALL CLOCK","23341",2011,10,50,414.8,8.4575,20,"B",82,31,54.3333333333333,3.93182563272433,50,53,53,57,53
"PINK DINER WALL CLOCK","23341",2011,11,34,289,8.5,17,"B",50,82,55.3333333333333,3.55534806148941,34,44,41,47,41
"PINK DINER WALL CLOCK","23341",2011,12,27,219.3,8.37857142857143,7,"B",34,50,37,3.3322045101752,27,25,23,23,23
"PINK DISCO HANDBAG","84859C",2011,10,13,25.35,1.95,2,"C",3,24,13.3333333333333,2.63905732961526,13,13,14,10,14
"PINK DISCO HANDBAG","84859C",2011,11,16,37.74,2.57285714285714,7,"C",13,3,10.6666666666667,2.83321334405622,16,16,15,19,15
"PINK DISCO HANDBAG","84859C",2011,12,1,1.95,1.95,1,"C",16,13,10,0.693147180559945,1,4,3,3,3
"PINK DOG BOWL","22701",2011,10,3,8.36,2.78666666666667,3,"C",3,10,5.33333333333333,1.38629436111989,3,5,5,6,5
"PINK DOG BOWL","22701",2011,11,8,22.62,2.81,7,"C",3,3,4.66666666666667,2.19722457733622,8,12,8,13,8
"PINK DOG BOWL","22701",2011,12,59,48.28,0.957,10,"C",8,3,23.3333333333333,4.0943445622221,59,52,59,72,59
"PINK DOUGHNUT TRINKET POT","22064",2011,10,62,108.86,2.01444444444444,18,"B",59,36,52.3333333333333,4.14313472639153,62,66,67,79,67
"PINK DOUGHNUT TRINKET POT","22064",2011,11,217,359.69,1.70857142857143,24,"B",62,59,112.666666666667,5.38449506278909,217,200,218,228,218
"PINK DOUGHNUT TRINKET POT","22064",2011,12,394,153.66,0.39,9,"B",217,62,224.333333333333,5.97888576490112,394,319,356,297,356
"PINK DRAWER KNOB ACRYLIC EDWARDIAN","22772",2011,10,126,157.5,1.25,12,"A",216,163,168.333333333333,4.84418708645859,126,120,111,131,111
"PINK DRAWER KNOB ACRYLIC EDWARDIAN","22772",2011,11,208,273.31,1.35083333333333,12,"A",126,216,183.333333333333,5.34233425196481,208,171,171,170,171
"PINK DRAWER KNOB ACRYLIC EDWARDIAN","22772",2011,12,12,15,1.25,1,"A",208,126,115.333333333333,2.56494935746154,12,8,9,6,9
"PINK ENAMEL+GLASS HAIR COMB","90209C",2011,10,1,2.1,2.1,1,"C",5,141,49,0.693147180559945,1,6,3,5,3
"PINK FAIRY CAKE CHILDRENS APRON","47591D",2011,10,293,547.07,2.02833333333333,48,"A",228,224,248.333333333333,5.68357976733868,293,300,299,329,299
"PINK FAIRY CAKE CHILDRENS APRON","47591D",2011,11,692,1281.48,2.01357142857143,84,"A",293,228,404.333333333333,6.5410299991899,692,696,733,687,733
"PINK FAIRY CAKE CHILDRENS APRON","47591D",2011,12,91,164.63,2.138,10,"A",692,293,358.666666666667,4.52178857704904,91,184,141,137,141
"PINK FAIRY CAKE CUSHION COVER","47585A",2011,10,8,30,3.75,2,"C",2,4,4.66666666666667,2.19722457733622,8,7,7,6,7
"PINK FAIRY CAKE CUSHION COVER","47585A",2011,11,8,30,3.75,2,"C",8,2,6,2.19722457733622,8,7,7,7,7
"PINK FAIRY CAKE CUSHION COVER","47586A",2011,11,6,15.3,2.55,1,"C",8,8,7.33333333333333,1.94591014905531,6,3,4,4,4
"PINK FAIRY CAKE CUSHION COVER","47585A",2011,12,4,15,3.75,1,"C",6,8,6,1.6094379124341,4,4,3,3,3
"PINK FLORAL FELTCRAFT SHOULDER BAG","20970",2011,10,209,763.59,3.71487804878049,40,"A",146,61,138.666666666667,5.34710753071747,209,192,185,200,185
"PINK FLORAL FELTCRAFT SHOULDER BAG","20970",2011,11,228,845.97,3.9125641025641,39,"A",209,146,194.333333333333,5.43372200355424,228,210,230,208,230
"PINK FLORAL FELTCRAFT SHOULDER BAG","20970",2011,12,41,153.75,3.75,12,"A",228,209,159.333333333333,3.73766961828337,41,88,70,88,70
"PINK FLOWER CROCHET FOOD COVER","21465",2011,10,19,74.96,4.28,7,"B",11,20,16.6666666666667,2.99573227355399,19,20,21,23,21
"PINK FLOWER CROCHET FOOD COVER","21465",2011,11,12,45,3.75,5,"B",19,11,14,2.56494935746154,12,13,12,12,12
"PINK FLOWER CROCHET FOOD COVER","21465",2011,12,6,22.5,3.75,1,"B",12,19,12.3333333333333,1.94591014905531,6,3,4,5,4
"PINK FLOWER FABRIC PONY","84920",2011,10,8,30,3.75,3,"C",4,4,5.33333333333333,2.19722457733622,8,9,8,8,8
"PINK FLOWER FABRIC PONY","84920",2011,11,2,7.5,3.75,2,"C",8,4,4.66666666666667,1.09861228866811,2,4,3,4,3
"PINK FLOWER FABRIC PONY","84920",2011,12,3,11.25,3.75,1,"C",2,8,4.33333333333333,1.38629436111989,3,2,2,2,2
"PINK FLOWERS RABBIT EASTER","35910B",2011,11,1,1.95,1.95,1,"C",2,12,5,0.693147180559945,1,1,1,2,1
"PINK FLY SWAT","84673A",2011,10,2,1.3,0.65,1,"C",1,5,2.66666666666667,1.09861228866811,2,2,2,2,2
"PINK FLY SWAT","84673A",2011,11,4,2.6,0.65,2,"C",2,1,2.33333333333333,1.6094379124341,4,4,4,5,4
"PINK GAUZE BUTTERFLY LAMPSHADE","44089A",2011,11,8,3.36,0.42,1,"C",2,1,3.66666666666667,2.19722457733622,8,5,7,4,7
"PINK GLASS CANDLEHOLDER","71279",2011,10,14,41.3,2.95,4,"C",9,26,16.3333333333333,2.70805020110221,14,14,13,13,13
"PINK GLASS CANDLEHOLDER","71279",2011,11,16,47.2,2.95,3,"C",14,9,13,2.83321334405622,16,15,13,12,13
"PINK GOOSE FEATHER TREE 60CM","21265",2011,10,38,74.1,1.95,4,"C",26,16,26.6666666666667,3.66356164612965,38,35,33,28,33
"PINK GOOSE FEATHER TREE 60CM","21265",2011,11,16,31.2,1.95,3,"C",38,26,26.6666666666667,2.83321334405622,16,18,17,18,17
"PINK GOOSE FEATHER TREE 60CM","21265",2011,12,18,35.1,1.95,3,"C",16,38,24,2.94443897916644,18,17,18,17,18
"PINK GREEN EMBROIDERY COSMETIC BAG","47369A",2011,11,1,2.95,2.95,1,"C",1,6,2.66666666666667,0.693147180559945,1,1,1,2,1
"PINK HANGING HEART T-LIGHT HOLDER","22804",2011,12,28,96.8,3.26555555555556,9,"B",733,62,274.333333333333,3.36729582998647,28,117,68,98,68
"PINK HAPPY BIRTHDAY BUNTING","47590B",2011,10,144,744.8,5.42241379310345,29,"A",230,225,199.666666666667,4.97673374242057,144,160,165,161,165
"PINK HAPPY BIRTHDAY BUNTING","47590B",2011,11,122,624.9,5.42037037037037,27,"A",144,230,165.333333333333,4.81218435537242,122,136,120,156,120
"PINK HAPPY BIRTHDAY BUNTING","47590B",2011,12,15,81.75,5.45,4,"A",122,144,93.6666666666667,2.77258872223978,15,28,19,23,19
"PINK HAWAIIAN PICNIC HAMPER FOR 2","84796A",2011,12,2,25.5,12.75,1,"C",1,2,1.66666666666667,1.09861228866811,2,2,2,1,2
"PINK HEART SHAPE EGG FRYING PAN","84050",2011,10,282,386.34,1.858,18,"A",46,196,174.666666666667,5.64544689764324,282,234,237,254,237
"PINK HEART SHAPE EGG FRYING PAN","84050",2011,11,46,57.5,1.25,1,"A",282,46,124.666666666667,3.85014760171006,46,10,11,10,11
"PINK HEARTS LIGHT CHAIN","85180B",2011,10,12,55.8,4.65,4,"C",3,1,5.33333333333333,2.56494935746154,12,10,11,10,11
"PINK HEARTS LIGHT CHAIN","85180B",2011,11,1,4.65,4.65,1,"C",12,3,5.33333333333333,0.693147180559945,1,2,1,2,1
"PINK HEARTS LIGHT CHAIN","85180B",2011,12,10,46.5,4.65,2,"C",1,12,7.66666666666667,2.39789527279837,10,7,8,6,8
"PINK HEARTS PAPER GARLAND","21190",2011,11,4,6.6,1.65,2,"C",50,2,18.6666666666667,1.6094379124341,4,8,6,8,6
"PINK HYDRANGEA ART FLOWER","84801A",2011,11,10,21,2.1,1,"C",6,12,9.33333333333333,2.39789527279837,10,7,8,6,8
"PINK JEWELLED MIRROR TRINKET TRAY","84707B",2011,10,3,39.86,13.2866666666667,3,"C",6,1,3.33333333333333,1.38629436111989,3,4,4,4,4
"PINK JEWELLED MIRROR TRINKET TRAY","84707B",2011,12,15,29.25,1.95,3,"C",3,6,8,2.77258872223978,15,13,16,15,16
"PINK JEWELLED PHOTO FRAME","84708B",2011,10,4,17,4.25,1,"C",2,1,2.33333333333333,1.6094379124341,4,3,4,2,4
"PINK JEWELLED PHOTO FRAME","84708B",2011,11,13,61.55,4.775,4,"C",4,2,6.33333333333333,2.63905732961526,13,11,12,12,12
"PINK JEWELLED PHOTO FRAME","84712B",2011,11,6,44.52,7.42,3,"C",13,4,7.66666666666667,1.94591014905531,6,7,7,6,7
"PINK JEWELLED PHOTO FRAME","84708B",2011,12,5,24.75,4.95,2,"C",6,13,8,1.79175946922805,5,5,5,5,5
"PINK LOVE BIRD CANDLE","85169D",2011,10,1,1.25,1.25,1,"C",24,6,10.3333333333333,0.693147180559945,1,2,2,4,2
"PINK LOVE BIRD CANDLE","85169D",2011,11,25,31.25,1.25,3,"C",1,24,16.6666666666667,3.25809653802148,25,20,22,18,22
"PINK LOVE HEART SHAPE CUP","22133",2011,10,120,89.52,0.806666666666667,3,"C",74,13,69,4.79579054559674,120,99,107,68,107
"PINK LOVE HEART SHAPE CUP","22133",2011,11,31,27.91,1.07285714285714,7,"C",120,74,75,3.46573590279973,31,55,47,50,47
"PINK LOVE HEART SHAPE CUP","22133",2011,12,18,15.3,0.85,3,"C",31,120,56.3333333333333,2.94443897916644,18,22,21,23,21
"PINK METAL CHICKEN HEART","84459A",2011,10,9,13.41,1.49,3,"B",4,5,6,2.30258509299405,9,9,9,11,9
"PINK MURANO TWIST NECKLACE","90124A",2011,10,3,29.85,9.95,2,"C",2,1,2,1.38629436111989,3,3,3,3,3
"PINK NEW BAROQUECANDLESTICK CANDLE","84625A",2011,10,2,1.7,0.85,1,"C",76,24,34,1.09861228866811,2,7,4,7,4
"PINK NEW BAROQUECANDLESTICK CANDLE","84625A",2011,11,1,0.85,0.85,1,"C",2,76,26.3333333333333,0.693147180559945,1,5,3,5,3
"PINK NEW BAROQUECANDLESTICK CANDLE","84625A",2011,12,24,20.4,0.85,1,"C",1,2,9,3.2188758248682,24,14,29,14,29
"PINK OVAL SHAPE TRINKET BOX","84711B",2011,11,3,29.85,9.95,2,"C",2,6,3.66666666666667,1.38629436111989,3,3,3,3,3
"PINK OVAL SHAPE TRINKET BOX","84711B",2011,12,1,9.95,9.95,1,"C",3,2,2,0.693147180559945,1,1,1,1,1
"PINK OWL SOFT TOY","22175",2011,10,150,423.3,2.93181818181818,22,"B",36,37,74.3333333333333,5.01727983681492,150,133,152,145,152
"PINK OWL SOFT TOY","22175",2011,11,284,780.2,2.93666666666667,30,"B",150,36,156.666666666667,5.65248918026865,284,260,278,320,278
"PINK OWL SOFT TOY","22175",2011,12,61,160.75,2.87,5,"B",284,150,165,4.12713438504509,61,57,55,53,55
"PINK PADDED MOBILE","20702",2011,10,6,25.5,4.25,4,"C",3,5,4.66666666666667,1.94591014905531,6,7,6,7,6
"PINK PAISLEY ROSE GIFT WRAP","22050",2011,10,150,63,0.42,6,"C",100,100,116.666666666667,5.01727983681492,150,113,121,110,121
"PINK PAISLEY ROSE GIFT WRAP","22050",2011,11,50,21,0.42,2,"C",150,100,100,3.93182563272433,50,46,37,40,37
"PINK PAISLEY ROSE GIFT WRAP","22050",2011,12,25,10.5,0.42,1,"C",50,150,75,3.25809653802148,25,17,17,17,17
"PINK PAISLEY SQUARE TISSUE BOX","22096",2011,10,106,45.48,0.484090909090909,21,"C",646,82,278,4.67282883446191,106,227,170,205,170
"PINK PAISLEY SQUARE TISSUE BOX","22096",2011,11,167,65.13,0.39,26,"C",106,646,306.333333333333,5.12396397940326,167,274,267,206,267
"PINK PAISLEY SQUARE TISSUE BOX","22096",2011,12,224,87.36,0.39,4,"C",167,106,165.666666666667,5.41610040220442,224,153,193,106,193
"PINK PAPER PARASOL","15044A",2011,10,3,8.85,2.95,1,"B",29,19,17,1.38629436111989,3,4,3,4,3
"PINK PAPER PARASOL","15044A",2011,11,33,100.19,3.26555555555556,9,"B",3,29,21.6666666666667,3.52636052461616,33,32,30,33,30
"PINK PAPER PARASOL","15044A",2011,12,2,8.74,4.37,2,"B",33,3,12.6666666666667,1.09861228866811,2,5,5,5,5
"PINK PARTY BAGS","47599A",2011,10,62,130.2,2.1,8,"A",203,178,147.666666666667,4.14313472639153,62,72,70,71,70
"PINK PARTY BAGS","47599A",2011,11,26,54.6,2.1,4,"A",62,203,97,3.29583686600433,26,29,20,25,20
"PINK PARTY BAGS","47599A",2011,12,12,25.2,2.1,1,"A",26,62,33.3333333333333,2.56494935746154,12,6,6,5,6
"PINK PARTY SUNGLASSES","84522",2011,11,1,1.95,1.95,1,"C",1,1,1,0.693147180559945,1,1,1,2,1
"PINK PILLAR CANDLE SILVER FLOCK","72799C",2011,10,2,5.9,2.95,1,"C",1,3,2,1.09861228866811,2,2,2,2,2
"PINK PILLAR CANDLE SILVER FLOCK","72799C",2011,11,15,44.25,2.95,7,"C",2,1,6,2.77258872223978,15,16,15,20,15
"PINK PILLAR CANDLE SILVER FLOCK","72799C",2011,12,58,58.78,1.09857142857143,7,"C",15,2,25,4.07753744390572,58,51,63,63,63
"PINK POLKADOT BOWL","20677",2011,10,153,178.78,1.32846153846154,13,"A",210,351,238,5.03695260241363,153,165,145,155,145
"PINK POLKADOT BOWL","20677",2011,11,188,224.95,1.33259259259259,27,"A",153,210,183.666666666667,5.24174701505964,188,220,201,209,201
"PINK POLKADOT BOWL","20677",2011,12,139,161.28,1.39571428571429,7,"A",188,153,160,4.9416424226093,139,89,92,81,92
"PINK POLKADOT GARDEN PARASOL","15058B",2011,11,1,7.95,7.95,1,"B",1,21,7.66666666666667,0.693147180559945,1,2,2,2,2
"PINK POLKADOT WRAP","21500",2011,10,450,186,0.416470588235294,17,"A",725,650,608.333333333333,6.11146733950268,450,500,457,526,457
"PINK POLKADOT WRAP","21500",2011,11,650,264,0.414,20,"A",450,725,608.333333333333,6.47850964220857,650,625,595,636,595
"PINK POLKADOT WRAP","21500",2011,12,125,52.5,0.42,5,"A",650,450,408.333333333333,4.83628190695148,125,196,178,116,178
"PINK POT PLANT CANDLE","20932",2011,11,74,218.3,2.95,5,"C",37,1,37.3333333333333,4.31748811353631,74,42,63,43,63
"PINK POT PLANT CANDLE","20932",2011,12,37,46.25,1.25,3,"C",74,37,49.3333333333333,3.63758615972639,37,32,25,26,25
"PINK REGENCY TEACUP AND SAUCER","22698",2011,10,586,1596.06,3.13285714285714,48,"A",695,454,578.333333333333,6.3750248198281,586,552,549,532,549
"PINK REGENCY TEACUP AND SAUCER","22698",2011,11,374,1062.74,3.00963636363636,54,"A",586,695,551.666666666667,5.92692602597041,374,458,429,465,429
"PINK REGENCY TEACUP AND SAUCER","22698",2011,12,201,557.39,3.05736842105263,19,"A",374,586,387,5.30826769740121,201,232,223,212,223
"PINK ROSE FABRIC MIRROR","20867",2011,10,7,8.75,1.25,3,"C",2,24,11,2.07944154167984,7,7,7,9,7
"PINK ROSE FABRIC MIRROR","20867",2011,11,23,28.75,1.25,5,"C",7,2,10.6666666666667,3.17805383034795,23,19,21,25,21
"PINK ROSE FABRIC MIRROR","20867",2011,12,2,2.5,1.25,2,"C",23,7,10.6666666666667,1.09861228866811,2,5,4,6,4
"PINK ROSEBUD PEARL BRACELET","90164A",2011,11,7,13.65,1.95,2,"C",2,2,3.66666666666667,2.07944154167984,7,5,5,6,5
"PINK ROSEBUD PEARL BRACELET","90164A",2011,12,6,11.7,1.95,1,"C",7,2,5,1.94591014905531,6,4,4,3,4
"PINK SCOTTIE DOG W FLOWER PATTERN","84931A",2011,10,6,15.3,2.55,1,"C",9,7,7.33333333333333,1.94591014905531,6,4,4,3,4
"PINK SCOTTIE DOG W FLOWER PATTERN","84931A",2011,11,23,58.65,2.55,5,"C",6,9,12.6666666666667,3.17805383034795,23,20,21,22,21
"PINK SMALL JEWELLED PHOTOFRAME","85024C",2011,10,2,3.3,1.65,1,"C",4,1,2.33333333333333,1.09861228866811,2,2,2,2,2
"PINK SMALL JEWELLED PHOTOFRAME","85024C",2011,11,2,3.3,1.65,2,"C",2,4,2.66666666666667,1.09861228866811,2,3,3,4,3
"PINK SQUARE TABLE CLOCK","84661C",2011,12,50,39.5,0.79,3,"C",6,6,20.6666666666667,3.93182563272433,50,44,45,54,45
"PINK STOCKING CHRISTMAS DECORATION","35933",2011,10,29,11.02,0.38,4,"C",122,12,54.3333333333333,3.40119738166216,29,41,30,53,30
"PINK STOCKING CHRISTMAS DECORATION","35933",2011,11,9,3.42,0.38,1,"C",29,122,53.3333333333333,2.30258509299405,9,10,3,12,3
"PINK STRAWBERRY HANDBAG","16207A",2011,10,6,17.7,2.95,1,"C",2,2,3.33333333333333,1.94591014905531,6,5,6,3,6
"PINK STRAWBERRY HANDBAG","16207A",2011,11,1,2.95,2.95,1,"C",6,2,3,0.693147180559945,1,2,1,2,1
"PINK STRING CURTAIN WITH POLE","35637C",2011,11,3,5.85,1.95,2,"C",17,6,8.66666666666667,1.38629436111989,3,5,4,6,4
"PINK SWEETHEART BRACELET","90200D",2011,10,31,119.75,4.15,5,"C",1,5,12.3333333333333,3.46573590279973,31,26,31,23,31
"PINK SWEETHEART BRACELET","90200D",2011,12,15,63.75,4.25,2,"C",31,1,15.6666666666667,2.77258872223978,15,9,10,8,10
"PINK UNION JACK  LUGGAGE TAG","21867",2011,10,16,20,1.25,6,"C",2,8,8.66666666666667,2.83321334405622,16,15,15,19,15
"PINK UNION JACK  LUGGAGE TAG","21867",2011,11,27,36.17,1.371,10,"C",16,2,15,3.3322045101752,27,29,28,41,28
"PINK UNION JACK  LUGGAGE TAG","21867",2011,12,8,13.63,1.5525,4,"C",27,16,17,2.19722457733622,8,13,10,13,10
"PINK UNION JACK  PASSPORT COVER","21865",2011,10,3,6.3,2.1,3,"C",2,10,5,1.38629436111989,3,4,4,6,4
"PINK UNION JACK  PASSPORT COVER","21865",2011,11,19,39.9,2.1,9,"C",3,2,8,2.99573227355399,19,20,22,34,22
"PINK UNION JACK  PASSPORT COVER","21865",2011,12,2,4.2,2.1,1,"C",19,3,8,1.09861228866811,2,3,2,3,2
"PINK VINTAGE PAISLEY PICNIC BAG","21933",2011,10,73,131.79,1.8525,15,"A",68,198,113,4.30406509320417,73,99,92,90,92
"PINK VINTAGE PAISLEY PICNIC BAG","21933",2011,11,118,204.42,1.80428571428571,20,"A",73,68,86.3333333333333,4.77912349311153,118,120,110,137,110
"PINK VINTAGE PAISLEY PICNIC BAG","21933",2011,12,41,68.46,1.812,5,"A",118,73,77.3333333333333,3.73766961828337,41,44,45,40,45
"PINK VINTAGE SPOT BEAKER","23285",2011,10,157,133.45,0.85,21,"A",2098,850,1035,5.06259503302697,157,763,627,756,627
"PINK VINTAGE SPOT BEAKER","23285",2011,11,34,28.9,0.85,8,"A",157,2098,763,3.55534806148941,34,238,137,210,137
"PINK VINTAGE SPOT BEAKER","23285",2011,12,1,0.85,0.85,1,"A",34,157,64,0.693147180559945,1,8,8,10,8
"PINK VINTAGE VICTORIAN EARRINGS","90067A",2011,11,6,17.7,2.95,1,"C",3,1,3.33333333333333,1.94591014905531,6,5,6,3,6
"PINK/BLUE STRING CURTAIN","35638B",2011,10,1,1.95,1.95,1,"C",48,6,18.3333333333333,0.693147180559945,1,4,2,4,2
"PINK/BLUE STRING CURTAIN","35638B",2011,11,1,1.95,1.95,1,"C",1,48,16.6666666666667,0.693147180559945,1,4,3,4,3
"PINK/GREEN FLOWER DESIGN BIG MUG","37489D",2011,10,5,1.95,0.39,2,"C",11,2,6,1.79175946922805,5,5,5,8,5
"PINK/GREEN FLOWER DESIGN BIG MUG","37489D",2011,11,7,2.73,0.39,2,"C",5,11,7.66666666666667,2.07944154167984,7,7,7,9,7
"PINK/GREEN FLOWER DESIGN BIG MUG","37489D",2011,12,2,0.78,0.39,1,"C",7,5,4.66666666666667,1.09861228866811,2,2,2,2,2
"PINK/PURPLE RETRO RADIO","84086C",2011,11,64,188.8,2.95,5,"C",30,6,33.3333333333333,4.17438726989564,64,41,51,39,51
"PINK/WHITE ""KEEP CLEAN"" BULLET BIN","71403",2011,10,1,2.95,2.95,1,"C",15,6,7.33333333333333,0.693147180559945,1,3,2,3,2
"PINK/WHITE ""KEEP CLEAN"" BULLET BIN","71403",2011,11,16,47.2,2.95,4,"C",1,15,10.6666666666667,2.83321334405622,16,15,15,12,15
"PINK/WHITE CHRISTMAS TREE 60CM","35598D",2011,10,54,38.72,1.1025,4,"C",336,48,146,4.00733318523247,54,68,65,67,65
"PINK/WHITE CHRISTMAS TREE 60CM","35598D",2011,11,77,50.05,0.65,7,"C",54,336,155.666666666667,4.35670882668959,77,102,69,83,69
"PINK/WHITE CHRISTMAS TREE 60CM","35598D",2011,12,48,31.2,0.65,1,"C",77,54,59.6666666666667,3.89182029811063,48,16,15,17,15
"PIZZA PLATE IN BOX","22107",2011,10,39,139.38,3.891,9,"B",12,7,19.3333333333333,3.68887945411394,39,33,41,44,41
"PIZZA PLATE IN BOX","22107",2011,11,50,175.08,3.58272727272727,11,"B",39,12,33.6666666666667,3.93182563272433,50,48,50,46,50
"PIZZA PLATE IN BOX","22107",2011,12,62,126.24,2.44444444444444,8,"B",50,39,50.3333333333333,4.14313472639153,62,62,64,59,64
"PLACE SETTING WHITE HEART","22151",2011,10,593,249.06,0.42,31,"A",1052,1637,1094,6.38687931936265,593,802,812,922,812
"PLACE SETTING WHITE HEART","22151",2011,11,687,295.8,0.451842105263158,37,"A",593,1052,777.333333333333,6.53378883793334,687,819,845,807,845
"PLACE SETTING WHITE HEART","22151",2011,12,311,130.62,0.42,11,"A",687,593,530.333333333333,5.74300318780948,311,331,294,339,294
"PLACE SETTING WHITE STAR","22152",2011,10,343,144.06,0.42,20,"B",176,99,206,5.8406416573734,343,311,340,277,340
"PLACE SETTING WHITE STAR","22152",2011,11,929,370.31,0.474761904761905,21,"B",343,176,482.666666666667,6.8351845861473,929,791,897,704,897
"PLACE SETTING WHITE STAR","22152",2011,12,30,12.6,0.42,3,"B",929,343,434,3.43398720448515,30,74,26,49,26
"PLASMATRONIC LAMP","22486",2011,11,1,8.29,8.29,1,"C",1,2,1.33333333333333,0.693147180559945,1,1,1,1,1
"PLASMATRONIC LAMP","22486",2011,12,18,71.1,3.95,2,"C",1,1,6.66666666666667,2.94443897916644,18,15,21,12,21
"PLASTERS IN TIN CIRCUS PARADE","22556",2011,10,569,921.29,1.67823529411765,50,"A",616,400,528.333333333333,6.3456363608286,569,566,571,590,571
"PLASTERS IN TIN CIRCUS PARADE","22556",2011,11,707,1131.43,1.68428571428571,83,"A",569,616,630.666666666667,6.56244409369372,707,744,744,777,744
"PLASTERS IN TIN CIRCUS PARADE","22556",2011,12,225,372.89,1.71074074074074,25,"A",707,569,500.333333333333,5.42053499927229,225,296,304,353,304
"PLASTERS IN TIN SKULLS","22553",2011,10,572,943.8,1.65,54,"A",533,316,473.666666666667,6.35088571671474,572,560,575,562,575
"PLASTERS IN TIN SKULLS","22553",2011,11,577,932.85,1.64764705882353,79,"A",572,533,560.666666666667,6.35957386867238,577,678,674,764,674
"PLASTERS IN TIN SKULLS","22553",2011,12,149,245.85,1.65,18,"A",577,572,432.666666666667,5.01063529409626,149,247,195,302,195
"PLASTERS IN TIN SPACEBOY","22551",2011,10,651,1061.51,1.69888888888889,63,"A",698,579,642.666666666667,6.48004456192665,651,669,711,693,711
"PLASTERS IN TIN SPACEBOY","22551",2011,11,967,1571.91,1.6788,98,"A",651,698,772,6.87523208727658,967,957,976,1004,976
"PLASTERS IN TIN SPACEBOY","22551",2011,12,237,375.13,1.69965517241379,27,"A",967,651,618.333333333333,5.47227067367148,237,444,355,412,355
"PLASTERS IN TIN STRONGMAN","22555",2011,10,520,858,1.65,54,"A",731,338,529.666666666667,6.25575004175337,520,531,502,550,502
"PLASTERS IN TIN STRONGMAN","22555",2011,11,591,955.95,1.64764705882353,83,"A",520,731,614,6.38350663488401,591,729,690,784,690
"PLASTERS IN TIN STRONGMAN","22555",2011,12,162,268.94,1.74111111111111,17,"A",591,520,424.333333333333,5.09375020080676,162,231,180,237,180
"PLASTERS IN TIN VINTAGE PAISLEY","22557",2011,10,448,736.4,1.75965517241379,57,"A",430,405,427.666666666667,6.10702288774225,448,491,482,518,482
"PLASTERS IN TIN VINTAGE PAISLEY","22557",2011,11,568,937.68,1.70686746987952,80,"A",448,430,482,6.34388043412633,568,628,624,592,624
"PLASTERS IN TIN VINTAGE PAISLEY","22557",2011,12,150,252.42,1.72809523809524,20,"A",568,448,388.666666666667,5.01727983681492,150,227,175,249,175
"PLASTERS IN TIN WOODLAND ANIMALS","22554",2011,10,766,1225.5,1.64710144927536,69,"A",872,344,660.666666666667,6.64248680136726,766,708,701,775,701
"PLASTERS IN TIN WOODLAND ANIMALS","22554",2011,11,867,1372.95,1.64591836734694,97,"A",766,872,835,6.76619171466035,867,907,816,1056,816
"PLASTERS IN TIN WOODLAND ANIMALS","22554",2011,12,162,268.94,1.71307692307692,24,"A",867,766,598.333333333333,5.09375020080676,162,400,314,426,314
"PLAYING CARDS I LOVE LONDON","23505",2011,11,408,468,1.2395,39,"B",427,142,325.666666666667,6.0137151560428,408,407,390,372,390
"PLAYING CARDS I LOVE LONDON","23505",2011,12,81,101.25,1.25,13,"B",408,427,305.333333333333,4.40671924726425,81,117,96,165,96
"PLAYING CARDS JUBILEE UNION JACK","23504",2011,11,524,655,1.25,69,"B",706,329,519.666666666667,6.26339826259162,524,568,623,590,623
"PLAYING CARDS JUBILEE UNION JACK","23504",2011,12,102,127.5,1.25,20,"B",524,706,444,4.63472898822964,102,248,179,285,179
"PLAYING CARDS KEEP CALM & CARRY ON","23503",2011,11,1060,1325,1.25,113,"A",1400,757,1072.33333333333,6.96696713861398,1060,1096,1030,1128,1030
"PLAYING CARDS KEEP CALM & CARRY ON","23503",2011,12,215,268.75,1.25,33,"A",1060,1400,891.666666666667,5.37527840768417,215,610,397,616,397
"PLAYING CARDS VINTAGE DOILY","23502",2011,11,225,281.25,1.25,34,"B",331,86,214,5.42053499927229,225,247,219,244,219
"PLAYING CARDS VINTAGE DOILY","23502",2011,12,35,43.75,1.25,7,"B",225,331,197,3.58351893845611,35,68,47,64,47
"PLEASE ONE PERSON METAL SIGN","21181",2011,10,1948,3955.54,2.07456310679612,99,"A",2512,1,1487,7.57507169950756,1948,1040,544,1173,544
"PLEASE ONE PERSON METAL SIGN","21181",2011,11,937,2048.82,2.079375,32,"A",1948,2512,1799,6.84374994900622,937,1244,987,1582,987
"PLEASE ONE PERSON METAL SIGN","21181",2011,12,677,1373.7,2.07916666666667,47,"A",937,1948,1187.33333333333,6.5191472879404,677,943,827,946,827
"POCKET BAG BLUE PAISLEY RED SPOT","22279",2011,10,18,22.5,1.25,3,"C",7,48,24.3333333333333,2.94443897916644,18,15,15,17,15
"POCKET BAG BLUE PAISLEY RED SPOT","22279",2011,11,112,141.21,1.33642857142857,13,"C",18,7,45.6666666666667,4.72738781871234,112,100,123,119,123
"POCKET BAG BLUE PAISLEY RED SPOT","22279",2011,12,14,17.5,1.25,3,"C",112,18,48,2.70805020110221,14,22,13,20,13
"POCKET BAG PINK PAISELY BROWN SPOT","22280",2011,10,7,9.96,1.65333333333333,3,"C",9,3,6.33333333333333,2.07944154167984,7,7,7,8,7
"POCKET BAG PINK PAISELY BROWN SPOT","22280",2011,11,39,51.17,1.492,9,"C",7,9,18.3333333333333,3.68887945411394,39,37,40,57,40
"POCKET BAG PINK PAISELY BROWN SPOT","22280",2011,12,1,1.25,1.25,1,"C",39,7,15.6666666666667,0.693147180559945,1,5,3,5,3
"POCKET MIRROR WOODLAND","21226",2011,11,6,7.5,1.25,2,"C",1,1,2.66666666666667,1.94591014905531,6,5,6,5,6
"POLKA DOT RAFFIA FOOD COVER","21469",2011,10,7,26.25,3.75,2,"B",10,8,8.33333333333333,2.07944154167984,7,5,6,5,6
"POLKA DOT RAFFIA FOOD COVER","21469",2011,11,3,11.25,3.75,3,"B",7,10,6.66666666666667,1.38629436111989,3,6,5,6,5
"POLKA DOT RAFFIA FOOD COVER","21469",2011,12,7,26.25,3.75,2,"B",3,7,5.66666666666667,2.07944154167984,7,6,7,5,7
"POLKADOT RAIN HAT","21786",2011,10,61,27.67,0.602222222222222,9,"C",244,58,121,4.12713438504509,61,94,71,69,71
"POLKADOT RAIN HAT","21786",2011,11,123,54.94,0.5225,12,"C",61,244,142.666666666667,4.82028156560504,123,129,133,139,133
"POLKADOT RAIN HAT","21786",2011,12,56,24.34,0.502,5,"C",123,61,80,4.04305126783455,56,58,57,65,57
"POLYESTER FILLER PAD 30CMx30CM","46000U",2011,10,28,35,1.25,8,"C",15,3,15.3333333333333,3.36729582998647,28,29,28,40,28
"POLYESTER FILLER PAD 30CMx30CM","46000U",2011,12,10,12.5,1.25,1,"C",28,15,17.6666666666667,2.39789527279837,10,9,7,6,7
"POLYESTER FILLER PAD 40x40cm","46000S",2011,10,185,268.25,1.45,29,"B",287,73,181.666666666667,5.2257466737132,185,210,200,211,200
"POLYESTER FILLER PAD 40x40cm","46000S",2011,11,218,316.1,1.45,42,"B",185,287,230,5.3890717298165,218,256,236,284,236
"POLYESTER FILLER PAD 40x40cm","46000S",2011,12,35,50.75,1.45,8,"B",218,185,146,3.58351893845611,35,67,52,68,52
"POLYESTER FILLER PAD 45x30cm","46000R",2011,10,17,24.65,1.45,7,"C",10,10,12.3333333333333,2.89037175789616,17,19,17,25,17
"POLYESTER FILLER PAD 45x30cm","46000R",2011,11,18,26.1,1.45,7,"C",17,10,15,2.94443897916644,18,21,18,26,18
"POLYESTER FILLER PAD 45x30cm","46000R",2011,12,2,2.9,1.45,1,"C",18,17,12.3333333333333,1.09861228866811,2,5,4,4,4
"POLYESTER FILLER PAD 45x45cm","46000M",2011,10,189,292.95,1.55,29,"B",134,10,111,5.24702407216049,189,174,183,210,183
"POLYESTER FILLER PAD 45x45cm","46000M",2011,11,138,213.9,1.55,18,"B",189,134,153.666666666667,4.93447393313069,138,149,140,158,140
"POLYESTER FILLER PAD 45x45cm","46000M",2011,12,26,40.3,1.55,5,"B",138,189,117.666666666667,3.29583686600433,26,47,31,46,31
"POMPOM CURTAIN","84356",2011,10,4,27.8,6.95,2,"B",12,21,12.3333333333333,1.6094379124341,4,6,4,6,4
"POMPOM CURTAIN","84356",2011,11,36,226.2,6.75,5,"B",4,12,17.3333333333333,3.61091791264422,36,31,34,25,34
"POMPOM CURTAIN","84356",2011,12,20,39,1.95,5,"B",36,4,20,3.04452243772342,20,20,21,22,21
"POPART RECT PENCIL SHARPENER ASST","16054",2011,10,254,30.48,0.12,7,"C",110,74,146,5.54126354515843,254,218,208,201,208
"POPART RECT PENCIL SHARPENER ASST","16054",2011,11,330,39.6,0.12,9,"C",254,110,231.333333333333,5.80211837537706,330,293,312,264,312
"POPART RECT PENCIL SHARPENER ASST","16054",2011,12,36,4.32,0.12,1,"C",330,254,206.666666666667,3.61091791264422,36,64,61,51,61
"POPART WOODEN PENCILS ASST","16045",2011,10,1700,68,0.04,16,"C",1400,1000,1366.66666666667,7.43897159239586,1700,1159,1515,1403,1515
"POPART WOODEN PENCILS ASST","16045",2011,11,1000,40,0.04,8,"C",1700,1400,1366.66666666667,6.90875477931522,1000,786,982,805,982
"POPART WOODEN PENCILS ASST","16045",2011,12,200,8,0.04,2,"C",1000,1700,966.666666666667,5.30330490805908,200,224,230,165,230
"POPCORN HOLDER","22197",2011,10,5640,4257.36,0.861818181818182,115,"A",3624,5186,4816.66666666667,8.63781663373998,5640,3540,3155,2668,3155
"POPCORN HOLDER","22197",2011,11,8450,6469.58,0.842571428571429,201,"A",5640,3624,5904.66666666667,9.04204005654448,8450.00000000001,3868,3596,2968,3596
"POPCORN HOLDER","22197",2011,12,5362,3992.2,0.84,48,"A",8450,5640,6484,8.58727879898293,5362,3140,2690,2389,2690
"POPPY FIELDS CHOPPING BOARD","23117",2011,11,39,193.05,4.95,17,"C",41,2,27.3333333333333,3.68887945411394,39,41,39,41,39
"POPPY FIELDS CHOPPING BOARD","23117",2011,12,3,14.85,4.95,3,"C",39,41,27.6666666666667,1.38629436111989,3,10,6,10,6
"POPPY'S PLAYHOUSE BATHROOM","22747",2011,10,104,218.4,2.1,20,"B",53,41,66,4.65396035015752,104,104,101,104,101
"POPPY'S PLAYHOUSE BATHROOM","22747",2011,11,58,121.8,2.1,19,"B",104,53,71.6666666666667,4.07753744390572,58,78,68,79,68
"POPPY'S PLAYHOUSE BATHROOM","22747",2011,12,15,31.5,2.1,4,"B",58,104,59,2.77258872223978,15,27,21,23,21
"POPPY'S PLAYHOUSE BEDROOM","22745",2011,10,204,432.46,2.15342105263158,38,"A",115,176,165,5.32300997913841,204,216,197,241,197
"POPPY'S PLAYHOUSE BEDROOM","22745",2011,11,162,346.29,2.20410256410256,38,"A",204,115,160.333333333333,5.09375020080676,162,186,157,189,157
"POPPY'S PLAYHOUSE BEDROOM","22745",2011,12,25,52.5,2.1,7,"A",162,204,130.333333333333,3.25809653802148,25,52,32,43,32
"POPPY'S PLAYHOUSE KITCHEN","22748",2011,10,220,468.09,2.20410256410256,39,"A",126,116,154,5.39816270151775,220,233,251,245,251
"POPPY'S PLAYHOUSE KITCHEN","22748",2011,11,193,407.33,2.14511111111111,44,"A",220,126,179.666666666667,5.26785815906333,193,206,189,227,189
"POPPY'S PLAYHOUSE KITCHEN","22748",2011,12,27,56.7,2.1,9,"A",193,220,146.666666666667,3.3322045101752,27,58,47,67,47
"POPPY'S PLAYHOUSE LIVINGROOM","22746",2011,10,151,321.16,2.245,28,"A",70,94,105,5.02388052084628,151,145,148,164,148
"POPPY'S PLAYHOUSE LIVINGROOM","22746",2011,11,113,241.36,2.25037037037037,27,"A",151,70,111.333333333333,4.7361984483945,113,128,123,142,123
"POPPY'S PLAYHOUSE LIVINGROOM","22746",2011,12,22,46.2,2.1,6,"A",113,151,95.3333333333333,3.13549421592915,22,35,31,41,31
"PORCELAIN BUDAH INCENSE HOLDER","17038",2011,10,200,20,0.1,2,"C",200,30,143.333333333333,5.30330490805908,200,77,140,97,140
"PORCELAIN BUDAH INCENSE HOLDER","17038",2011,11,201,20.1,0.1,3,"C",200,200,200.333333333333,5.30826769740121,201,86,108,115,108
"PORCELAIN ROSE SMALL","21422",2011,10,456,350.16,0.828333333333333,6,"B",337,48,280.333333333333,6.12468339089421,456,264,385,291,385
"PORCELAIN ROSE SMALL","21422",2011,11,21,21.75,1.435,4,"B",456,337,271.333333333333,3.09104245335832,21,65,45,49,45
"PORCELAIN T-LIGHT HOLDERS ASSORTED","20956",2011,10,113,141.25,1.25,10,"B",183,63,119.666666666667,4.7361984483945,113,95,96,92,96
"PORCELAIN T-LIGHT HOLDERS ASSORTED","20956",2011,11,215,268.75,1.25,19,"B",113,183,170.333333333333,5.37527840768417,215,210,197,218,197
"PORCELAIN T-LIGHT HOLDERS ASSORTED","20956",2011,12,30,37.5,1.25,3,"B",215,113,119.333333333333,3.43398720448515,30,24,22,22,22
"POSTAGE","POST",2011,10,338,7993.5,23.9279661016949,118,"A",279,237,284.666666666667,5.82600010738045,338,341,373,297,373
"POSTAGE","POST",2011,11,460,10349.95,23.3638888888889,162,"A",338,279,359,6.13339804299665,460,427,458,381,458
"POSTAGE","POST",2011,12,123,2760,25.7959183673469,49,"A",460,338,307,4.82028156560504,123,223,203,199,203
"POSTE FRANCE CUSHION COVER","23394",2011,11,159,596.25,3.75,45,"B",93,124,125.333333333333,5.07517381523383,159,158,168,189,168
"POSTE FRANCE CUSHION COVER","23394",2011,12,16,60,3.75,8,"B",159,93,89.3333333333333,2.83321334405622,16,41,32,38,32
"POTTERING IN THE SHED METAL SIGN","21174",2011,10,439,906.43,2.06454545454545,33,"A",666,240,448.333333333333,6.08677472691231,439,436,392,463,392
"POTTERING IN THE SHED METAL SIGN","21174",2011,11,532,1202.56,2.116,20,"A",439,666,545.666666666667,6.27852142416584,532,444,352,395,352
"POTTERING IN THE SHED METAL SIGN","21174",2011,12,299,666.56,2.09409090909091,21,"A",532,439,423.333333333333,5.7037824746562,299,288,278,306,278
"POTTERING MUG","21876",2011,10,161,260.09,1.71,24,"A",726,64,317,5.08759633523238,161,238,163,281,163
"POTTERING MUG","21876",2011,11,179,310.11,1.89296296296296,27,"A",161,726,355.333333333333,5.19295685089021,179,297,284,200,284
"POTTERING MUG","21876",2011,12,53,95.65,1.855,8,"A",179,161,131,3.98898404656427,53,68,64,68,64
"POTTING SHED SEED ENVELOPES","21894",2011,10,22,40.81,1.65333333333333,9,"C",31,39,30.6666666666667,3.13549421592915,22,27,24,33,24
"POTTING SHED SEED ENVELOPES","21894",2011,11,49,61.25,1.25,9,"C",22,31,34,3.91202300542815,49,47,52,54,52
"POTTING SHED SEED ENVELOPES","21894",2011,12,5,6.25,1.25,3,"C",49,22,25.3333333333333,1.79175946922805,5,10,6,13,6
"POTTING SHED TEA MUG","21868",2011,10,2,6.58,3.29,1,"A",4,315,107,1.09861228866811,2,6,4,5,4
"POTTING SHED TEA MUG","21868",2011,11,126,217.74,1.896,20,"A",2,4,44,4.84418708645859,126,117,128,234,128
"POTTING SHED TEA MUG","21868",2011,12,2,6.58,3.29,1,"A",126,2,43.3333333333333,1.09861228866811,2,9,8,6,8
"POTTING SHED TWINE","21896",2011,10,2,4.2,2.1,1,"B",8,10,6.66666666666667,1.09861228866811,2,3,3,3,3
"POTTING SHED TWINE","21896",2011,11,25,52.5,2.1,12,"B",2,8,11.6666666666667,3.25809653802148,25,26,30,41,30
"PRETTY HANGING QUILTED HEARTS","23432",2011,10,264,213.84,0.822666666666667,15,"B",817,12,364.333333333333,5.57972982598622,264,274,263,353,263
"PRETTY HANGING QUILTED HEARTS","23432",2011,11,131,108.73,0.83,12,"B",264,817,404,4.88280192258637,131,249,171,210,171
"PRETTY HANGING QUILTED HEARTS","23432",2011,12,48,39.84,0.83,4,"B",131,264,147.666666666667,3.89182029811063,48,57,37,52,37
"PSYCHEDELIC TILE COASTER","84926F",2011,10,29,10.58,1.01333333333333,3,"C",31,48,36,3.40119738166216,29,27,26,32,26
"PSYCHEDELIC TILE COASTER","84926F",2011,11,59,32.3,1.158,5,"C",29,31,39.6666666666667,4.0943445622221,59,57,59,63,59
"PSYCHEDELIC TILE COASTER","84926F",2011,12,4,5.5,1.375,2,"C",59,29,30.6666666666667,1.6094379124341,4,11,8,10,8
"PSYCHEDELIC TILE HOOK","84927F",2011,10,5,1.95,0.39,3,"C",55,78,46,1.79175946922805,5,25,14,26,14
"PSYCHEDELIC TILE HOOK","84927F",2011,11,100,39,0.39,8,"C",5,55,53.3333333333333,4.61512051684126,100,85,86,106,86
"PSYCHEDELIC TILE HOOK","84927F",2011,12,20,7.8,0.39,3,"C",100,5,41.6666666666667,3.04452243772342,20,30,25,32,25
"PURPLE ACRYLIC FACETED BANGLE","90210D",2011,11,10,10,1,1,"C",10,84,34.6666666666667,2.39789527279837,10,10,15,8,15
"PURPLE AMETHYST NECKLACE W TASSEL","90180B",2011,12,1,9.95,9.95,1,"C",1,1,1,0.693147180559945,1,1,1,1,1
"PURPLE BOUDICCA LARGE BRACELET","90160A",2011,10,1,6.95,6.95,1,"C",9,2,4,0.693147180559945,1,2,1,2,1
"PURPLE DRAWERKNOB ACRYLIC EDWARDIAN","22775",2011,10,137,177.3,1.33066666666667,14,"A",148,203,162.666666666667,4.92725368515721,137,140,145,149,145
"PURPLE DRAWERKNOB ACRYLIC EDWARDIAN","22775",2011,11,324,405,1.25,17,"A",137,148,203,5.78382518232974,324,284,345,237,345
"PURPLE DRAWERKNOB ACRYLIC EDWARDIAN","22775",2011,12,72,90,1.25,4,"A",324,137,177.666666666667,4.29045944114839,72,64,64,44,64
"PURPLE ENAMEL FLOWER RING","90201A",2011,10,2,5.9,2.95,2,"C",25,9,12,1.09861228866811,2,5,4,6,4
"PURPLE ENAMEL+GLASS HAIR COMB","90209A",2011,11,40,84,2.1,1,"C",6,38,28,3.71357206670431,40,9,25,10,25
"PURPLE GEMSTONE BRACELET","90195A",2011,10,1,2.95,2.95,1,"C",1,7,3,0.693147180559945,1,2,1,2,1
"PURPLE GEMSTONE BRACELET","90195A",2011,11,1,2.95,2.95,1,"C",1,1,1,0.693147180559945,1,1,1,1,1
"PURPLE GEMSTONE BRACELET","90195A",2011,12,6,17.7,2.95,1,"C",1,1,2.66666666666667,1.94591014905531,6,4,6,2,6
"PURPLE GEMSTONE NECKLACE 45CM","90196A",2011,11,2,25.5,12.75,2,"C",1,5,2.66666666666667,1.09861228866811,2,3,2,3,2
"PURPLE PAPER PARASOL","15044C",2011,10,5,14.75,2.95,3,"B",29,13,15.6666666666667,1.79175946922805,5,9,7,9,7
"PURPLE PAPER PARASOL","15044C",2011,11,16,47.2,2.95,6,"B",5,29,16.6666666666667,2.83321334405622,16,18,20,17,20
"PURPLE PAPER PARASOL","15044C",2011,12,2,5.9,2.95,2,"B",16,5,7.66666666666667,1.09861228866811,2,4,3,5,3
"PURPLE SWEETHEART BRACELET","90200A",2011,10,2,8.5,4.25,2,"C",1,5,2.66666666666667,1.09861228866811,2,3,2,3,2
"PURPLE SWEETHEART BRACELET","90200A",2011,11,1,4.25,4.25,1,"C",2,1,1.33333333333333,0.693147180559945,1,1,1,2,1
"PURPLE SWEETHEART BRACELET","90200A",2011,12,15,63.75,4.25,2,"C",1,2,6,2.77258872223978,15,12,16,11,16
"PURPLE/COPPER HANGING LAMPSHADE","44092C",2011,10,2,1.7,0.85,2,"C",6,3,3.66666666666667,1.09861228866811,2,3,3,4,3
"QUEEN OF SKIES LUGGAGE TAG","20655",2011,10,1,2.46,2.46,1,"C",9,5,5,0.693147180559945,1,2,1,2,1
"QUEEN OF SKIES LUGGAGE TAG","20655",2011,11,4,5,1.25,3,"C",1,9,4.66666666666667,1.6094379124341,4,5,5,6,5
"QUEEN OF SKIES LUGGAGE TAG","20655",2011,12,1,1.25,1.25,1,"C",4,1,2,0.693147180559945,1,1,1,2,1
"QUEEN OF THE SKIES HOLIDAY PURSE","20663",2011,10,1,5.79,5.79,1,"C",1,1,1,0.693147180559945,1,1,1,1,1
"QUEEN OF THE SKIES PASSPORT COVER","20618",2011,10,4,8.4,2.1,1,"C",2,6,4,1.6094379124341,4,3,3,3,3
"QUEEN OF THE SKIES PASSPORT COVER","20618",2011,11,10,21,2.1,5,"C",4,2,5.33333333333333,2.39789527279837,10,11,11,14,11
"QUEEN OF THE SKIES PASSPORT COVER","20618",2011,12,1,2.1,2.1,1,"C",10,4,5,0.693147180559945,1,2,1,2,1
"QUEENS GUARD COFFEE MUG","22971",2011,10,58,145.2,2.51785714285714,14,"A",190,139,129,4.07753744390572,58,88,72,103,72
"QUEENS GUARD COFFEE MUG","22971",2011,11,227,562.65,2.53714285714286,33,"A",58,190,158.333333333333,5.42934562895444,227,225,234,279,234
"QUEENS GUARD COFFEE MUG","22971",2011,12,34,91.52,2.95166666666667,6,"A",227,58,106.333333333333,3.55534806148941,34,50,34,35,34
"RABBIT  DESIGN  COTTON TOTE BAG","21580",2011,10,14,31.5,2.25,3,"C",3,4,7,2.70805020110221,14,12,14,13,14
"RABBIT  DESIGN  COTTON TOTE BAG","21580",2011,11,12,27,2.25,1,"C",14,3,9.66666666666667,2.56494935746154,12,7,9,5,9
"RABBIT NIGHT LIGHT","23084",2011,10,6249,11955.35,2.03474576271186,58,"A",102,1813,2721.33333333333,8.74033674273045,6249,1397,2526,3071,2526
"RABBIT NIGHT LIGHT","23084",2011,11,12352,23190.41,2.01601769911504,437,"A",6249,102,6234.33333333333,9.42165422753681,12352,1965,2218,3527,2218
"RABBIT NIGHT LIGHT","23084",2011,12,3684,6875.2,1.9901724137931,111,"A",12352,6249,7428.33333333333,8.21202580462344,3684,3109,3395,2659,3395
"RAIN PONCHO RETROSPOT","21787",2011,10,913,771.13,0.914444444444444,18,"A",2444,725,1360.66666666667,6.81783057145415,913,915,758,560,758
"RAIN PONCHO RETROSPOT","21787",2011,11,1624,1328.26,0.895333333333333,29,"A",913,2444,1660.33333333333,7.39326309476384,1624,1288,2096,936,2096
"RAIN PONCHO RETROSPOT","21787",2011,12,1236,811.38,0.966,5,"A",1624,913,1257.66666666667,7.12044437239249,1236,378,547,326,547
"RAINBOW PEGS PHOTO CLIP STRING","47471",2011,10,3,2.76,0.92,3,"C",4,8,5,1.38629436111989,3,6,4,7,4
"RAINBOW PEGS PHOTO CLIP STRING","47471",2011,11,32,21.61,0.785,6,"C",3,4,13,3.49650756146648,32,30,32,41,32
"RAINBOW PEGS PHOTO CLIP STRING","47471",2011,12,2,1.3,0.65,1,"C",32,3,12.3333333333333,1.09861228866811,2,5,4,4,4
"RAINY LADIES BIRTHDAY CARD","22024",2011,10,158,67.18,0.457272727272727,11,"B",229,108,165,5.06890420222023,158,149,166,156,166
"RAINY LADIES BIRTHDAY CARD","22024",2011,11,176,72.47,0.455,10,"B",158,229,187.666666666667,5.17614973257383,176,153,150,154,150
"RAINY LADIES BIRTHDAY CARD","22024",2011,12,25,10.91,0.556666666666667,3,"B",176,158,119.666666666667,3.25809653802148,25,43,28,32,28
"RASPBERRY ANT COPPER FLOWER NECKLAC","90000A",2011,10,2,11.9,5.95,1,"C",5,1,2.66666666666667,1.09861228866811,2,2,1,2,1
"RASPBERRY ANT COPPER FLOWER NECKLAC","90000A",2011,11,2,11.9,5.95,1,"C",2,5,3,1.09861228866811,2,2,2,2,2
"RASTA IN BATH W SPLIFF ASHTRAY","35443",2011,10,1,0.85,0.85,1,"C",1,1,1,0.693147180559945,1,1,1,2,1
"RASTA IN BATH W SPLIFF ASHTRAY","35443",2011,11,3,2.55,0.85,1,"C",1,1,1.66666666666667,1.38629436111989,3,2,3,2,3
"RATTLE SNAKE EGGS","16225",2011,10,113,136.21,1.39230769230769,13,"C",12,4,43,4.7361984483945,113,101,120,129,120
"RATTLE SNAKE EGGS","16225",2011,11,109,138.29,1.335,24,"C",113,12,78,4.70048036579242,109,120,109,130,109
"RATTLE SNAKE EGGS","16225",2011,12,100,51.68,0.775,12,"C",109,113,107.333333333333,4.61512051684126,100,111,115,112,115
"RECIPE BOX BLUE SKETCHBOOK DESIGN","22665",2011,10,71,205.53,3.1795652173913,23,"A",132,33,78.6666666666667,4.27666611901606,71,91,76,90,76
"RECIPE BOX BLUE SKETCHBOOK DESIGN","22665",2011,11,9,26.55,2.95,4,"A",71,132,70.6666666666667,2.30258509299405,9,26,18,21,18
"RECIPE BOX PANTRY YELLOW DESIGN","22666",2011,10,366,1097.42,3.10581395348837,84,"A",1344,398,702.666666666667,5.90536184805457,366,584,496,621,496
"RECIPE BOX PANTRY YELLOW DESIGN","22666",2011,11,1033,2853.67,3.03747663551402,105,"A",366,1344,914.333333333333,6.94119005506837,1033,963,896,813,896
"RECIPE BOX PANTRY YELLOW DESIGN","22666",2011,12,369,1002.83,3.02846153846154,25,"A",1033,366,589.333333333333,5.91350300563827,369,433,383,367,383
"RECIPE BOX RETROSPOT","22667",2011,10,243,659.25,2.90555555555556,36,"A",318,170,243.666666666667,5.4971682252932,243,264,250,269,250
"RECIPE BOX RETROSPOT","22667",2011,11,328,919.6,2.9241935483871,60,"A",243,318,296.333333333333,5.79605775076537,328,348,307,360,307
"RECIPE BOX RETROSPOT","22667",2011,12,168,457.2,2.87380952380952,21,"A",328,243,246.333333333333,5.12989871492307,168,198,202,215,202
"RECORD FRAME 7"" SINGLE SIZE","22041",2011,10,346,773.72,2.58388888888889,17,"A",346,170,287.333333333333,5.84932477994686,346,300,336,264,336
"RECORD FRAME 7"" SINGLE SIZE","22041",2011,11,609,1349.58,2.62310344827586,29,"A",346,346,433.666666666667,6.41345895716736,609,551,538,502,538
"RECORD FRAME 7"" SINGLE SIZE","22041",2011,12,37,106.4,2.95166666666667,6,"A",609,346,330.666666666667,3.63758615972639,37,133,107,62,107
"RECTANGULAR SHAPED MIRROR","84976",2011,10,37,31.73,1.415,4,"C",36,270,114.333333333333,3.63758615972639,37,32,21,23,21
"RECTANGULAR SHAPED MIRROR","84976",2011,11,12,9.48,0.79,2,"C",37,36,28.3333333333333,2.56494935746154,12,15,14,18,14
"RECTANGULAR SHAPED MIRROR","84976",2011,12,15,11.85,0.79,2,"C",12,37,21.3333333333333,2.77258872223978,15,16,15,14,15
"RECYCLED ACAPULCO MAT BLUE","23051",2011,10,12,99,8.25,5,"A",18,20,16.6666666666667,2.56494935746154,12,12,14,13,14
"RECYCLED ACAPULCO MAT BLUE","23051",2011,11,8,66,8.25,3,"A",12,18,12.6666666666667,2.19722457733622,8,8,7,8,7
"RECYCLED ACAPULCO MAT BLUE","23051",2011,12,2,16.5,8.25,1,"A",8,12,7.33333333333333,1.09861228866811,2,2,2,2,2
"RECYCLED ACAPULCO MAT GREEN","23050",2011,10,35,272.75,8.15,8,"A",20,31,28.6666666666667,3.58351893845611,35,27,29,28,29
"RECYCLED ACAPULCO MAT GREEN","23050",2011,11,8,66,8.25,4,"A",35,20,21,2.19722457733622,8,11,10,10,10
"RECYCLED ACAPULCO MAT GREEN","23050",2011,12,4,33,8.25,3,"A",8,35,15.6666666666667,1.6094379124341,4,7,5,7,5
"RECYCLED ACAPULCO MAT LAVENDER","23054",2011,10,7,57.75,8.25,3,"B",23,16,15.3333333333333,2.07944154167984,7,7,7,8,7
"RECYCLED ACAPULCO MAT LAVENDER","23054",2011,12,2,16.5,8.25,1,"B",7,23,10.6666666666667,1.09861228866811,2,2,2,3,2
"RECYCLED ACAPULCO MAT PINK","23053",2011,10,24,182,8.05,4,"A",4,16,14.6666666666667,3.2188758248682,24,17,19,13,19
"RECYCLED ACAPULCO MAT PINK","23053",2011,11,2,16.5,8.25,1,"A",24,4,10,1.09861228866811,2,3,2,3,2
"RECYCLED ACAPULCO MAT PINK","23053",2011,12,5,41.25,8.25,3,"A",2,24,10.3333333333333,1.79175946922805,5,6,5,6,5
"RECYCLED ACAPULCO MAT RED","23049",2011,10,19,156.75,8.25,9,"A",10,24,17.6666666666667,2.99573227355399,19,20,21,23,21
"RECYCLED ACAPULCO MAT RED","23049",2011,11,20,165,8.25,7,"A",19,10,16.3333333333333,3.04452243772342,20,20,16,17,16
"RECYCLED ACAPULCO MAT RED","23049",2011,12,4,33,8.25,1,"A",20,19,14.3333333333333,1.6094379124341,4,4,3,3,3
"RECYCLED ACAPULCO MAT TURQUOISE","23052",2011,10,16,132,8.25,8,"A",26,34,25.3333333333333,2.83321334405622,16,20,18,22,18
"RECYCLED ACAPULCO MAT TURQUOISE","23052",2011,11,12,99,8.25,6,"A",16,26,18,2.56494935746154,12,14,14,13,14
"RECYCLED ACAPULCO MAT TURQUOISE","23052",2011,12,4,33,8.25,2,"A",12,16,10.6666666666667,1.6094379124341,4,5,4,5,4
"RECYCLED PENCIL WITH RABBIT ERASER","16235",2011,10,193,40.53,0.21,9,"C",84,170,149,5.26785815906333,193,175,180,203,180
"RECYCLED PENCIL WITH RABBIT ERASER","16235",2011,11,189,39.69,0.21,15,"C",193,84,155.333333333333,5.24702407216049,189,206,175,233,175
"RECYCLED PENCIL WITH RABBIT ERASER","16235",2011,12,30,6.3,0.21,1,"C",189,193,137.333333333333,3.43398720448515,30,31,16,26,16
"RECYCLING BAG RETROSPOT","22379",2011,10,978,1872.07,2.36857142857143,35,"A",590,326,631.333333333333,6.88653164253051,978,783,752,647,752
"RECYCLING BAG RETROSPOT","22379",2011,11,307,662,2.22166666666667,48,"A",978,590,625,5.73009978297357,307,495,411,504,411
"RECYCLING BAG RETROSPOT","22379",2011,12,107,212.2,2.07222222222222,9,"A",307,978,464,4.68213122712422,107,182,117,113,117
"RED   ACRYLIC FACETED BANGLE","90210C",2011,12,20,20,1,2,"C",2,72,31.3333333333333,3.04452243772342,20,16,14,16,14
"RED  EGG  SPOON","21402",2011,10,67,8.64,0.162857142857143,7,"C",152,126,115,4.21950770517611,67,102,74,113,74
"RED  EGG  SPOON","21402",2011,11,202,24.24,0.12,11,"C",67,152,140.333333333333,5.31320597904179,202,183,184,239,184
"RED  HARMONICA IN BOX","21915",2011,10,3262,3774.46,1.30219047619048,103,"A",3000,1939,2733.66666666667,8.09040229659332,3262,2850,3379,2469,3379
"RED  HARMONICA IN BOX","21915",2011,11,3004,3305.94,1.31,51,"A",3262,3000,3088.66666666667,8.00803284696931,3004,2784,2707,2512,2707
"RED  HARMONICA IN BOX","21915",2011,12,1122,1189.7,1.155,2,"A",3004,3262,2462.66666666667,7.02375895473844,1122,112,49,142,49
"RED APPLES CHOPPING BOARD","23115",2011,11,59,292.05,4.95,19,"C",73,2,44.6666666666667,4.0943445622221,59,54,55,58,55
"RED APPLES CHOPPING BOARD","23115",2011,12,10,49.5,4.95,3,"C",59,73,47.3333333333333,2.39789527279837,10,14,8,12,8
"RED BABY BUNTING","22669",2011,10,114,316.3,2.92142857142857,14,"A",127,43,94.6666666666667,4.74493212836325,114,101,122,98,122
"RED BABY BUNTING","22669",2011,11,79,233.05,2.95,17,"A",114,127,106.666666666667,4.38202663467388,79,91,89,101,89
"RED BABY BUNTING","22669",2011,12,30,88.5,2.95,4,"A",79,114,74.3333333333333,3.43398720448515,30,30,28,24,28
"RED BOUDICCA LARGE BRACELET","90160B",2011,11,1,6.95,6.95,1,"C",9,2,4,0.693147180559945,1,2,1,2,1
"RED CHARLIE+LOLA PERSONAL DOORSIGN","85071B",2011,10,148,57.72,0.39,19,"C",186,116,150,5.00394630594546,148,183,132,191,132
"RED CHARLIE+LOLA PERSONAL DOORSIGN","85071B",2011,11,178,69.42,0.39,29,"C",148,186,170.666666666667,5.18738580584075,178,218,189,256,189
"RED CHARLIE+LOLA PERSONAL DOORSIGN","85071B",2011,12,42,16.38,0.39,6,"C",178,148,122.666666666667,3.76120011569356,42,67,47,78,47
"RED COAT RACK PARIS FASHION","22913",2011,10,9,44.55,4.95,5,"B",9,20,12.6666666666667,2.30258509299405,9,12,10,12,10
"RED COAT RACK PARIS FASHION","22913",2011,11,8,39.6,4.95,7,"B",9,9,8.66666666666667,2.19722457733622,8,11,8,11,8
"RED COAT RACK PARIS FASHION","22913",2011,12,3,14.85,4.95,1,"B",8,9,6.66666666666667,1.38629436111989,3,3,3,3,3
"RED DAISY PAPER LAMPSHADE","40046A",2011,10,12,15,1.25,1,"C",6,3,7,2.56494935746154,12,9,12,7,12
"RED DAISY POCKET BOOK","20757",2011,10,10,9.28,1.045,4,"C",3,6,6.33333333333333,2.39789527279837,10,10,9,18,9
"RED DAISY POCKET BOOK","20757",2011,11,60,51,0.85,8,"C",10,3,24.3333333333333,4.11087386417331,60,52,63,76,63
"RED DINER WALL CLOCK","22193",2011,10,168,1364.73,8.58622222222222,45,"A",316,79,187.666666666667,5.12989871492307,168,184,179,171,179
"RED DINER WALL CLOCK","22193",2011,11,111,921.03,8.674375,32,"A",168,316,198.333333333333,4.71849887129509,111,135,111,150,111
"RED DINER WALL CLOCK","22193",2011,12,54,446.73,9.228,10,"A",111,168,111,4.00733318523247,54,52,42,46,42
"RED DRAGONFLY HELICOPTER","85135C",2011,10,10,79.5,7.95,5,"C",13,2,8.33333333333333,2.39789527279837,10,10,10,8,10
"RED DRAGONFLY HELICOPTER","85135C",2011,11,3,23.85,7.95,2,"C",10,13,8.66666666666667,1.38629436111989,3,4,3,3,3
"RED DRAGONFLY HELICOPTER","85135C",2011,12,12,95.4,7.95,8,"C",3,10,8.33333333333333,2.56494935746154,12,13,11,13,11
"RED DRAWER KNOB ACRYLIC EDWARDIAN","22774",2011,10,120,150,1.25,10,"B",120,52,97.3333333333333,4.79579054559674,120,107,108,89,108
"RED DRAWER KNOB ACRYLIC EDWARDIAN","22774",2011,11,175,218.75,1.25,12,"B",120,120,138.333333333333,5.17048399503815,175,155,153,129,153
"RED DRAWER KNOB ACRYLIC EDWARDIAN","22774",2011,12,12,15,1.25,1,"B",175,120,102.333333333333,2.56494935746154,12,7,6,6,6
"RED ENAMEL FLOWER RING","90201C",2011,10,7,20.65,2.95,2,"C",19,15,13.6666666666667,2.07944154167984,7,7,6,6,6
"RED ENCHANTED FOREST PLACEMAT","85114C",2011,10,23,37.95,1.65,5,"B",133,9,55,3.17805383034795,23,29,24,34,24
"RED ENCHANTED FOREST PLACEMAT","85114C",2011,11,102,168.3,1.65,14,"B",23,133,86,4.63472898822964,102,99,106,101,106
"RED ENCHANTED FOREST PLACEMAT","85114C",2011,12,14,23.1,1.65,5,"B",102,23,46.3333333333333,2.70805020110221,14,25,19,24,19
"RED FLOCK LOVE HEART PHOTO FRAME","20832",2011,10,70,31.26,0.456,5,"C",192,72,111.333333333333,4.26267987704132,70,80,88,80,88
"RED FLOCK LOVE HEART PHOTO FRAME","20832",2011,11,103,44.13,0.423,10,"C",70,192,121.666666666667,4.64439089914137,103,118,102,95,102
"RED FLOCK LOVE HEART PHOTO FRAME","20832",2011,12,72,51.84,0.72,1,"C",103,70,81.6666666666667,4.29045944114839,72,16,26,24,26
"RED FLORAL FELTCRAFT SHOULDER BAG","20969",2011,10,679,2377.38,3.85958333333333,48,"A",148,364,397,6.52209279817015,679,573,726,538,726
"RED FLORAL FELTCRAFT SHOULDER BAG","20969",2011,11,199,753.06,3.90347826086957,46,"A",679,148,342,5.29831736654804,199,284,215,304,215
"RED FLORAL FELTCRAFT SHOULDER BAG","20969",2011,12,43,168.67,4.05916666666667,12,"A",199,679,307,3.78418963391826,43,137,114,102,114
"RED FLOWER CROCHET FOOD COVER","21466",2011,10,7,26.25,3.75,4,"B",10,16,11,2.07944154167984,7,10,9,10,9
"RED FLOWER CROCHET FOOD COVER","21466",2011,11,28,107.62,4.30166666666667,12,"B",7,10,15,3.36729582998647,28,28,28,37,28
"RED FLOWER CROCHET FOOD COVER","21466",2011,12,8,33.71,4.98666666666667,3,"B",28,7,14.3333333333333,2.19722457733622,8,8,7,8,7
"RED GINGHAM ROSE JEWELLERY BOX","21429",2011,10,175,326.85,1.94,29,"A",211,185,190.333333333333,5.17048399503815,175,191,186,200,186
"RED GINGHAM ROSE JEWELLERY BOX","21429",2011,11,302,588.9,1.95,58,"A",175,211,229.333333333333,5.71373280550937,302,325,299,366,299
"RED GINGHAM ROSE JEWELLERY BOX","21429",2011,12,91,163.05,1.92,9,"A",302,175,189.333333333333,4.52178857704904,91,99,91,97,91
"RED GINGHAM TEDDY BEAR","22483",2011,10,96,266.84,3.11266666666667,15,"B",18,31,48.3333333333333,4.57471097850338,96,86,111,105,111
"RED GINGHAM TEDDY BEAR","22483",2011,11,96,283.2,2.95,22,"B",96,18,70,4.57471097850338,96,96,97,92,97
"RED GINGHAM TEDDY BEAR","22483",2011,12,61,160.75,2.87,5,"B",96,96,84.3333333333333,4.12713438504509,61,52,52,50,52
"RED GLASS TASSLE BAG CHARM","90129F",2011,10,2,5.9,2.95,1,"C",3,1,2,1.09861228866811,2,2,2,2,2
"RED GLASS TASSLE BAG CHARM","90129F",2011,11,9,26.55,2.95,1,"C",2,3,4.66666666666667,2.30258509299405,9,7,9,4,9
"RED GLASS TASSLE BAG CHARM","90129F",2011,12,1,2.95,2.95,1,"C",9,2,4,0.693147180559945,1,2,2,2,2
"RED HANGING HEART T-LIGHT HOLDER","21733",2011,10,473,1324.23,3.0075,64,"A",620,189,427.333333333333,6.16120732169508,473,466,455,428,455
"RED HANGING HEART T-LIGHT HOLDER","21733",2011,11,1529,4440.31,2.97165289256198,120,"A",473,620,874,7.33302301438648,1529,1352,1359,949,1359
"RED HANGING HEART T-LIGHT HOLDER","21733",2011,12,266,739.18,2.98757575757576,31,"A",1529,473,756,5.58724865840025,266,519,455,487,455
"RED HEART LUGGAGE TAG","20669",2011,10,11,13.75,1.25,4,"C",27,25,21,2.484906649788,11,15,13,17,13
"RED HEART LUGGAGE TAG","20669",2011,11,17,21.25,1.25,6,"C",11,27,18.3333333333333,2.89037175789616,17,19,20,21,20
"RED HEART SHAPE LOVE BUCKET","21563",2011,10,4,11.8,2.95,2,"A",56,10,23.3333333333333,1.6094379124341,4,9,7,7,7
"RED HEART SHAPE LOVE BUCKET","21563",2011,11,125,347.59,3.12428571428571,14,"A",4,56,61.6666666666667,4.83628190695148,125,98,120,102,120
"RED HEART SHAPE LOVE BUCKET","21563",2011,12,613,486.43,0.934,15,"A",125,4,247.333333333333,6.41999492814714,613,493,733,610,733
"RED HEARTS LIGHT CHAIN","85180A",2011,10,5,27.73,6.14333333333333,3,"B",11,2,6,1.79175946922805,5,6,6,6,6
"RED HEARTS LIGHT CHAIN","85180A",2011,11,3,13.95,4.65,1,"B",5,11,6.33333333333333,1.38629436111989,3,4,3,3,3
"RED HEARTS LIGHT CHAIN","85180A",2011,12,1,9.13,9.13,1,"B",3,5,3,0.693147180559945,1,1,1,2,1
"RED KITCHEN SCALES","22625",2011,10,138,1150.53,8.63735849056604,53,"A",187,134,153,4.93447393313069,138,160,130,165,130
"RED KITCHEN SCALES","22625",2011,11,137,1123.7,8.46458333333333,48,"A",138,187,154,4.92725368515721,137,161,162,195,162
"RED KITCHEN SCALES","22625",2011,12,46,380.8,8.45,17,"A",137,138,107,3.85014760171006,46,69,56,76,56
"RED KUKUI COCONUT SEED NECKLACE","90030B",2011,10,12,12,1,1,"C",36,24,24,2.56494935746154,12,11,16,9,16
"RED KUKUI COCONUT SEED NECKLACE","90030B",2011,11,18,18,1,3,"C",12,36,22,2.94443897916644,18,19,20,23,20
"RED KUKUI COCONUT SEED NECKLACE","90030B",2011,12,12,12,1,2,"C",18,12,14,2.56494935746154,12,11,10,13,10
"RED LOVE HEART SHAPE CUP","22132",2011,10,159,122.67,0.831428571428571,7,"B",4,8,57,5.07517381523383,159,134,159,259,159
"RED LOVE HEART SHAPE CUP","22132",2011,11,141,107.37,0.839166666666667,12,"B",159,4,101.333333333333,4.95582705760126,141,130,140,136,140
"RED LOVE HEART SHAPE CUP","22132",2011,12,19,19.27,1.045,4,"B",141,159,106.333333333333,2.99573227355399,19,49,42,48,42
"RED METAL BEACH SPADE","21718",2011,10,18,22.5,1.25,3,"B",14,92,41.3333333333333,2.94443897916644,18,19,15,18,15
"RED METAL BEACH SPADE","21718",2011,11,32,42.42,1.51888888888889,9,"B",18,14,21.3333333333333,3.49650756146648,32,32,34,44,34
"RED METAL BEACH SPADE","21718",2011,12,16,20,1.25,4,"B",32,18,22,2.83321334405622,16,18,18,19,18
"RED METAL BOX TOP SECRET","23080",2011,10,87,734.51,8.69105263157895,38,"A",136,41,88,4.47733681447821,87,106,104,89,104
"RED METAL BOX TOP SECRET","23080",2011,11,269,2116.63,8.37510204081633,47,"A",87,136,164,5.59842195899838,269,230,264,250,264
"RED METAL BOX TOP SECRET","23080",2011,12,259,2005.89,8.47416666666667,24,"A",269,87,205,5.56068163101553,259,216,201,159,201
"RED PAPER PARASOL","15044D",2011,10,78,201.3,2.81666666666667,3,"B",100,19,65.6666666666667,4.36944785246702,78,36,53,32,53
"RED PAPER PARASOL","15044D",2011,11,24,73.64,3.305,8,"B",78,100,67.3333333333333,3.2188758248682,24,38,34,39,34
"RED PAPER PARASOL","15044D",2011,12,2,5.9,2.95,1,"B",24,78,34.6666666666667,1.09861228866811,2,4,4,4,4
"RED PEONY CUSHION COVER","84984B",2011,11,6,27.9,4.65,1,"C",5,2,4.33333333333333,1.94591014905531,6,5,5,3,5
"RED PEONY TABLE CLOCK","84706F",2011,10,4,11.8,2.95,2,"C",6,2,4,1.6094379124341,4,4,4,4,4
"RED PEONY TABLE CLOCK","84706F",2011,11,4,11.8,2.95,3,"C",4,6,4.66666666666667,1.6094379124341,4,5,5,6,5
"RED POLKADOT BEAKER","21394",2011,10,15,5.85,0.39,3,"B",439,587,347,2.77258872223978,15,83,53,75,53
"RED POLKADOT BEAKER","21394",2011,11,28,10.92,0.39,4,"B",15,439,160.666666666667,3.36729582998647,28,90,87,68,87
"RED PUDDING SPOON","21400",2011,10,105,14.1,0.186666666666667,9,"C",111,108,108,4.66343909411207,105,131,117,136,117
"RED PUDDING SPOON","21400",2011,11,87,12.24,0.195,4,"C",105,111,101,4.47733681447821,87,93,84,101,84
"RED PUDDING SPOON","21400",2011,12,5,0.6,0.12,1,"C",87,105,65.6666666666667,1.79175946922805,5,26,12,23,12
"RED REFECTORY CLOCK","23316",2011,10,43,406.25,9.8375,16,"B",47,49,46.3333333333333,3.78418963391826,43,46,43,45,43
"RED REFECTORY CLOCK","23316",2011,11,42,417.9,9.95,21,"B",43,47,44,3.76120011569356,42,47,44,52,44
"RED REFECTORY CLOCK","23316",2011,12,10,99.5,9.95,7,"B",42,43,31.6666666666667,2.39789527279837,10,15,13,19,13
"RED RETROSPOT APRON","21042",2011,10,6,35.7,5.95,2,"B",11,12,9.66666666666667,1.94591014905531,6,6,6,5,6
"RED RETROSPOT APRON","21042",2011,11,19,113.05,5.95,8,"B",6,11,12,2.99573227355399,19,18,20,23,20
"RED RETROSPOT APRON","21042",2011,12,3,17.85,5.95,2,"B",19,6,9.33333333333333,1.38629436111989,3,6,4,4,4
"RED RETROSPOT BOWL","20676",2011,10,189,223.78,1.30666666666667,18,"A",201,432,274,5.24702407216049,189,212,209,227,209
"RED RETROSPOT BOWL","20676",2011,11,427,492.71,1.23272727272727,33,"A",189,201,272.333333333333,6.0591231955818,427,399,408,382,408
"RED RETROSPOT BOWL","20676",2011,12,89,112.46,1.371,10,"A",427,189,235,4.49980967033027,89,114,95,111,95
"RED RETROSPOT BUTTER DISH","21539",2011,10,88,423,4.90333333333333,15,"A",131,128,115.666666666667,4.48863636973214,88,89,78,92,78
"RED RETROSPOT BUTTER DISH","21539",2011,11,1,4.95,4.95,1,"A",88,131,73.3333333333333,0.693147180559945,1,5,3,5,3
"RED RETROSPOT CAKE STAND","21843",2011,10,91,972.45,10.9115384615385,26,"A",62,123,92,4.52178857704904,91,97,94,95,94
"RED RETROSPOT CAKE STAND","21843",2011,11,411,2962.65,10.4932432432432,36,"A",91,62,188,6.02102334934953,411,320,421,319,421
"RED RETROSPOT CAKE STAND","21843",2011,12,68,720.6,10.8911764705882,17,"A",411,91,190,4.23410650459726,68,117,90,100,90
"RED RETROSPOT CHARLOTTE BAG","20724",2011,10,1135,918.99,0.872159090909091,87,"A",1478,1488,1367,7.0352685992811,1135,1191,1494,1230,1494
"RED RETROSPOT CHARLOTTE BAG","20724",2011,11,1346,1081.44,0.861182795698925,92,"A",1135,1478,1319.66666666667,7.20563517641036,1346,1234,1269,1263,1269
"RED RETROSPOT CHARLOTTE BAG","20724",2011,12,380,297.78,0.8825,20,"A",1346,1135,953.666666666667,5.9427993751267,380,682,560,611,560
"RED RETROSPOT CHILDRENS UMBRELLA","20682",2011,10,133,435.63,3.39695652173913,23,"A",176,111,140,4.89783979995091,133,144,150,151,150
"RED RETROSPOT CHILDRENS UMBRELLA","20682",2011,11,117,397.15,3.49142857142857,27,"A",133,176,142,4.77068462446567,117,131,126,139,126
"RED RETROSPOT CHILDRENS UMBRELLA","20682",2011,12,93,275.63,3.66142857142857,7,"A",117,133,114.333333333333,4.54329478227,93,66,76,59,76
"RED RETROSPOT CUP","21238",2011,10,123,106.11,0.895882352941176,17,"A",113,327,187.666666666667,4.82028156560504,123,159,135,154,135
"RED RETROSPOT CUP","21238",2011,11,272,217.16,0.87,25,"A",123,113,169.333333333333,5.60947179518496,272,269,275,264,275
"RED RETROSPOT CUP","21238",2011,12,45,38.25,0.85,7,"A",272,123,146.666666666667,3.8286413964891,45,70,67,82,67
"RED RETROSPOT MINI CASES","20750",2011,10,120,886.8,7.80454545454545,33,"A",142,161,141,4.79579054559674,120,136,118,134,118
"RED RETROSPOT MINI CASES","20750",2011,11,206,1468.1,7.77222222222222,45,"A",120,142,156,5.33271879326537,206,194,234,223,234
"RED RETROSPOT MINI CASES","20750",2011,12,46,346.5,7.82692307692308,13,"A",206,120,124,3.85014760171006,46,67,49,54,49
"RED RETROSPOT MUG","21844",2011,10,331,861.25,2.86111111111111,8,"A",69,119,173,5.80513496891649,331,250,319,196,319
"RED RETROSPOT MUG","21844",2011,11,110,319.7,2.92142857142857,14,"A",331,69,170,4.70953020131233,110,120,122,135,122
"RED RETROSPOT MUG","21844",2011,12,2,5.9,2.95,1,"A",110,331,147.666666666667,1.09861228866811,2,9,3,4,3
"RED RETROSPOT OVEN GLOVE","21154",2011,10,336,390.47,1.45217391304348,22,"A",174,132,214,5.82008293035236,336,319,365,269,365
"RED RETROSPOT OVEN GLOVE","21154",2011,11,301,391.98,1.34490196078431,51,"A",336,174,270.333333333333,5.71042701737487,301,323,304,324,304
"RED RETROSPOT OVEN GLOVE","21154",2011,12,82,109.76,1.34307692307692,13,"A",301,336,239.666666666667,4.4188406077966,82,141,109,140,109
"RED RETROSPOT OVEN GLOVE DOUBLE","21041",2011,10,14,41.3,2.95,9,"B",22,20,18.6666666666667,2.70805020110221,14,22,19,27,19
"RED RETROSPOT OVEN GLOVE DOUBLE","21041",2011,11,14,41.3,2.95,8,"B",14,22,16.6666666666667,2.70805020110221,14,21,15,22,15
"RED RETROSPOT PEG BAG","21155",2011,10,137,351.76,2.63925925925926,27,"A",143,144,141.333333333333,4.92725368515721,137,146,138,166,138
"RED RETROSPOT PEG BAG","21155",2011,11,184,451.52,2.665,36,"A",137,143,154.666666666667,5.22035582507833,184,204,214,238,214
"RED RETROSPOT PEG BAG","21155",2011,12,25,66.16,2.89428571428571,6,"A",184,137,115.333333333333,3.25809653802148,25,41,38,44,38
"RED RETROSPOT PICNIC BAG","21936",2011,10,87,245.17,3.15333333333333,12,"A",105,289,160.333333333333,4.47733681447821,87,100,95,97,95
"RED RETROSPOT PICNIC BAG","21936",2011,11,35,108.93,3.42333333333333,12,"A",87,105,75.6666666666667,3.58351893845611,35,55,49,53,49
"RED RETROSPOT PICNIC BAG","21936",2011,12,34,111.66,3.42333333333333,6,"A",35,87,52,3.55534806148941,34,29,32,30,32
"RED RETROSPOT PLATE","21242",2011,10,303,465.99,1.65571428571429,14,"A",132,228,221,5.71702770140622,303,276,276,238,276
"RED RETROSPOT PLATE","21242",2011,11,175,272.71,1.67285714285714,14,"A",303,132,203.333333333333,5.17048399503815,175,182,153,152,153
"RED RETROSPOT PLATE","21242",2011,12,134,203.42,1.65571428571429,7,"A",175,303,204,4.90527477843843,134,101,78,81,78
"RED RETROSPOT PUDDING BOWL","21537",2011,10,12,51,4.25,3,"B",4,6,7.33333333333333,2.56494935746154,12,10,12,10,12
"RED RETROSPOT PUDDING BOWL","21537",2011,11,50,212.5,4.25,9,"B",12,4,22,3.93182563272433,50,40,51,50,51
"RED RETROSPOT PUDDING BOWL","21537",2011,12,12,51,4.25,2,"B",50,12,24.6666666666667,2.56494935746154,12,10,9,9,9
"RED RETROSPOT PURSE","20665",2011,10,17,50.15,2.95,3,"B",31,29,25.6666666666667,2.89037175789616,17,16,14,15,14
"RED RETROSPOT ROUND CAKE TINS","21217",2011,10,30,298.5,9.95,14,"A",44,70,48,3.43398720448515,30,37,38,39,38
"RED RETROSPOT ROUND CAKE TINS","21217",2011,11,101,968.95,9.85625,32,"A",30,44,58.3333333333333,4.62497281328427,101,91,117,101,117
"RED RETROSPOT ROUND CAKE TINS","21217",2011,12,31,284.45,9.78333333333333,6,"A",101,30,54,3.46573590279973,31,22,25,23,25
"RED RETROSPOT SHOPPER BAG","20718",2011,10,260,329.84,1.31368421052632,37,"A",205,384,283,5.56452040732269,260,297,308,330,308
"RED RETROSPOT SHOPPER BAG","20718",2011,11,439,535.8,1.3188,49,"A",260,205,301.333333333333,6.08677472691231,439,430,425,430,425
"RED RETROSPOT SHOPPER BAG","20718",2011,12,303,340.75,1.23,18,"A",439,260,334,5.71702770140622,303,305,296,276,296
"RED RETROSPOT SHOPPING BAG","21039",2011,10,53,141.63,2.874,10,"B",22,42,39,3.98898404656427,53,51,52,57,52
"RED RETROSPOT SHOPPING BAG","21039",2011,11,36,108,3.198,10,"B",53,22,37,3.61091791264422,36,40,35,34,35
"RED RETROSPOT SHOPPING BAG","21039",2011,12,1,2.55,2.55,1,"B",36,53,30,0.693147180559945,1,4,3,4,3
"RED RETROSPOT SMALL MILK JUG","21535",2011,10,394,896.7,2.53448275862069,28,"A",119,210,241,5.97888576490112,394,371,408,349,408
"RED RETROSPOT SMALL MILK JUG","21535",2011,11,132,336.6,2.55,28,"A",394,119,215,4.89034912822175,132,195,168,192,168
"RED RETROSPOT SMALL MILK JUG","21535",2011,12,28,71.4,2.55,8,"A",132,394,184.666666666667,3.36729582998647,28,65,55,73,55
"RED RETROSPOT SUGAR JAM BOWL","21531",2011,10,278,611.7,2.49375,16,"A",63,106,149,5.63121178182137,278,243,272,231,272
"RED RETROSPOT SUGAR JAM BOWL","21531",2011,11,106,262.2,2.505,20,"A",278,63,149,4.67282883446191,106,136,125,153,125
"RED RETROSPOT SUGAR JAM BOWL","21531",2011,12,10,25.5,2.55,4,"A",106,278,131.333333333333,2.39789527279837,10,24,24,25,24
"RED RETROSPOT TAPE","21880",2011,10,159,102.43,0.613684210526316,19,"C",120,52,110.333333333333,5.07517381523383,159,161,159,165,159
"RED RETROSPOT TAPE","21880",2011,11,92,58.42,0.5925,8,"C",159,120,123.666666666667,4.53259949315326,92,95,87,87,87
"RED RETROSPOT TAPE","21880",2011,12,16,9.94,0.573333333333333,3,"C",92,159,89,2.83321334405622,16,39,29,33,29
"RED RETROSPOT TEA CUP AND SAUCER","22072",2011,10,39,146.25,3.75,8,"B",15,26,26.6666666666667,3.68887945411394,39,34,37,36,37
"RED RETROSPOT TEA CUP AND SAUCER","22072",2011,11,40,141.36,3.69857142857143,7,"B",39,15,31.3333333333333,3.71357206670431,40,35,36,31,36
"RED RETROSPOT TEA CUP AND SAUCER","22072",2011,12,205,296.25,1.52777777777778,17,"B",40,39,94.6666666666667,5.32787616878958,205,181,224,177,224
"RED RETROSPOT TISSUE BOX","22094",2011,10,162,65.25,0.484090909090909,20,"B",561,316,346.333333333333,5.09375020080676,162,266,242,291,242
"RED RETROSPOT TISSUE BOX","22094",2011,11,511,203.43,0.443076923076923,39,"B",162,561,411.333333333333,6.23832462503951,511,469,507,497,507
"RED RETROSPOT TISSUE BOX","22094",2011,12,56,21.84,0.39,8,"B",511,162,243,4.04305126783455,56,150,127,118,127
"RED RETROSPOT UMBRELLA","85014B",2011,10,406,2149.27,6.34820512820513,39,"A",169,66,213.666666666667,6.00881318544259,406,369,467,314,467
"RED RETROSPOT UMBRELLA","85014B",2011,11,153,886.41,6.4978125,32,"A",406,169,242.666666666667,5.03695260241363,153,204,192,212,192
"RED RETROSPOT UMBRELLA","85014B",2011,12,64,358.84,7.052,5,"A",153,406,207.666666666667,4.17438726989564,64,53,30,40,30
"RED RETROSPOT WASHBAG","21157",2011,10,3,6.3,2.1,1,"C",8,2,4.33333333333333,1.38629436111989,3,3,3,3,3
"RED RETROSPOT WRAP","21498",2011,10,875,367.5,0.42,30,"A",1100,625,866.666666666667,6.77536609093639,875,841,897,763,897
"RED RETROSPOT WRAP","21498",2011,11,1200,498,0.417209302325581,43,"A",875,1100,1058.33333333333,7.09090982207998,1200,1038,1100,1129,1100
"RED RETROSPOT WRAP","21498",2011,12,375,157.5,0.42,13,"A",1200,875,816.666666666667,5.92958914338989,375,517,459,542,459
"RED ROCKING HORSE HAND PAINTED","23211",2011,10,527,628.51,1.243,30,"A",272,267,355.333333333333,6.26909628370626,527,474,507,469,507
"RED ROCKING HORSE HAND PAINTED","23211",2011,11,575,688.51,1.24487804878049,39,"A",527,272,458,6.35610766069589,575,568,586,505,586
"RED ROCKING HORSE HAND PAINTED","23211",2011,12,104,130,1.25,10,"A",575,527,402,4.65396035015752,104,172,141,157,141
"RED SHARK HELICOPTER","85136C",2011,10,1,7.95,7.95,1,"C",3,2,2,0.693147180559945,1,1,1,1,1
"RED SHARK HELICOPTER","85136C",2011,11,15,119.25,7.95,13,"C",1,3,6.33333333333333,2.77258872223978,15,15,15,21,15
"RED SHARK HELICOPTER","85136C",2011,12,5,39.75,7.95,2,"C",15,1,7,1.79175946922805,5,5,5,4,5
"RED SPOT CERAMIC DRAWER KNOB","21671",2011,10,225,321.45,1.44166666666667,24,"A",349,392,322,5.42053499927229,225,255,235,287,235
"RED SPOT CERAMIC DRAWER KNOB","21671",2011,11,353,492.65,1.44090909090909,22,"A",225,349,309,5.86929691313377,353,314,318,314,318
"RED SPOT CERAMIC DRAWER KNOB","21671",2011,12,120,154.8,1.38333333333333,3,"A",353,225,232.666666666667,4.79579054559674,120,33,59,42,59
"RED SPOT GIFT BAG LARGE","23438",2011,10,784,896,1.24275862068966,29,"B",370,68,407.333333333333,6.66568371778241,784,609,738,666,738
"RED SPOT GIFT BAG LARGE","23438",2011,11,385,481.25,1.25,23,"B",784,370,513,5.95583736946483,385,389,354,397,354
"RED SPOT GIFT BAG LARGE","23438",2011,12,79,98.75,1.25,9,"B",385,784,416,4.38202663467388,79,170,129,153,129
"RED SPOT PAPER GIFT BAG","23374",2011,10,629,495.78,0.817142857142857,35,"B",895,147,557,6.44571981938558,629,580,549,589,549
"RED SPOT PAPER GIFT BAG","23374",2011,11,460,377.2,0.82,29,"B",629,895,661.333333333333,6.13339804299665,460,579,394,554,394
"RED SPOT PAPER GIFT BAG","23374",2011,12,313,236.66,0.811666666666667,12,"B",460,629,467.333333333333,5.74939298590825,313,299,246,294,246
"RED SPOTTY BISCUIT TIN","21218",2011,10,51,185.25,3.71428571428571,14,"A",92,193,112,3.95124371858143,51,77,72,73,72
"RED SPOTTY BISCUIT TIN","21218",2011,11,226,807.2,4.239375,31,"A",51,92,123,5.4249500174814,226,196,221,194,221
"RED SPOTTY BISCUIT TIN","21218",2011,12,15,56.25,3.75,5,"A",226,51,97.3333333333333,2.77258872223978,15,43,19,22,19
"RED STAR CARD HOLDER","22186",2011,10,241,493.47,2.096,39,"B",223,5,156.333333333333,5.48893772615669,241,220,250,292,250
"RED STAR CARD HOLDER","22186",2011,11,271,554.13,2.20428571428571,42,"B",241,223,245,5.605802066296,271,280,283,311,283
"RED STAR CARD HOLDER","22186",2011,12,31,67.45,2.45,4,"B",271,241,181,3.46573590279973,31,54,33,36,33
"RED STRIPE CERAMIC DRAWER KNOB","21668",2011,10,325,477.49,1.50125,31,"A",557,390,424,5.78689738136671,325,368,338,384,338
"RED STRIPE CERAMIC DRAWER KNOB","21668",2011,11,410,577.14,1.50857142857143,27,"A",325,557,430.666666666667,6.01859321449623,410,420,397,401,397
"RED STRIPE CERAMIC DRAWER KNOB","21668",2011,12,24,34.8,1.45,5,"A",410,325,253,3.2188758248682,24,96,66,70,66
"RED TOADSTOOL LED NIGHT LIGHT","21731",2011,10,865,1372.93,1.71039215686274,51,"A",1259,2253,1459,6.76388490856244,865,1105,1056,1119,1056
"RED TOADSTOOL LED NIGHT LIGHT","21731",2011,11,1686,2720.1,1.70570093457944,103,"A",865,1259,1270,7.43070708254597,1686,1484,1612,1432,1612
"RED TOADSTOOL LED NIGHT LIGHT","21731",2011,12,395,663.23,1.70655172413793,28,"A",1686,865,982,5.98141421125448,395,539,407,637,407
"RED VICTORIAN FABRIC OVAL BOX","35095B",2011,10,32,13.44,0.42,6,"C",75,36,47.6666666666667,3.49650756146648,32,41,40,49,40
"RED VICTORIAN FABRIC OVAL BOX","35095B",2011,11,75,31.5,0.42,7,"C",32,75,60.6666666666667,4.33073334028633,75,70,68,72,68
"RED VICTORIAN FABRIC OVAL BOX","35095B",2011,12,5,2.1,0.42,2,"C",75,32,37.3333333333333,1.79175946922805,5,18,11,19,11
"RED VINTAGE SPOT BEAKER","23287",2011,10,136,115.6,0.85,18,"B",209,534,293,4.91998092582813,136,184,187,200,187
"RED VINTAGE SPOT BEAKER","23287",2011,11,63,53.55,0.85,11,"B",136,209,136,4.15888308335967,63,82,83,105,83
"RED VINTAGE SPOT BEAKER","23287",2011,12,16,13.6,0.85,2,"B",63,136,71.6666666666667,2.83321334405622,16,18,16,22,16
"RED WOOLLY HOTTIE WHITE HEART.","84029E",2011,10,569,2176.25,4.34666666666667,54,"A",425,14,336,6.3456363608286,569,440,553,437,553
"RED WOOLLY HOTTIE WHITE HEART.","84029E",2011,11,1076,4042.28,4.30977272727273,87,"A",569,425,690,6.98193467715639,1076,914,1078,733,1078
"RED WOOLLY HOTTIE WHITE HEART.","84029E",2011,12,341,1254.53,4.31222222222222,27,"A",1076,569,662,5.8348107370626,341,477,383,378,383
"RED/CREAM STRIPE CUSHION COVER","21926",2011,10,4,5,1.25,1,"C",67,14,28.3333333333333,1.6094379124341,4,6,4,6,4
"RED/CREAM STRIPE CUSHION COVER","21926",2011,11,25,31.25,1.25,7,"C",4,67,32,3.25809653802148,25,29,26,29,26
"RED/CREAM STRIPE CUSHION COVER","21926",2011,12,8,10,1.25,1,"C",25,4,12.3333333333333,2.19722457733622,8,4,7,5,7
"REGENCY CAKE FORK","23161",2011,10,112,140,1.25,7,"B",252,266,210,4.72738781871234,112,96,57,85,57
"REGENCY CAKE FORK","23161",2011,11,66,82.5,1.25,6,"B",112,252,143.333333333333,4.20469261939097,66,43,42,57,42
"REGENCY CAKE SLICE","23164",2011,10,33,168.36,5.57625,8,"A",105,49,62.3333333333333,3.52636052461616,33,34,27,34,27
"REGENCY CAKE SLICE","23164",2011,11,96,427.2,4.87727272727273,11,"A",33,105,78,4.57471097850338,96,80,86,67,86
"REGENCY CAKE SLICE","23164",2011,12,4,19.8,4.95,1,"A",96,33,44.3333333333333,1.6094379124341,4,6,5,4,5
"REGENCY CAKESTAND 3 TIER","22423",2011,10,1026,11895.15,12.7996,147,"A",730,774,843.333333333333,6.93439720992856,1026,942,995,756,995
"REGENCY CAKESTAND 3 TIER","22423",2011,11,942,11038.74,12.7326315789474,170,"A",1026,730,899.333333333333,6.84906628263346,942,929,1034,684,1034
"REGENCY CAKESTAND 3 TIER","22423",2011,12,391,4532.28,12.78,47,"A",942,1026,786.333333333333,5.97126183979046,391,562,558,524,558
"REGENCY MILK JUG PINK","23175",2011,10,169,525.25,3.21666666666667,30,"A",354,94,205.666666666667,5.13579843705026,169,197,161,181,161
"REGENCY MILK JUG PINK","23175",2011,11,138,436.5,3.23148148148148,27,"A",169,354,220.333333333333,4.93447393313069,138,183,152,176,152
"REGENCY MILK JUG PINK","23175",2011,12,24,78,3.25,6,"A",138,169,110.333333333333,3.2188758248682,24,37,25,37,25
"REGENCY MIRROR WITH SHUTTERS","22828",2011,11,2,290,145,1,"B",1,1,1.33333333333333,1.09861228866811,2,1,2,1,2
"REGENCY SUGAR BOWL GREEN","23174",2011,10,133,556.09,4.33,23,"A",350,185,222.666666666667,4.89783979995091,133,167,155,181,155
"REGENCY SUGAR BOWL GREEN","23174",2011,11,104,431.6,4.15,23,"A",133,350,195.666666666667,4.65396035015752,104,135,121,141,121
"REGENCY SUGAR BOWL GREEN","23174",2011,12,32,132.8,4.15,8,"A",104,133,89.6666666666667,3.49650756146648,32,44,44,43,44
"REGENCY SUGAR TONGS","23163",2011,10,230,533.34,2.46588235294118,17,"A",311,278,273,5.44241771052179,230,216,223,213,223
"REGENCY SUGAR TONGS","23163",2011,11,53,131.97,2.49,9,"A",230,311,198,3.98898404656427,53,80,76,85,76
"REGENCY SUGAR TONGS","23163",2011,12,72,159.6,2.3875,4,"A",53,230,118.333333333333,4.29045944114839,72,34,35,34,35
"REGENCY TEA PLATE GREEN","23171",2011,10,488,786.08,1.86081081081081,37,"A",716,362,522,6.19236248947487,488,491,483,470,483
"REGENCY TEA PLATE GREEN","23171",2011,11,287,455.99,1.70391304347826,23,"A",488,716,497,5.66296048013595,287,367,319,359,319
"REGENCY TEA PLATE GREEN","23171",2011,12,121,191.69,1.85571428571429,7,"A",287,488,298.666666666667,4.80402104473326,121,135,98,75,98
"REGENCY TEA PLATE PINK","23172",2011,10,429,682.33,1.76846153846154,26,"A",587,356,457.333333333333,6.06378520868761,429,396,390,376,390
"REGENCY TEA PLATE PINK","23172",2011,11,197,315.45,1.63888888888889,18,"A",429,587,404.333333333333,5.28826703069454,197,261,229,270,229
"REGENCY TEA PLATE PINK","23172",2011,12,144,228,1.62142857142857,7,"A",197,429,256.666666666667,4.97673374242057,144,124,86,85,86
"REGENCY TEA PLATE ROSES","23170",2011,10,782,1234.66,1.82142857142857,42,"A",807,484,691,6.6631326959908,782,690,746,698,746
"REGENCY TEA PLATE ROSES","23170",2011,11,267,430.95,1.64230769230769,26,"A",782,807,618.666666666667,5.59098698051086,267,475,399,473,399
"REGENCY TEA PLATE ROSES","23170",2011,12,98,152.1,1.61666666666667,6,"A",267,782,382.333333333333,4.59511985013459,98,103,67,75,67
"REGENCY TEA SPOON","23160",2011,10,108,135,1.25,5,"B",264,146,172.666666666667,4.69134788222914,108,76,63,63,63
"REGENCY TEA SPOON","23160",2011,11,32,40,1.25,3,"B",108,264,134.666666666667,3.49650756146648,32,19,21,20,21
"REGENCY TEA STRAINER","23162",2011,10,180,630.84,3.704,20,"A",313,97,196.666666666667,5.19849703126583,180,171,160,156,160
"REGENCY TEA STRAINER","23162",2011,11,143,517.88,3.89772727272727,22,"A",180,313,212,4.969813299576,143,165,162,162,162
"REGENCY TEA STRAINER","23162",2011,12,49,165.38,5.375,2,"A",143,180,124,3.91202300542815,49,11,11,15,11
"REGENCY TEAPOT ROSES","23173",2011,10,180,1618.2,9.73048780487805,40,"A",344,181,235,5.19849703126583,180,194,179,187,179
"REGENCY TEAPOT ROSES","23173",2011,11,103,1001.67,10.3318604651163,41,"A",180,344,209,4.64439089914137,103,149,121,146,121
"REGENCY TEAPOT ROSES","23173",2011,12,28,257,9.65,6,"A",103,180,103.666666666667,3.36729582998647,28,32,21,28,21
"REINDEER HEART DECORATION GOLD","23220",2011,10,273,232.99,0.944285714285714,21,"B",210,48,177,5.61312810638807,273,247,262,255,262
"REINDEER HEART DECORATION GOLD","23220",2011,11,328,264.4,0.9015625,31,"B",273,210,270.333333333333,5.79605775076537,328,318,316,300,316
"REINDEER HEART DECORATION GOLD","23220",2011,12,46,39.78,0.944285714285714,7,"B",328,273,215.666666666667,3.85014760171006,46,122,91,106,91
"REINDEER HEART DECORATION SILVER","23221",2011,10,298,252.94,0.99,25,"B",342,109,249.666666666667,5.70044357339069,298,272,257,299,257
"REINDEER HEART DECORATION SILVER","23221",2011,11,565,472.31,0.895744680851064,44,"B",298,342,401.666666666667,6.33859407820318,565,543,573,574,573
"REINDEER HEART DECORATION SILVER","23221",2011,12,97,94.11,0.944285714285714,7,"B",565,298,320,4.58496747867057,97,187,171,135,171
"RESIN NECKLACE W PASTEL BEADS","90155",2011,11,3,22.5,7.5,2,"C",1,2,2,1.38629436111989,3,3,3,3,3
"RETRO COFFEE MUGS ASSORTED","37370",2011,10,3,4.95,1.65,3,"A",2,21,8.66666666666667,1.38629436111989,3,5,4,6,4
"RETRO COFFEE MUGS ASSORTED","37370",2011,11,7,11.55,1.65,2,"A",3,2,4,2.07944154167984,7,6,7,6,7
"RETRO LONGBOARD IRONING BOARD COVER","47563A",2011,10,35,43.75,1.25,5,"C",13,37,28.3333333333333,3.58351893845611,35,35,33,30,33
"RETRO LONGBOARD IRONING BOARD COVER","47563A",2011,11,24,30,1.25,14,"C",35,13,24,3.2188758248682,24,32,24,38,24
"RETRO LONGBOARD IRONING BOARD COVER","47563A",2011,12,7,8.75,1.25,3,"C",24,35,22,2.07944154167984,7,12,11,14,11
"RETRO MOD TRAY","79066K",2011,10,20,18.56,0.98,6,"C",113,54,62.3333333333333,3.04452243772342,20,39,31,40,31
"RETRO MOD TRAY","79066K",2011,11,214,175.72,0.9664,25,"C",20,113,115.666666666667,5.37063802812766,214,199,220,199,220
"RETRO MOD TRAY","79066K",2011,12,6,7.44,1.045,4,"C",214,20,80,1.94591014905531,6,45,30,43,30
"RETRO PILL BOX , REVOLUTIONARY","79063D",2011,10,1,0.19,0.19,1,"C",10,54,21.6666666666667,0.693147180559945,1,6,3,9,3
"RETRO PILL BOX , REVOLUTIONARY","79063D",2011,11,3,0.57,0.19,3,"C",1,10,4.66666666666667,1.38629436111989,3,6,5,10,5
"RETRO PILL BOX KEY CHAIN,THE KING","79063C",2011,10,20,3.8,0.19,1,"C",15,52,29,3.04452243772342,20,11,11,14,11
"RETRO PILL BOX KEY CHAIN,THE KING","79063C",2011,11,2,0.38,0.19,2,"C",20,15,12.3333333333333,1.09861228866811,2,5,4,12,4
"RETRO PILL BOX KEY CHAIN,THE KING","79063C",2011,12,1,0.19,0.19,1,"C",2,20,7.66666666666667,0.693147180559945,1,2,2,4,2
"RETRO PLASTIC 70'S TRAY","79190A",2011,10,15,6.3,0.42,4,"C",54,15,28,2.77258872223978,15,20,15,23,15
"RETRO PLASTIC 70'S TRAY","79190A",2011,11,80,33.6,0.42,3,"C",15,54,49.6666666666667,4.39444915467244,80,66,73,63,73
"RETRO PLASTIC 70'S TRAY","79190A",2011,12,30,12.6,0.42,2,"C",80,15,41.6666666666667,3.43398720448515,30,26,21,23,21
"RETRO PLASTIC DAISY TRAY","79190D",2011,10,1,0.42,0.42,1,"C",36,15,17.3333333333333,0.693147180559945,1,8,6,5,6
"RETRO PLASTIC DAISY TRAY","79191D",2011,10,1,0.85,0.85,1,"C",1,36,12.6666666666667,0.693147180559945,1,4,3,5,3
"RETRO PLASTIC DAISY TRAY","79190D",2011,11,20,8.4,0.42,2,"C",1,1,7.33333333333333,3.04452243772342,20,15,21,17,21
"RETRO PLASTIC DAISY TRAY","79191D",2011,11,7,5.95,0.85,2,"C",20,1,9.33333333333333,2.07944154167984,7,7,7,8,7
"RETRO PLASTIC DAISY TRAY","79190D",2011,12,15,6.3,0.42,1,"C",7,20,14,2.77258872223978,15,11,12,8,12
"RETRO PLASTIC DAISY TRAY","79191D",2011,12,1,0.85,0.85,1,"C",15,7,7.66666666666667,0.693147180559945,1,3,2,3,2
"RETRO PLASTIC ELEPHANT TRAY","79191C",2011,10,48,40.8,0.85,7,"B",87,185,106.666666666667,3.89182029811063,48,74,66,67,66
"RETRO PLASTIC ELEPHANT TRAY","79191C",2011,11,198,136.62,0.825555555555555,9,"B",48,87,111,5.29330482472449,198,171,189,181,189
"RETRO PLASTIC ELEPHANT TRAY","79191C",2011,12,36,30.6,0.85,2,"B",198,48,94,3.61091791264422,36,24,21,26,21
"RETRO PLASTIC POLKA TRAY","79190B",2011,10,6,2.52,0.42,2,"C",12,35,17.6666666666667,1.94591014905531,6,11,7,11,7
"RETRO PLASTIC POLKA TRAY","79191B",2011,10,20,17,0.85,4,"C",6,12,12.6666666666667,3.04452243772342,20,20,20,26,20
"RETRO PLASTIC POLKA TRAY","79190B",2011,11,70,29.4,0.42,4,"C",20,6,32,4.26267987704132,70,62,69,76,69
"RETRO PLASTIC POLKA TRAY","79191B",2011,11,20,17,0.85,4,"C",70,20,36.6666666666667,3.04452243772342,20,30,23,30,23
"RETRO PLASTIC POLKA TRAY","79190B",2011,12,45,18.9,0.42,3,"C",20,70,45,3.8286413964891,45,38,35,37,35
"RETRO PLASTIC POLKA TRAY","79191B",2011,12,14,11.9,0.85,3,"C",45,20,26.3333333333333,2.70805020110221,14,15,16,20,16
"RETROSPOT BABUSHKA DOORSTOP","22511",2011,10,1,3.75,3.75,1,"C",3,1,1.66666666666667,0.693147180559945,1,1,1,2,1
"RETROSPOT BABUSHKA DOORSTOP","22511",2011,11,20,75,3.75,5,"C",1,3,8,3.04452243772342,20,17,21,17,21
"RETROSPOT BABUSHKA DOORSTOP","22511",2011,12,28,22.12,0.79,12,"C",20,1,16.3333333333333,3.36729582998647,28,31,26,40,26
"RETROSPOT CANDLE  LARGE","21286",2011,10,48,122.4,2.55,4,"C",12,36,32,3.89182029811063,48,40,41,37,41
"RETROSPOT CANDLE  LARGE","21286",2011,12,158,93.22,0.59,11,"C",48,12,72.6666666666667,5.06890420222023,158,153,157,148,157
"RETROSPOT CANDLE  MEDIUM","21285",2011,10,26,56.63,2.77666666666667,3,"C",1,12,13,3.29583686600433,26,22,29,21,29
"RETROSPOT CANDLE  MEDIUM","21285",2011,11,29,71.05,3.45333333333333,6,"C",26,1,18.6666666666667,3.40119738166216,29,25,29,23,29
"RETROSPOT CANDLE  MEDIUM","21285",2011,12,229,89.31,0.39,16,"C",29,26,94.6666666666667,5.4380793089232,229,224,250,240,250
"RETROSPOT CANDLE  SMALL","21284",2011,10,24,40.56,1.69,2,"C",12,12,16,3.2188758248682,24,22,27,20,27
"RETROSPOT CANDLE  SMALL","21284",2011,11,2,6.58,3.29,1,"C",24,12,12.6666666666667,1.09861228866811,2,3,2,4,2
"RETROSPOT CANDLE  SMALL","21284",2011,12,168,65.52,0.39,10,"C",2,24,64.6666666666667,5.12989871492307,168,152,163,212,163
"RETROSPOT CHILDRENS APRON","21156",2011,10,327,575.13,2.23962962962963,27,"A",290,132,249.666666666667,5.79301360838414,327,289,310,273,310
"RETROSPOT CHILDRENS APRON","21156",2011,11,533,1002.23,2.06510204081633,49,"A",327,290,383.333333333333,6.2803958389602,533,512,537,550,537
"RETROSPOT CHILDRENS APRON","21156",2011,12,120,220.36,2.15888888888889,9,"A",533,327,326.666666666667,4.79579054559674,120,144,136,124,136
"RETROSPOT CIGAR BOX MATCHES","21592",2011,10,136,170,1.25,24,"B",96,85,105.666666666667,4.91998092582813,136,136,129,149,129
"RETROSPOT CIGAR BOX MATCHES","21592",2011,11,459,546.39,1.24666666666667,56,"B",136,96,230.333333333333,6.13122648948314,459,418,501,482,501
"RETROSPOT CIGAR BOX MATCHES","21592",2011,12,561,218.79,0.39,26,"B",459,136,385.333333333333,6.33150184989369,561,469,504,508,504
"RETROSPOT GIANT TUBE MATCHES","21588",2011,10,123,292.05,2.521875,15,"A",240,42,135,4.82028156560504,123,117,120,123,120
"RETROSPOT GIANT TUBE MATCHES","21588",2011,11,561,1246.95,2.52631578947368,36,"A",123,240,308,6.33150184989369,561,528,579,507,579
"RETROSPOT GIANT TUBE MATCHES","21588",2011,12,227,495.15,2.505,10,"A",561,123,303.666666666667,5.42934562895444,227,169,150,148,150
"RETROSPOT HEART HOT WATER BOTTLE","21485",2011,10,260,1289.82,5.08012658227848,77,"A",910,79,416.333333333333,5.56452040732269,260,405,357,333,357
"RETROSPOT HEART HOT WATER BOTTLE","21485",2011,11,738,3437.52,4.99373983739837,121,"A",260,910,636,6.6052979209482,738,692,643,580,643
"RETROSPOT HEART HOT WATER BOTTLE","21485",2011,12,158,771.14,5.08179487179487,39,"A",738,260,385.333333333333,5.06890420222023,158,273,214,270,214
"RETROSPOT LAMP","22180",2011,10,52,500,9.87368421052632,19,"A",22,16,30,3.97029191355212,52,49,55,47,55
"RETROSPOT LARGE MILK JUG","21533",2011,10,71,326.25,4.81875,16,"A",62,122,85,4.27666611901606,71,85,73,76,73
"RETROSPOT LARGE MILK JUG","21533",2011,11,75,371.25,4.95,25,"A",71,62,69.3333333333333,4.33073334028633,75,76,75,91,75
"RETROSPOT LARGE MILK JUG","21533",2011,12,29,143.55,4.95,10,"A",75,71,58.3333333333333,3.40119738166216,29,37,36,42,36
"RETROSPOT PADDED SEAT CUSHION","22354",2011,10,44,154.2,3.63,3,"B",36,58,46,3.80666248977032,44,24,23,21,23
"RETROSPOT PADDED SEAT CUSHION","22354",2011,11,6,22.5,3.75,2,"B",44,36,28.6666666666667,1.94591014905531,6,8,7,10,7
"RETROSPOT PARTY BAG + STICKER SET","22333",2011,10,251,396.59,1.71857142857143,21,"A",498,286,345,5.52942908751142,251,276,250,274,250
"RETROSPOT PARTY BAG + STICKER SET","22333",2011,11,397,627.89,1.68058823529412,33,"A",251,498,382,5.98645200528444,397,388,336,343,336
"RETROSPOT PARTY BAG + STICKER SET","22333",2011,12,21,34.65,1.65,4,"A",397,251,223,3.09104245335832,21,70,66,44,66
"RETROSPOT RED WASHING UP GLOVES","20754",2011,10,47,98.7,2.1,17,"A",107,122,92,3.87120101090789,47,74,65,86,65
"RETROSPOT RED WASHING UP GLOVES","20754",2011,11,43,90.3,2.1,18,"A",47,107,65.6666666666667,3.78418963391826,43,71,54,73,54
"RETROSPOT SMALL TUBE MATCHES","21584",2011,10,85,140.25,1.65,18,"B",78,159,107.333333333333,4.45434729625351,85,107,97,105,97
"RETROSPOT SMALL TUBE MATCHES","21584",2011,11,159,262.35,1.65,34,"B",85,78,107.333333333333,5.07517381523383,159,152,158,181,158
"RETROSPOT SMALL TUBE MATCHES","21584",2011,12,44,72.6,1.65,7,"B",159,85,96,3.80666248977032,44,56,46,54,46
"RETROSPOT TEA SET CERAMIC 11 PC","22139",2011,10,533,2728.11,5.20045045045045,111,"A",344,330,402.333333333333,6.2803958389602,533,565,569,497,569
"RETROSPOT TEA SET CERAMIC 11 PC","22139",2011,11,782,3778.82,5.05530864197531,161,"A",533,344,553,6.6631326959908,782,707,828,645,828
"RETROSPOT TEA SET CERAMIC 11 PC","22139",2011,12,166,839.94,5.08526315789474,38,"A",782,533,493.666666666667,5.11799381241676,166,313,246,328,246
"RETROSPOT WOODEN HEART DECORATION","22602",2011,10,411,347.79,0.8703125,31,"B",263,86,253.333333333333,6.02102334934953,411,341,355,333,355
"RETROSPOT WOODEN HEART DECORATION","22602",2011,11,359,305.93,0.866595744680851,45,"B",411,263,344.333333333333,5.88610403145016,359,409,382,443,382
"RETROSPOT WOODEN HEART DECORATION","22602",2011,12,128,108.8,0.85,12,"B",359,411,299.333333333333,4.85981240436167,128,175,164,201,164
"REVOLVER WOODEN RULER","22992",2011,10,826,1486.88,1.9895,37,"A",511,1142,826.333333333333,6.71780469502369,826,731,642,762,642
"REVOLVER WOODEN RULER","22992",2011,11,699,1322.03,1.97410256410256,74,"A",826,511,678.666666666667,6.5510803350434,699,724,779,779,779
"REVOLVER WOODEN RULER","22992",2011,12,89,173.55,1.95,19,"A",699,826,538,4.49980967033027,89,267,211,324,211
"REX CASH+CARRY JUMBO SHOPPER","21034",2011,10,218,207.1,0.95,104,"B",164,84,155.333333333333,5.3890717298165,218,251,228,291,228
"REX CASH+CARRY JUMBO SHOPPER","21034",2011,11,347,329.65,0.95,167,"B",218,164,243,5.85220247977447,347,347,356,423,356
"REX CASH+CARRY JUMBO SHOPPER","21034",2011,12,70,66.5,0.95,37,"B",347,218,211.666666666667,4.26267987704132,70,190,115,215,115
"RIBBON REEL CHRISTMAS PRESENT","22737",2011,10,384,641.8,1.74283018867925,53,"B",207,70,220.333333333333,5.95324333428778,384,349,364,386,364
"RIBBON REEL CHRISTMAS PRESENT","22737",2011,11,378,656.5,1.7525,64,"B",384,207,323,5.93753620508243,378,417,389,434,389
"RIBBON REEL CHRISTMAS PRESENT","22737",2011,12,35,62.67,1.83222222222222,8,"B",378,384,265.666666666667,3.58351893845611,35,106,78,94,78
"RIBBON REEL CHRISTMAS SOCK BAUBLE","22739",2011,10,482,816.62,1.7844262295082,60,"A",219,175,292,6.18001665365257,482,496,520,482,520
"RIBBON REEL CHRISTMAS SOCK BAUBLE","22739",2011,11,399,702.63,1.75754098360656,60,"A",482,219,366.666666666667,5.99146454710798,399,434,371,470,371
"RIBBON REEL CHRISTMAS SOCK BAUBLE","22739",2011,12,70,143.38,1.855,8,"A",399,482,317,4.26267987704132,70,124,119,123,119
"RIBBON REEL FLORA + FAUNA","22081",2011,10,96,160.04,1.76714285714286,13,"B",61,44,67,4.57471097850338,96,94,100,91,100
"RIBBON REEL FLORA + FAUNA","22081",2011,11,68,117.12,1.9575,16,"B",96,61,75,4.23410650459726,68,82,78,88,78
"RIBBON REEL FLORA + FAUNA","22081",2011,12,34,62.66,1.978,5,"B",68,96,66,3.55534806148941,34,38,37,38,37
"RIBBON REEL HEARTS DESIGN","22079",2011,10,292,488.36,1.80870967741935,31,"A",81,82,151.666666666667,5.68017260901707,292,271,320,300,320
"RIBBON REEL HEARTS DESIGN","22079",2011,11,140,240.84,1.83222222222222,26,"A",292,81,171,4.94875989037817,140,183,177,184,177
"RIBBON REEL HEARTS DESIGN","22079",2011,12,65,117.09,1.855,8,"A",140,292,165.666666666667,4.18965474202643,65,76,82,81,82
"RIBBON REEL LACE DESIGN","22078",2011,10,113,237.3,2.1,21,"A",140,223,158.666666666667,4.7361984483945,113,147,135,166,135
"RIBBON REEL LACE DESIGN","22078",2011,11,205,400.5,2.08809523809524,21,"A",113,140,152.666666666667,5.32787616878958,205,196,205,206,205
"RIBBON REEL LACE DESIGN","22078",2011,12,40,84,2.1,4,"A",205,113,119.333333333333,3.71357206670431,40,41,37,28,37
"RIBBON REEL MAKING SNOWMEN","22736",2011,10,306,509.82,1.72809523809524,42,"B",149,161,205.333333333333,5.7268477475872,306,301,296,315,296
"RIBBON REEL MAKING SNOWMEN","22736",2011,11,312,534.48,1.74283018867925,53,"B",306,149,255.666666666667,5.74620319054015,312,289,285,346,285
"RIBBON REEL MAKING SNOWMEN","22736",2011,12,24,44.52,2.06,4,"B",312,306,214,3.2188758248682,24,66,59,44,59
"RIBBON REEL POLKADOTS","22080",2011,10,265,437.25,1.65,27,"B",120,284,223,5.5834963087817,265,250,253,257,253
"RIBBON REEL POLKADOTS","22080",2011,11,211,348.15,1.65,35,"B",265,120,198.666666666667,5.35658627467201,211,225,198,220,198
"RIBBON REEL POLKADOTS","22080",2011,12,57,94.05,1.65,6,"B",211,265,177.666666666667,4.06044301054642,57,62,48,63,48
"RIBBON REEL SNOWY VILLAGE","22738",2011,10,491,811.79,1.67981818181818,54,"A",661,155,435.666666666667,6.19847871649231,491,488,466,568,466
"RIBBON REEL SNOWY VILLAGE","22738",2011,11,358,605.46,1.75468085106383,47,"A",491,661,503.333333333333,5.88332238848828,358,460,433,526,433
"RIBBON REEL SNOWY VILLAGE","22738",2011,12,88,145.2,1.65,10,"A",358,491,312.333333333333,4.48863636973214,88,133,134,134,134
"RIBBON REEL SOCKS AND MITTENS","22735",2011,10,209,346.49,1.71307692307692,26,"B",76,140,141.666666666667,5.34710753071747,209,194,188,241,188
"RIBBON REEL SOCKS AND MITTENS","22735",2011,11,184,311.8,1.7558064516129,31,"B",209,76,156.333333333333,5.22035582507833,184,199,185,215,185
"RIBBON REEL SOCKS AND MITTENS","22735",2011,12,4,13.16,3.29,1,"B",184,209,132.333333333333,1.6094379124341,4,5,2,4,2
"RIBBON REEL STRIPES DESIGN","22082",2011,10,240,402.56,1.72809523809524,41,"A",313,169,240.666666666667,5.48479693349065,240,272,262,280,262
"RIBBON REEL STRIPES DESIGN","22082",2011,11,379,648.31,1.75092307692308,61,"A",240,313,310.666666666667,5.94017125272043,379,405,377,469,377
"RIBBON REEL STRIPES DESIGN","22082",2011,12,109,186.41,1.76714285714286,14,"A",379,240,242.666666666667,4.70048036579242,109,151,160,164,160
"RIBBONS PURSE","21051",2011,11,21,44.1,2.1,5,"C",4,8,11,3.09104245335832,21,19,22,20,22
"RIBBONS PURSE","21051",2011,12,13,29.33,2.77666666666667,3,"C",21,4,12.6666666666667,2.63905732961526,13,12,12,9,12
"RIDGED BONNE JAM JAR T-LIGHT HOLDER","23023",2011,10,18,29.7,1.65,2,"C",66,72,52,2.94443897916644,18,16,13,14,13
"RIDGED BONNE JAM JAR T-LIGHT HOLDER","23023",2011,11,55,92.39,1.92333333333333,6,"C",18,66,46.3333333333333,4.02535169073515,55,45,45,41,45
"RIDGED BONNE JAM JAR T-LIGHT HOLDER","23023",2011,12,6,9.9,1.65,1,"C",55,18,26.3333333333333,1.94591014905531,6,6,4,5,4
"RIDGED GLASS STORAGE JAR CREAM LID","21664",2011,10,3,11.25,3.75,1,"C",9,4,5.33333333333333,1.38629436111989,3,2,2,2,2
"RIDGED GLASS T-LIGHT HOLDER","21666",2011,10,10,6.5,0.65,1,"C",17,24,17,2.39789527279837,10,8,7,7,7
"RIDGED GLASS T-LIGHT HOLDER","21666",2011,11,80,52,0.65,8,"C",10,17,35.6666666666667,4.39444915467244,80,73,79,96,79
"RIDGED GLASS T-LIGHT HOLDER","21666",2011,12,24,15.6,0.65,2,"C",80,10,38,3.2188758248682,24,19,20,25,20
"RING OF ROSES BIRTHDAY CARD","22025",2011,10,252,97.2,0.4125,7,"C",60,84,132,5.53338948872752,252,202,251,220,251
"RING OF ROSES BIRTHDAY CARD","22025",2011,11,96,40.32,0.42,6,"C",252,60,136,4.57471097850338,96,97,87,90,87
"RING OF ROSES BIRTHDAY CARD","22025",2011,12,12,5.04,0.42,1,"C",96,252,120,2.56494935746154,12,17,7,11,7
"ROBOT BIRTHDAY CARD","22037",2011,10,204,85.68,0.42,14,"B",516,216,312,5.32300997913841,204,239,245,269,245
"ROBOT BIRTHDAY CARD","22037",2011,11,290,122.62,0.437083333333333,24,"B",204,516,336.666666666667,5.67332326717149,290,320,316,286,316
"ROBOT BIRTHDAY CARD","22037",2011,12,288,112.32,0.415,12,"B",290,204,260.666666666667,5.66642668811243,288,273,271,272,271
"ROCKING HORSE GREEN CHRISTMAS","22572",2011,10,375,306.27,0.846285714285714,34,"B",161,33,189.666666666667,5.92958914338989,375,334,366,329,366
"ROCKING HORSE GREEN CHRISTMAS","22572",2011,11,460,391,0.85,51,"B",375,161,332,6.13339804299665,460,445,424,428,424
"ROCKING HORSE RED CHRISTMAS","22571",2011,10,505,416.77,0.846976744186047,43,"B",243,119,289,6.22653666928747,505,486,490,465,490
"ROCKING HORSE RED CHRISTMAS","22571",2011,11,718,597.82,0.848,64,"B",505,243,488.666666666667,6.57786135772105,718,661,736,734,736
"ROCKING HORSE RED CHRISTMAS","22571",2011,12,162,137.7,0.85,11,"B",718,505,461.666666666667,5.09375020080676,162,263,225,238,225
"ROCOCO WALL MIRROR WHITE","23462",2011,12,2,39.9,19.95,2,"B",32,41,25,1.09861228866811,2,7,4,6,4
"ROLL WRAP 50'S CHRISTMAS","23351",2011,10,1085,1280.65,1.23636363636364,77,"A",512,189,595.333333333333,6.99025650049388,1085,904,1072,998,1072
"ROLL WRAP 50'S CHRISTMAS","23351",2011,11,1115,1360.99,1.24637931034483,113,"A",1085,512,904,7.01750614294126,1115,1097,1225,1032,1225
"ROLL WRAP 50'S CHRISTMAS","23351",2011,12,153,191.25,1.25,28,"A",1115,1085,784.333333333333,5.03695260241363,153,569,449,625,449
"ROLL WRAP 50'S RED CHRISTMAS","23352",2011,10,520,634.88,1.245625,48,"B",382,144,348.666666666667,6.25575004175337,520,470,477,512,477
"ROLL WRAP 50'S RED CHRISTMAS","23352",2011,11,442,552.5,1.25,58,"B",520,382,448,6.09356977004514,442,503,422,545,422
"ROLL WRAP 50'S RED CHRISTMAS","23352",2011,12,105,131.25,1.25,19,"B",442,520,355.666666666667,4.66343909411207,105,196,135,189,135
"ROLL WRAP VINTAGE CHRISTMAS","23349",2011,10,971,1153.27,1.23782608695652,69,"A",625,122,572.666666666667,6.87935580446044,971,746,906,908,906
"ROLL WRAP VINTAGE CHRISTMAS","23349",2011,11,939,1125.87,1.24571428571429,95,"A",971,625,845,6.84587987526405,939,942,1076,958,1076
"ROLL WRAP VINTAGE CHRISTMAS","23349",2011,12,190,237.5,1.25,25,"A",939,971,700,5.25227342804663,190,509,473,476,473
"ROLL WRAP VINTAGE SPOT","23350",2011,10,726,892.38,1.24691176470588,67,"A",604,245,525,6.58892647753352,726,668,776,701,776
"ROLL WRAP VINTAGE SPOT","23350",2011,11,804,974.76,1.24769230769231,88,"A",726,604,711.333333333333,6.69084227741856,804,850,839,894,839
"ROLL WRAP VINTAGE SPOT","23350",2011,12,205,256.25,1.25,25,"A",804,726,578.333333333333,5.32787616878958,205,394,280,432,280
"ROMANTIC IMAGES GIFT WRAP SET","85032A",2011,10,80,52,0.65,22,"C",189,66,111.666666666667,4.39444915467244,80,124,97,120,97
"ROMANTIC IMAGES GIFT WRAP SET","85032A",2011,11,96,62.4,0.65,22,"C",80,189,121.666666666667,4.57471097850338,96,124,116,125,116
"ROMANTIC IMAGES GIFT WRAP SET","85032A",2011,12,16,10.4,0.65,3,"C",96,80,64,2.83321334405622,16,36,32,30,32
"ROMANTIC IMAGES NOTEBOOK SET","85019A",2011,10,48,60,1.25,1,"C",72,25,48.3333333333333,3.89182029811063,48,15,24,11,24
"ROMANTIC IMAGES NOTEBOOK SET","85019A",2011,11,52,65,1.25,5,"C",48,72,57.3333333333333,3.97029191355212,52,49,49,45,49
"ROMANTIC IMAGES NOTEBOOK SET","85019A",2011,12,26,32.5,1.25,2,"C",52,48,42,3.29583686600433,26,19,15,15,15
"ROMANTIC PINKS RIBBONS","85049C",2011,10,101,127.46,1.29481481481481,27,"B",112,111,108,4.62497281328427,101,117,118,139,118
"ROMANTIC PINKS RIBBONS","85049C",2011,11,78,97.5,1.25,15,"B",101,112,97,4.36944785246702,78,96,91,102,91
"ROMANTIC PINKS RIBBONS","85049C",2011,12,17,21.25,1.25,5,"B",78,101,65.3333333333333,2.89037175789616,17,35,35,38,35
"ROSE 1 WICK MORRIS BOXED CANDLE","85036C",2011,10,209,271.87,2.06709677419355,29,"B",2,1,70.6666666666667,5.34710753071747,209,195,207,437,207
"ROSE 1 WICK MORRIS BOXED CANDLE","85036C",2011,11,403,458.75,1.23913043478261,22,"B",209,2,204.666666666667,6.00141487796115,403,307,366,385,366
"ROSE 3 WICK MORRIS BOX CANDLE","85035C",2011,10,315,432.87,1.87378378378378,35,"B",4,2,107,5.75574221358691,315,269,287,687,287
"ROSE 3 WICK MORRIS BOX CANDLE","85035C",2011,11,247,315.79,1.426,38,"B",315,4,188.666666666667,5.51342874616498,247,229,242,304,242
"ROSE CARAVAN DOORSTOP","21115",2011,10,154,858.7,6.55,11,"A",12,20,62,5.04342511691925,154,127,154,114,154
"ROSE CARAVAN DOORSTOP","21115",2011,11,25,183.51,7.80428571428571,14,"A",154,12,63.6666666666667,3.25809653802148,25,52,23,43,23
"ROSE CARAVAN DOORSTOP","21115",2011,12,155,302.25,1.95,26,"A",25,154,111.333333333333,5.04985600724954,155,154,139,174,139
"ROSE COTTAGE KEEPSAKE BOX","22968",2011,10,10,87.9,9.225,2,"A",6,6,7.33333333333333,2.39789527279837,10,7,9,6,9
"ROSE COTTAGE KEEPSAKE BOX","22968",2011,11,24,204,8.5,1,"A",10,6,13.3333333333333,3.2188758248682,24,14,23,8,23
"ROSE DU SUD COSMETICS BAG","21000",2011,11,6,25.5,4.25,3,"C",2,10,6,1.94591014905531,6,6,6,7,6
"ROSE DU SUD DRAWSTRING BAG","21002",2011,10,2,8.5,4.25,1,"C",2,6,3.33333333333333,1.09861228866811,2,2,2,2,2
"ROSE DU SUD OVEN GLOVE","20998",2011,10,10,26.7,2.75,2,"C",14,6,10,2.39789527279837,10,10,9,7,9
"ROSE DU SUD WASHBAG","21001",2011,11,8,47.6,5.95,3,"C",1,3,4,2.19722457733622,8,6,8,7,8
"ROSE FOLKART HEART DECORATIONS","35971",2011,10,35,46.17,1.59571428571429,7,"C",9,3,15.6666666666667,3.58351893845611,35,32,35,41,35
"ROSE FOLKART HEART DECORATIONS","35971",2011,11,113,146.09,1.58,11,"C",35,9,52.3333333333333,4.7361984483945,113,95,122,103,122
"ROSE FOLKART HEART DECORATIONS","35971",2011,12,2,2.5,1.25,1,"C",113,35,50,1.09861228866811,2,9,6,6,6
"ROSE SCENT CANDLE IN JEWELLED BOX","72802A",2011,10,21,89.41,6.16,4,"B",13,8,14,3.09104245335832,21,19,21,13,21
"ROSE SCENT CANDLE IN JEWELLED BOX","72802A",2011,11,36,137.16,3.81,1,"B",21,13,23.3333333333333,3.61091791264422,36,11,22,11,22
"ROSE SCENT CANDLE IN JEWELLED BOX","72802A",2011,12,18,68.58,3.81,1,"B",36,21,25,2.94443897916644,18,6,9,7,9
"ROSE SCENT CANDLE JEWELLED DRAWER","72803A",2011,10,416,238,3.3125,4,"B",4,19,146.333333333333,6.0330862217988,416,263,508,299,508
"ROSE SCENT CANDLE JEWELLED DRAWER","72803A",2011,11,6,25.5,4.25,3,"B",416,4,142,1.94591014905531,6,29,36,29,36
"ROSES REGENCY TEACUP AND SAUCER","22699",2011,10,828,2262.96,3.07328767123288,71,"A",930,544,767.333333333333,6.7202201551353,828,831,804,783,804
"ROSES REGENCY TEACUP AND SAUCER","22699",2011,11,521,1472.59,2.95056338028169,70,"A",828,930,759.666666666667,6.25766758788264,521,686,601,752,601
"ROSES REGENCY TEACUP AND SAUCER","22699",2011,12,255,700.33,3.03631578947368,19,"A",521,828,534.666666666667,5.54517744447956,255,323,239,290,239
"ROTATING LEAVES T-LIGHT HOLDER","21494",2011,10,472,601.08,1.42235294117647,33,"B",83,95,216.666666666667,6.15909538849193,472,432,513,474,513
"ROTATING LEAVES T-LIGHT HOLDER","21494",2011,11,259,370.94,1.37410256410256,38,"B",472,83,271.333333333333,5.56068163101553,259,269,293,306,293
"ROTATING LEAVES T-LIGHT HOLDER","21494",2011,12,42,63.39,1.42285714285714,7,"B",259,472,257.666666666667,3.76120011569356,42,99,44,68,44
"ROTATING SILVER ANGELS T-LIGHT HLDR","84347",2011,10,1983,4306.9,2.67028169014085,68,"A",745,113,947,7.59287028784482,1983,1257,1635,1342,1635
"ROTATING SILVER ANGELS T-LIGHT HLDR","84347",2011,11,2312,5282.1,2.61060344827586,107,"A",1983,745,1680,7.74630066223144,2312,1653,2049,1706,2049
"ROTATING SILVER ANGELS T-LIGHT HLDR","84347",2011,12,725,1760.03,2.59441176470588,34,"A",2312,1983,1673.33333333333,6.5875500148248,725,1078,978,1140,978
"ROUND CAKE TIN VINTAGE GREEN","22841",2011,10,28,218.44,8.57181818181818,11,"A",75,44,49,3.36729582998647,28,36,29,35,29
"ROUND CAKE TIN VINTAGE GREEN","22841",2011,11,36,294.04,8.36263157894737,19,"A",28,75,46.3333333333333,3.61091791264422,36,46,36,40,36
"ROUND CAKE TIN VINTAGE GREEN","22841",2011,12,3,23.85,7.95,2,"A",36,28,22.3333333333333,1.38629436111989,3,7,5,6,5
"ROUND CAKE TIN VINTAGE RED","22840",2011,10,48,381.6,7.95,22,"A",107,44,66.3333333333333,3.89182029811063,48,60,56,61,56
"ROUND CAKE TIN VINTAGE RED","22840",2011,11,76,595.88,8.35235294117647,34,"A",48,107,77,4.34380542185368,76,88,77,91,77
"ROUND CAKE TIN VINTAGE RED","22840",2011,12,9,71.55,7.95,4,"A",76,48,44.3333333333333,2.30258509299405,9,20,14,18,14
"ROUND CONTAINER SET OF 5 RETROSPOT","22329",2011,10,37,61.05,1.65,10,"B",187,83,102.333333333333,3.63758615972639,37,67,53,65,53
"ROUND CONTAINER SET OF 5 RETROSPOT","22329",2011,11,78,128.7,1.65,12,"B",37,187,100.666666666667,4.36944785246702,78,89,94,90,94
"ROUND CONTAINER SET OF 5 RETROSPOT","22329",2011,12,4,6.6,1.65,4,"B",78,37,39.6666666666667,1.6094379124341,4,23,17,26,17
"ROUND PINK HEART MIRROR","85020",2011,11,9,18.9,2.1,3,"C",12,5,8.66666666666667,2.30258509299405,9,9,9,10,9
"ROUND PINK HEART MIRROR","85020",2011,12,12,25.2,2.1,1,"C",9,12,11,2.56494935746154,12,9,9,6,9
"ROUND PURPLE CLOCK WITH SUCKER","81952V",2011,10,8,1.52,0.19,3,"C",42,34,28,2.19722457733622,8,20,16,36,16
"ROUND PURPLE CLOCK WITH SUCKER","81952V",2011,11,10,1.9,0.19,3,"C",8,42,20,2.39789527279837,10,12,11,22,11
"ROUND SNACK BOXES SET OF 4 FRUITS","22328",2011,10,366,1022.1,2.93095238095238,41,"A",407,369,380.666666666667,5.90536184805457,366,373,367,400,367
"ROUND SNACK BOXES SET OF 4 FRUITS","22328",2011,11,516,1426.2,2.934,48,"A",366,407,429.666666666667,6.24804287450843,516,495,531,514,531
"ROUND SNACK BOXES SET OF 4 FRUITS","22328",2011,12,94,277.3,2.95,12,"A",516,366,325.333333333333,4.55387689160054,94,144,143,137,143
"ROUND SNACK BOXES SET OF 4 SKULLS","22327",2011,10,124,346.6,2.92647058823529,17,"B",81,62,89,4.8283137373023,124,110,111,115,111
"ROUND SNACK BOXES SET OF 4 SKULLS","22327",2011,11,106,293.5,2.93095238095238,19,"B",124,81,103.666666666667,4.67282883446191,106,112,104,111,104
"ROUND SNACK BOXES SET OF 4 SKULLS","22327",2011,12,29,85.55,2.95,10,"B",106,124,86.3333333333333,3.40119738166216,29,50,45,49,45
"ROUND SNACK BOXES SET OF4 WOODLAND","22326",2011,10,896,2451.2,2.92333333333333,75,"A",587,986,823,6.7990558620588,896,906,896,955,896
"ROUND SNACK BOXES SET OF4 WOODLAND","22326",2011,11,915,2512.93,2.99493150684932,73,"A",896,587,799.333333333333,6.82001636467413,915,909,900,805,900
"ROUND SNACK BOXES SET OF4 WOODLAND","22326",2011,12,258,725.54,3.05166666666667,24,"A",915,896,689.666666666667,5.55682806169954,258,472,353,388,353
"ROUND STORAGE TIN VINTAGE LEAF","23244",2011,10,49,95.55,1.95,11,"B",55,143,82.3333333333333,3.91202300542815,49,60,60,72,60
"ROUND STORAGE TIN VINTAGE LEAF","23244",2011,11,154,273.68,2.10666666666667,12,"B",49,55,86,5.04342511691925,154,136,154,118,154
"ROUND STORAGE TIN VINTAGE LEAF","23244",2011,12,43,86.03,2.2225,8,"B",154,49,82,3.78418963391826,43,61,47,57,47
"ROUND WHITE CONFETTI IN TUBE","21196",2011,10,1,1.65,1.65,1,"C",12,36,16.3333333333333,0.693147180559945,1,4,3,5,3
"ROUND WHITE CONFETTI IN TUBE","21196",2011,12,12,19.8,1.65,1,"C",1,12,8.33333333333333,2.56494935746154,12,7,9,5,9
"RUBY GLASS CLUSTER BRACELET","90070",2011,11,3,17.85,5.95,1,"C",3,2,2.66666666666667,1.38629436111989,3,3,3,2,3
"RUSTIC  SEVENTEEN DRAWER SIDEBOARD","22827",2011,10,4,580,145,2,"A",4,1,3,1.6094379124341,4,3,4,3,4
"RUSTIC  SEVENTEEN DRAWER SIDEBOARD","22827",2011,11,2,330,165,2,"A",4,4,3.33333333333333,1.09861228866811,2,3,3,3,3
"RUSTIC MIRROR WITH LACE HEART","23401",2011,11,37,220.93,6.19625,16,"B",193,66,98.6666666666667,3.63758615972639,37,71,62,66,62
"RUSTIC MIRROR WITH LACE HEART","23401",2011,12,147,616.35,5.2,4,"B",37,193,125.666666666667,4.99721227376411,147,43,59,45,59
"RUSTIC STRAWBERRY JAM POT LARGE","23324",2011,10,16,33.28,2.08,3,"C",140,58,71.3333333333333,2.83321334405622,16,17,15,20,15
"RUSTIC STRAWBERRY JAM POT LARGE","23324",2011,11,47,97.76,2.08,10,"C",16,140,67.6666666666667,3.87120101090789,47,53,44,51,44
"RUSTIC STRAWBERRY JAM POT SMALL","23325",2011,10,98,152.1,1.61,5,"C",170,72,113.333333333333,4.59511985013459,98,62,63,58,63
"RUSTIC STRAWBERRY JAM POT SMALL","23325",2011,11,68,102.6,1.61666666666667,6,"C",98,170,112,4.23410650459726,68,53,52,46,52
"RUSTIC STRAWBERRY JAMPOT LARGE","23324",2011,10,12,24.96,2.08,1,"C",36,72,40,2.56494935746154,12,4,8,6,8
"RUSTIC STRAWBERRY JAMPOT SMALL","23325",2011,10,12,19.8,1.65,1,"C",12,12,12,2.56494935746154,12,11,11,9,11
"S/12 MINI RABBIT EASTER","85187",2011,11,6,9.9,1.65,3,"C",1,49,18.6666666666667,1.94591014905531,6,10,9,11,9
"S/12 VANILLA  BOTANICAL T-LIGHTS","21613",2011,10,54,140.1,2.85,4,"C",2,2,19.3333333333333,4.00733318523247,54,43,49,51,49
"S/2 ZINC HEART DESIGN PLANTERS","84974",2011,10,5,49.75,9.95,3,"C",1,8,4.66666666666667,1.79175946922805,5,5,4,4,4
"S/2 ZINC HEART DESIGN PLANTERS","84974",2011,11,1,9.95,9.95,1,"C",5,1,2.33333333333333,0.693147180559945,1,1,1,1,1
"S/4 BLACK MINI ROSE CANDLE IN BOWL","85039C",2011,10,1,1.63,1.63,1,"C",4,14,6.33333333333333,0.693147180559945,1,3,2,3,2
"S/4 BLACK MINI ROSE CANDLE IN BOWL","85039C",2011,11,7,11.41,1.63,2,"C",1,4,4,2.07944154167984,7,6,6,6,6
"S/4 CACTI CANDLES","85174",2011,10,2,15.74,7.87,2,"B",5,4,3.66666666666667,1.09861228866811,2,3,3,3,3
"S/4 CACTI CANDLES","85174",2011,11,111,502.33,5.58428571428571,14,"B",2,5,39.3333333333333,4.71849887129509,111,95,124,110,124
"S/4 CACTI CANDLES","85174",2011,12,4,25.64,6.41,4,"B",111,2,39,1.6094379124341,4,18,10,17,10
"S/4 GROOVY CAT MAGNETS","85211",2011,10,2,1.58,0.79,1,"C",6,85,31,1.09861228866811,2,6,6,7,6
"S/4 IVORY MINI ROSE CANDLE IN BOWL","85039B",2011,10,62,92.52,1.615,8,"C",14,1,25.6666666666667,4.14313472639153,62,52,67,67,67
"S/4 IVORY MINI ROSE CANDLE IN BOWL","85039B",2011,11,37,60.89,1.646,10,"C",62,14,37.6666666666667,3.63758615972639,37,44,34,40,34
"S/4 IVORY MINI ROSE CANDLE IN BOWL","85039B",2011,12,7,11.43,1.64,2,"C",37,62,35.3333333333333,2.07944154167984,7,11,14,11,14
"S/4 PINK FLOWER CANDLES IN BOWL","85040A",2011,10,71,117.15,1.65,9,"B",53,12,45.3333333333333,4.27666611901606,71,68,67,62,67
"S/4 PINK FLOWER CANDLES IN BOWL","85040A",2011,11,125,219.61,1.91222222222222,18,"B",71,53,83,4.83628190695148,125,123,123,132,123
"S/4 PINK FLOWER CANDLES IN BOWL","85040A",2011,12,17,29.69,1.978,5,"B",125,71,71,2.89037175789616,17,30,23,33,23
"S/6 SEW ON CROCHET FLOWERS","84744",2011,10,2,2.5,1.25,1,"C",2,6,3.33333333333333,1.09861228866811,2,2,2,2,2
"S/6 SEW ON CROCHET FLOWERS","84744",2011,11,1,1.25,1.25,1,"C",2,2,1.66666666666667,0.693147180559945,1,2,1,2,1
"S/6 WOODEN SKITTLES IN COTTON BAG","21890",2011,10,102,344.2,3.44538461538462,26,"A",85,7,64.6666666666667,4.63472898822964,102,100,97,113,97
"S/6 WOODEN SKITTLES IN COTTON BAG","21890",2011,11,130,427.58,3.44538461538462,26,"A",102,85,105.666666666667,4.87519732320115,130,134,126,130,126
"S/6 WOODEN SKITTLES IN COTTON BAG","21890",2011,12,30,100.04,3.5675,8,"A",130,102,87.3333333333333,3.43398720448515,30,48,46,42,46
"SANDALWOOD FAN","15039",2011,10,112,79.2,0.743333333333333,3,"B",56,65,77.6666666666667,4.72738781871234,112,85,112,71,112
"SANDALWOOD FAN","15039",2011,11,45,38.25,0.85,9,"B",112,56,71,3.8286413964891,45,61,54,61,54
"SANDALWOOD FAN","15039",2011,12,2,1.7,0.85,2,"B",45,112,53,1.09861228866811,2,11,12,17,12
"SAVE THE PLANET COTTON TOTE BAG","21577",2011,10,52,117,2.25,13,"B",15,30,32.3333333333333,3.97029191355212,52,49,53,62,53
"SAVE THE PLANET COTTON TOTE BAG","21577",2011,11,43,96.75,2.25,11,"B",52,15,36.6666666666667,3.78418963391826,43,43,41,41,41
"SAVE THE PLANET COTTON TOTE BAG","21577",2011,12,6,13.5,2.25,1,"B",43,52,33.6666666666667,1.94591014905531,6,4,3,5,3
"SAVE THE PLANET MUG","21871",2011,10,206,340.9,1.78391304347826,22,"A",671,1002,626.333333333333,5.33271879326537,206,389,295,389,295
"SAVE THE PLANET MUG","21871",2011,11,718,810.3,1.62236842105263,38,"A",206,671,531.666666666667,6.57786135772105,718,618,666,631,666
"SAVE THE PLANET MUG","21871",2011,12,119,185.23,1.805,8,"A",718,206,347.666666666667,4.78749174278205,119,178,130,142,130
"SCANDINAVIAN 3 HEARTS NAPKIN RING","85078",2011,10,493,102.31,0.292857142857143,14,"C",351,144,329.333333333333,6.20253551718792,493,413,460,409,460
"SCANDINAVIAN PAISLEY PICNIC BAG","21932",2011,10,80,135.24,1.785,24,"A",77,272,143,4.39444915467244,80,106,91,125,91
"SCANDINAVIAN PAISLEY PICNIC BAG","21932",2011,11,161,268.89,1.75125,23,"A",80,77,106,5.08759633523238,161,155,153,173,153
"SCANDINAVIAN PAISLEY PICNIC BAG","21932",2011,12,41,68.46,1.812,5,"A",161,80,94,3.73766961828337,41,48,37,43,37
"SCANDINAVIAN REDS RIBBONS","85049E",2011,10,603,777.95,1.33768115942029,67,"A",412,399,471.333333333333,6.40357419793482,603,619,591,597,591
"SCANDINAVIAN REDS RIBBONS","85049E",2011,11,398,548.32,1.325625,63,"A",603,412,471,5.98896141688986,398,526,414,505,414
"SCANDINAVIAN REDS RIBBONS","85049E",2011,12,56,82.1,1.38444444444444,9,"A",398,603,352.333333333333,4.04305126783455,56,171,115,114,115
"SCENTED CANDLE IN DIGITALIS TIN","84846A",2011,10,24,50.4,2.1,1,"C",3,1,9.33333333333333,3.2188758248682,24,17,31,13,31
"SCENTED VELVET LOUNGE CANDLE","21287",2011,10,114,43.32,0.38,5,"B",264,96,158,4.74493212836325,114,129,120,115,120
"SCENTED VELVET LOUNGE CANDLE","21287",2011,11,564,214.32,0.38,25,"B",114,264,314,6.33682573114644,564,498,569,528,569
"SCENTED VELVET LOUNGE CANDLE","21287",2011,12,15,5.7,0.38,2,"B",564,114,231,2.77258872223978,15,43,21,39,21
"SCHOOL DESK AND CHAIR","22929",2011,10,2,130,65,2,"B",4,3,3,1.09861228866811,2,3,3,3,3
"SCOTTIE DOG HOT WATER BOTTLE","22111",2011,10,423,2043.45,4.92522123893805,111,"A",1079,143,548.333333333333,6.04973345523196,423,571,523,509,523
"SCOTTIE DOG HOT WATER BOTTLE","22111",2011,11,873,4094.55,4.90679012345679,160,"A",423,1079,791.666666666667,6.77308037565554,873,881,839,875,839
"SCOTTIE DOG HOT WATER BOTTLE","22111",2011,12,374,1716.9,4.88269230769231,51,"A",873,423,556.666666666667,5.92692602597041,374,484,434,418,434
"SCOTTIE DOGS BABY BIB","47593B",2011,10,84,35.4,0.515714285714286,14,"C",18,253,118.333333333333,4.44265125649032,84,122,89,108,89
"SCOTTIE DOGS BABY BIB","47593B",2011,11,184,79.24,0.478,20,"C",84,18,95.3333333333333,5.22035582507833,184,173,208,178,208
"SCOTTIE DOGS BABY BIB","47593B",2011,12,195,77.37,0.5,4,"C",184,84,154.333333333333,5.27811465923052,195,112,149,88,149
"SCOTTIES DESIGN WASHBAG","47594B",2011,10,6,11.7,1.95,3,"C",7,1,4.66666666666667,1.94591014905531,6,5,6,6,6
"SCOTTIES DESIGN WASHBAG","47594B",2011,11,1,1.95,1.95,1,"C",6,7,4.66666666666667,0.693147180559945,1,2,1,2,1
"SEASIDE FLYING DISC","22559",2011,10,3,6.17,1.855,2,"C",12,19,11.3333333333333,1.38629436111989,3,6,4,8,4
"SEASIDE FLYING DISC","22559",2011,11,6,9.92,2.05666666666667,3,"C",3,12,7,1.94591014905531,6,7,7,8,7
"SEASIDE FLYING DISC","22559",2011,12,2,4.92,2.46,1,"C",6,3,3.66666666666667,1.09861228866811,2,2,2,2,2
"SET 10 NIGHT OWL LIGHTS","22179",2011,10,61,398.95,6.70555555555556,17,"B",94,11,55.3333333333333,4.12713438504509,61,56,57,58,57
"SET 10 NIGHT OWL LIGHTS","22179",2011,11,99,639.59,6.93296296296296,26,"B",61,94,84.6666666666667,4.60517018598809,99,101,100,111,100
"SET 10 NIGHT OWL LIGHTS","22179",2011,12,51,325.05,6.66111111111111,9,"B",99,61,70.3333333333333,3.95124371858143,51,48,47,44,47
"SET 12 COLOUR PENCILS DOLLY GIRL","23368",2011,11,757,492.05,0.65,81,"B",1049,225,677,6.63068338564237,757,720,822,828,822
"SET 12 COLOUR PENCILS DOLLY GIRL","23368",2011,12,121,78.65,0.65,8,"B",757,1049,642.333333333333,4.80402104473326,121,258,253,244,253
"SET 12 COLOUR PENCILS LOVE LONDON","23365",2011,11,647,420.55,0.65,62,"B",492,330,489.666666666667,6.47389069635227,647,651,687,697,687
"SET 12 COLOUR PENCILS LOVE LONDON","23365",2011,12,60,39,0.65,9,"B",647,492,399.666666666667,4.11087386417331,60,204,161,185,161
"SET 12 COLOUR PENCILS SPACEBOY","23367",2011,11,1071,696.15,0.65,104,"B",1109,333,837.666666666667,6.97728134163075,1071,957,1057,1144,1057
"SET 12 COLOUR PENCILS SPACEBOY","23367",2011,12,265,172.25,0.65,23,"B",1071,1109,815,5.5834963087817,265,583,460,671,460
"SET 12 COLOURING PENCILS DOILY","23366",2011,11,942,573.9,0.648333333333333,57,"B",500,225,555.666666666667,6.84906628263346,942,764,919,841,919
"SET 12 COLOURING PENCILS DOILY","23366",2011,12,203,131.95,0.65,11,"B",942,500,548.333333333333,5.31811999384422,203,271,215,263,215
"SET 12 KIDS  WHITE CHALK STICKS","21917",2011,10,557,217.07,0.4375,20,"B",642,94,431,6.32435896238131,557,459,477,438,477
"SET 12 KIDS  WHITE CHALK STICKS","21917",2011,11,203,87.31,0.459677419354839,31,"B",557,642,467.333333333333,5.31811999384422,203,338,320,377,320
"SET 12 KIDS  WHITE CHALK STICKS","21917",2011,12,62,26.04,0.42,9,"B",203,557,274,4.14313472639153,62,154,140,137,140
"SET 12 KIDS COLOUR  CHALK STICKS","21918",2011,10,362,152.14,0.4309375,32,"A",366,546,424.666666666667,5.89440283426485,362,417,443,449,443
"SET 12 KIDS COLOUR  CHALK STICKS","21918",2011,11,402,174.17,0.454166666666667,47,"A",362,366,376.666666666667,5.99893656194668,402,463,435,501,435
"SET 12 KIDS COLOUR  CHALK STICKS","21918",2011,12,83,36.91,0.449285714285714,14,"A",402,362,282.333333333333,4.43081679884331,83,186,155,221,155
"SET 12 RETRO WHITE CHALK STICKS","21916",2011,10,362,155.73,0.465555555555556,18,"B",564,251,392.333333333333,5.89440283426485,362,354,317,360,317
"SET 12 RETRO WHITE CHALK STICKS","21916",2011,11,213,91.1,0.45,40,"B",362,564,379.666666666667,5.36597601502185,213,325,284,331,284
"SET 12 RETRO WHITE CHALK STICKS","21916",2011,12,61,27.26,0.454166666666667,12,"B",213,362,212,4.12713438504509,61,139,124,163,124
"SET 12 VINTAGE DOILY CHALK","23499",2011,12,211,88.62,0.42,16,"C",940,93,414.666666666667,5.35658627467201,211,298,261,263,261
"SET 2 PANTRY DESIGN TEA TOWELS","22989",2011,10,176,572.54,3.25088235294118,34,"A",245,453,291.333333333333,5.17614973257383,176,237,205,246,205
"SET 2 PANTRY DESIGN TEA TOWELS","22989",2011,11,90,292.68,3.25142857142857,21,"A",176,245,170.333333333333,4.51085950651685,90,126,120,144,120
"SET 2 PANTRY DESIGN TEA TOWELS","22989",2011,12,29,94.25,3.25,8,"A",90,176,98.3333333333333,3.40119738166216,29,51,42,44,42
"SET 2 TEA TOWELS I LOVE LONDON","22900",2011,10,230,697.5,3.23214285714286,27,"A",385,240,285,5.44241771052179,230,244,271,250,271
"SET 2 TEA TOWELS I LOVE LONDON","22900",2011,11,321,993.25,3.23936170212766,44,"A",230,385,312,5.77455154554441,321,335,353,351,353
"SET 2 TEA TOWELS I LOVE LONDON","22900",2011,12,118,383.5,3.25,12,"A",321,230,223,4.77912349311153,118,130,102,133,102
"SET 20 NAPKINS FAIRY CAKES DESIGN","22851",2011,10,163,127.63,0.96,12,"B",132,158,151,5.0998664278242,163,154,151,152,151
"SET 20 NAPKINS FAIRY CAKES DESIGN","22851",2011,11,198,170.64,0.905714285714286,28,"B",163,132,164.333333333333,5.29330482472449,198,211,194,208,194
"SET 20 NAPKINS FAIRY CAKES DESIGN","22851",2011,12,19,16.93,0.98,6,"B",198,163,126.666666666667,2.99573227355399,19,59,36,57,36
"SET 3 RETROSPOT TEA,COFFEE,SUGAR","21216",2011,10,57,265.35,4.90333333333333,14,"A",179,156,130.666666666667,4.06044301054642,57,77,71,83,71
"SET 3 RETROSPOT TEA,COFFEE,SUGAR","21216",2011,11,143,669.13,5.09384615384615,26,"A",57,179,126.333333333333,4.969813299576,143,142,154,137,154
"SET 3 RETROSPOT TEA,COFFEE,SUGAR","21216",2011,12,34,151.5,4.85,7,"A",143,57,78,3.55534806148941,34,43,37,34,37
"SET 3 SONG BIRD PAPER EGGS ASSORTED","22967",2011,12,6,17.7,2.95,1,"A",6,12,8,1.94591014905531,6,5,5,4,5
"SET 3 WICKER STORAGE BASKETS","22782",2011,10,4,99.8,24.95,4,"A",4,2,3.33333333333333,1.6094379124341,4,5,4,6,4
"SET 3 WICKER STORAGE BASKETS","22782",2011,11,8,199.6,24.95,7,"A",4,4,5.33333333333333,2.19722457733622,8,10,9,11,9
"SET 3 WICKER STORAGE BASKETS","22782",2011,12,5,124.75,24.95,2,"A",8,4,5.66666666666667,1.79175946922805,5,5,4,4,4
"SET 36 COLOUR PENCILS DOLLY GIRL","23372",2011,11,580,676.36,1.24208333333333,46,"B",548,130,419.333333333333,6.36475075685191,580,509,537,562,537
"SET 36 COLOUR PENCILS DOLLY GIRL","23372",2011,12,36,45,1.25,4,"B",580,548,388,3.61091791264422,36,55,36,44,36
"SET 36 COLOUR PENCILS LOVE LONDON","23369",2011,11,313,366.93,1.24547619047619,40,"B",317,184,271.333333333333,5.74939298590825,313,314,286,340,286
"SET 36 COLOUR PENCILS LOVE LONDON","23369",2011,12,87,108.75,1.25,9,"B",313,317,239,4.47733681447821,87,123,109,119,109
"SET 36 COLOUR PENCILS SPACEBOY","23371",2011,11,675,795.11,1.24387096774194,62,"B",567,187,476.333333333333,6.51619307604296,675,609,671,645,671
"SET 36 COLOUR PENCILS SPACEBOY","23371",2011,12,69,86.25,1.25,12,"B",675,567,437,4.24849524204936,69,193,150,207,150
"SET 36 COLOURING PENCILS DOILY","23370",2011,11,429,536.25,1.25,51,"B",656,118,401,6.06378520868761,429,464,412,486,412
"SET 36 COLOURING PENCILS DOILY","23370",2011,12,86,107.5,1.25,8,"B",429,656,390.333333333333,4.46590811865458,86,168,139,116,139
"SET 4 PICNIC CUTLERY BLUEBERRY","23305",2011,12,24,46.8,1.95,2,"C",31,27,27.3333333333333,3.2188758248682,24,16,18,13,18
"SET 4 PICNIC CUTLERY CHERRY","23304",2011,12,24,46.8,1.95,2,"C",39,8,23.6666666666667,3.2188758248682,24,14,21,14,21
"SET 4 PICNIC CUTLERY FONDANT","23303",2011,12,12,23.4,1.95,1,"C",27,26,21.6666666666667,2.56494935746154,12,7,6,6,6
"SET 4 VALENTINE DECOUPAGE HEART BOX","85184C",2011,10,19,56.05,2.95,8,"C",20,15,18,2.99573227355399,19,22,19,25,19
"SET 4 VALENTINE DECOUPAGE HEART BOX","85184C",2011,11,31,91.45,2.95,13,"C",19,20,23.3333333333333,3.46573590279973,31,32,30,36,30
"SET 4 VALENTINE DECOUPAGE HEART BOX","85184C",2011,12,13,38.35,2.95,5,"C",31,19,21,2.63905732961526,13,15,15,14,15
"SET 40 HEART SHAPE PETIT FOUR CASES","23297",2011,10,6,9.9,1.65,4,"A",763,1499,756,1.94591014905531,6,77,93,61,93
"SET 40 HEART SHAPE PETIT FOUR CASES","23297",2011,11,9,14.85,1.65,4,"A",6,763,259.333333333333,2.30258509299405,9,44,21,18,21
"SET 6 FOOTBALL CELEBRATION CANDLES","21125",2011,10,110,137.5,1.25,10,"B",77,27,71.3333333333333,4.70953020131233,110,92,106,92,106
"SET 6 FOOTBALL CELEBRATION CANDLES","21125",2011,11,35,43.75,1.25,6,"B",110,77,74,3.58351893845611,35,35,36,38,36
"SET 6 FOOTBALL CELEBRATION CANDLES","21125",2011,12,2,2.5,1.25,2,"B",35,110,49,1.09861228866811,2,11,8,11,8
"SET 6 PAPER TABLE LANTERN HEARTS","23082",2011,10,340,1225.32,3.72444444444444,53,"A",277,146,254.333333333333,5.83188247728352,340,301,308,302,308
"SET 6 PAPER TABLE LANTERN HEARTS","23082",2011,11,511,1872.09,3.73739726027397,70,"A",340,277,376,6.23832462503951,511,471,473,487,473
"SET 6 PAPER TABLE LANTERN HEARTS","23082",2011,12,152,547.92,3.72125,15,"A",511,340,334.333333333333,5.03043792139244,152,191,181,169,181
"SET 6 PAPER TABLE LANTERN STARS","23083",2011,10,350,1325.53,3.88647058823529,49,"A",330,87,255.666666666667,5.86078622346587,350,283,294,292,294
"SET 6 PAPER TABLE LANTERN STARS","23083",2011,11,682,2447.1,3.72212121212121,66,"A",350,330,454,6.52649485957079,682,582,685,585,685
"SET 6 PAPER TABLE LANTERN STARS","23083",2011,12,132,495,3.75,20,"A",682,350,388,4.89034912822175,132,215,142,200,142
"SET 6 SCHOOL MILK BOTTLES IN CRATE","23328",2011,10,451,1613.49,3.71054794520548,71,"A",458,456,455,6.11368217983223,451,484,489,471,489
"SET 6 SCHOOL MILK BOTTLES IN CRATE","23328",2011,11,499,1935.57,3.75101265822785,78,"A",451,458,469.333333333333,6.21460809842219,499,544,506,465,506
"SET 6 SCHOOL MILK BOTTLES IN CRATE","23328",2011,12,199,694.41,3.67,17,"A",499,451,383,5.29831736654804,199,207,174,202,174
"SET 7 BABUSHKA NESTING BOXES","22752",2011,10,79,675.49,9.23380952380952,21,"A",130,49,86,4.38202663467388,79,91,82,74,82
"SET 7 BABUSHKA NESTING BOXES","22752",2011,11,241,1972.81,9.02135135135135,37,"A",79,130,150,5.48893772615669,241,210,268,215,268
"SET 7 BABUSHKA NESTING BOXES","22752",2011,12,186,823.76,5.50571428571429,14,"A",241,79,168.666666666667,5.23110861685459,186,146,155,129,155
"SET 8 CANDLES VINTAGE DOILEY","23360",2011,10,12,23.4,1.95,1,"C",84,26,40.6666666666667,2.56494935746154,12,6,4,6,4
"SET 8 CANDLES VINTAGE DOILY","23360",2011,10,259,505.05,1.95,27,"B",289,270,272.666666666667,5.56068163101553,259,267,233,277,233
"SET 8 CANDLES VINTAGE DOILY","23360",2011,11,196,382.2,1.95,27,"B",259,289,248,5.28320372873799,196,227,205,234,205
"SET 8 CANDLES VINTAGE DOILY","23360",2011,12,10,19.5,1.95,5,"B",196,259,155,2.39789527279837,10,51,28,48,28
"SET OF 10 LANTERNS FAIRY LIGHT STAR","23048",2011,10,257,990.69,4.2996,24,"B",115,36,136,5.55295958492162,257,207,220,211,220
"SET OF 10 LANTERNS FAIRY LIGHT STAR","23048",2011,11,75,311.25,4.15,16,"B",257,115,149,4.33073334028633,75,105,81,113,81
"SET OF 10 LANTERNS FAIRY LIGHT STAR","23048",2011,12,5,20.75,4.15,2,"B",75,257,112.333333333333,1.79175946922805,5,13,9,11,9
"SET OF 10 LED DOLLY LIGHTS","23108",2011,10,258,1488.66,6.16730769230769,52,"A",653,118,343,5.55682806169954,258,311,242,314,242
"SET OF 10 LED DOLLY LIGHTS","23108",2011,11,281,1651.33,6.15131147540984,60,"A",258,653,397.333333333333,5.64190707093811,281,421,352,333,352
"SET OF 10 LED DOLLY LIGHTS","23108",2011,12,123,654.72,6.24526315789474,19,"A",281,258,220.666666666667,4.82028156560504,123,161,127,154,127
"SET OF 12  VINTAGE POSTCARD SET","85015",2011,10,317,206.05,0.65,11,"B",386,169,290.666666666667,5.76205138278018,317,273,292,265,292
"SET OF 12  VINTAGE POSTCARD SET","85015",2011,11,347,227.36,0.7224,25,"B",317,386,350,5.85220247977447,347,372,353,382,353
"SET OF 12  VINTAGE POSTCARD SET","85015",2011,12,28,18.2,0.65,4,"B",347,317,230.666666666667,3.36729582998647,28,86,98,81,98
"SET OF 12 FAIRY CAKE BAKING CASES","23293",2011,10,914,758.62,0.83,89,"A",1930,1271,1371.66666666667,6.81892406527552,914,1303,1479,1420,1479
"SET OF 12 FAIRY CAKE BAKING CASES","23293",2011,11,1562,1249.82,0.824086021505376,93,"A",914,1930,1468.66666666667,7.35436233042148,1562,1498,1346,1346,1346
"SET OF 12 FAIRY CAKE BAKING CASES","23293",2011,12,499,386.01,0.825925925925926,27,"A",1562,914,991.666666666667,6.21460809842219,499,656,507,695,507
"SET OF 12 FORK CANDLES","23189",2011,10,311,860.39,2.86333333333333,29,"A",285,400,332,5.74300318780948,311,326,306,303,306
"SET OF 12 FORK CANDLES","23189",2011,11,164,454.76,2.87518518518519,27,"A",311,285,253.333333333333,5.10594547390058,164,195,189,220,189
"SET OF 12 FORK CANDLES","23189",2011,12,55,158.95,2.89,4,"A",164,311,176.666666666667,4.02535169073515,55,47,45,37,45
"SET OF 12 MINI LOAF BAKING CASES","23295",2011,10,944,755.36,0.828552631578947,74,"A",1181,1302,1142.33333333333,6.85118492749374,944,1135,1133,1365,1133
"SET OF 12 MINI LOAF BAKING CASES","23295",2011,11,900,718.84,0.826811594202899,69,"A",944,1181,1008.33333333333,6.80350525760834,900,935,1011,991,1011
"SET OF 12 MINI LOAF BAKING CASES","23295",2011,12,195,161.85,0.83,20,"A",900,944,679.666666666667,5.27811465923052,195,468,422,464,422
"SET OF 12 T-LIGHTS VINTAGE DOILEY","23359",2011,10,12,23.4,1.95,1,"C",24,25,20.3333333333333,2.56494935746154,12,7,6,7,6
"SET OF 12 T-LIGHTS VINTAGE DOILY","23359",2011,10,194,378.3,1.95,17,"B",266,211,223.666666666667,5.27299955856375,194,201,196,192,196
"SET OF 12 T-LIGHTS VINTAGE DOILY","23359",2011,11,218,410.7,1.935,20,"B",194,266,226,5.3890717298165,218,213,188,201,188
"SET OF 12 T-LIGHTS VINTAGE DOILY","23359",2011,12,26,50.7,1.95,5,"B",218,194,146,3.29583686600433,26,52,31,44,31
"SET OF 16 VINTAGE BLACK CUTLERY","84968E",2011,11,3,38.25,12.75,1,"B",28,24,18.3333333333333,1.38629436111989,3,4,2,3,2
"SET OF 16 VINTAGE BLACK CUTLERY","84968E",2011,12,3,50.46,16.82,3,"B",3,28,11.3333333333333,1.38629436111989,3,6,4,6,4
"SET OF 16 VINTAGE PISTACHIO CUTLERY","84968C",2011,10,5,63.75,12.75,4,"B",4,7,5.33333333333333,1.79175946922805,5,6,5,6,5
"SET OF 16 VINTAGE PISTACHIO CUTLERY","84968C",2011,11,3,38.25,12.75,3,"B",5,4,4,1.38629436111989,3,4,4,4,4
"SET OF 16 VINTAGE RED CUTLERY","84968D",2011,10,3,38.25,12.75,3,"B",5,3,3.66666666666667,1.38629436111989,3,5,3,4,3
"SET OF 16 VINTAGE RED CUTLERY","84968D",2011,11,1,24.96,24.96,1,"B",3,5,3,0.693147180559945,1,1,1,2,1
"SET OF 16 VINTAGE RED CUTLERY","84968D",2011,12,2,25.5,12.75,2,"B",1,3,2,1.09861228866811,2,3,2,3,2
"SET OF 16 VINTAGE ROSE CUTLERY","84968A",2011,10,28,313.8,11.85,1,"B",13,26,22.3333333333333,3.36729582998647,28,9,13,7,13
"SET OF 16 VINTAGE ROSE CUTLERY","84968A",2011,11,3,38.25,12.75,2,"B",28,13,14.6666666666667,1.38629436111989,3,4,3,5,3
"SET OF 16 VINTAGE ROSE CUTLERY","84968A",2011,12,1,12.75,12.75,1,"B",3,28,10.6666666666667,0.693147180559945,1,2,2,2,2
"SET OF 16 VINTAGE SKY BLUE CUTLERY","84968F",2011,10,3,38.25,12.75,3,"B",3,26,10.6666666666667,1.38629436111989,3,6,5,5,5
"SET OF 16 VINTAGE SKY BLUE CUTLERY","84968F",2011,11,1,12.75,12.75,1,"B",3,3,2.33333333333333,0.693147180559945,1,1,1,1,1
"SET OF 2 CERAMIC CHRISTMAS REINDEER","23268",2011,10,138,216.27,1.66,14,"B",409,672,406.333333333333,4.93447393313069,138,198,150,227,150
"SET OF 2 CERAMIC CHRISTMAS REINDEER","23268",2011,11,3,4.35,1.45,2,"B",138,409,183.333333333333,1.38629436111989,3,16,17,17,17
"SET OF 2 CERAMIC CHRISTMAS TREES","23269",2011,10,330,459.3,1.44285714285714,27,"B",68,48,148.666666666667,5.80211837537706,330,313,376,383,376
"SET OF 2 CERAMIC CHRISTMAS TREES","23269",2011,11,253,366.85,1.45,28,"B",330,68,217,5.53733426701854,253,264,250,269,250
"SET OF 2 CERAMIC CHRISTMAS TREES","23269",2011,12,17,24.65,1.45,5,"B",253,330,200,2.89037175789616,17,61,35,52,35
"SET OF 2 CERAMIC PAINTED HEARTS","23270",2011,10,205,297.25,1.45,30,"B",169,382,252,5.32787616878958,205,233,201,245,201
"SET OF 2 CERAMIC PAINTED HEARTS","23270",2011,11,190,275.5,1.45,35,"B",205,169,188,5.25227342804663,190,211,186,215,186
"SET OF 2 CERAMIC PAINTED HEARTS","23270",2011,12,21,30.45,1.45,5,"B",190,205,138.666666666667,3.09104245335832,21,46,22,42,22
"SET OF 2 CHRISTMAS DECOUPAGE CANDLE","72817",2011,10,426,369.3,0.903513513513513,37,"B",194,12,210.666666666667,6.05678401322862,426,362,392,427,392
"SET OF 2 CHRISTMAS DECOUPAGE CANDLE","72817",2011,11,364,314.44,0.856315789473684,37,"B",426,194,328,5.89989735358249,364,381,340,342,340
"SET OF 2 ROUND TINS CAMEMBERT","22495",2011,10,14,41.3,2.95,4,"C",25,2,13.6666666666667,2.70805020110221,14,14,14,12,14
"SET OF 2 ROUND TINS CAMEMBERT","22495",2011,11,14,41.3,2.95,9,"C",14,25,17.6666666666667,2.70805020110221,14,21,18,24,18
"SET OF 2 ROUND TINS CAMEMBERT","22495",2011,12,92,72.68,0.79,11,"C",14,14,40,4.53259949315326,92,87,103,120,103
"SET OF 2 ROUND TINS DUTCH CHEESE","22496",2011,10,24,70.8,2.95,9,"C",17,6,15.6666666666667,3.2188758248682,24,26,23,30,23
"SET OF 2 ROUND TINS DUTCH CHEESE","22496",2011,11,23,67.85,2.95,14,"C",24,17,21.3333333333333,3.17805383034795,23,30,28,33,28
"SET OF 2 ROUND TINS DUTCH CHEESE","22496",2011,12,111,87.69,0.79,9,"C",23,24,52.6666666666667,4.71849887129509,111,103,132,126,132
"SET OF 2 TEA TOWELS APPLE AND PEARS","22895",2011,10,106,344.5,3.25,23,"A",220,158,161.333333333333,4.67282883446191,106,125,124,140,124
"SET OF 2 TEA TOWELS APPLE AND PEARS","22895",2011,11,156,517.14,3.5035,39,"A",106,220,160.666666666667,5.05624580534831,156,170,160,207,160
"SET OF 2 TEA TOWELS APPLE AND PEARS","22895",2011,12,16,52,3.25,4,"A",156,106,92.6666666666667,2.83321334405622,16,36,22,25,22
"SET OF 2 TEA TOWELS PING MICROWAVE","22124",2011,10,11,28.04,2.62333333333333,6,"C",5,3,6.33333333333333,2.484906649788,11,12,11,16,11
"SET OF 2 TEA TOWELS PING MICROWAVE","22124",2011,11,3,7.38,2.46,2,"C",11,5,6.33333333333333,1.38629436111989,3,4,3,5,3
"SET OF 2 TEA TOWELS PING MICROWAVE","22124",2011,12,48,46.27,1.06833333333333,6,"C",3,11,20.6666666666667,3.89182029811063,48,43,50,60,50
"SET OF 2 TINS JARDIN DE PROVENCE","22500",2011,10,11,54.45,4.95,5,"B",10,7,9.33333333333333,2.484906649788,11,11,11,10,11
"SET OF 2 TINS JARDIN DE PROVENCE","22500",2011,11,11,54.45,4.95,9,"B",11,10,10.6666666666667,2.484906649788,11,13,11,18,11
"SET OF 2 TINS JARDIN DE PROVENCE","22500",2011,12,91,113.75,1.25,19,"B",11,11,37.6666666666667,4.52178857704904,91,89,102,116,102
"SET OF 2 TINS VINTAGE BATHROOM","22497",2011,10,8,34,4.25,4,"B",17,19,14.6666666666667,2.19722457733622,8,10,9,11,9
"SET OF 2 TINS VINTAGE BATHROOM","22497",2011,11,5,21.25,4.25,3,"B",8,17,10,1.79175946922805,5,7,5,7,5
"SET OF 2 TINS VINTAGE BATHROOM","22497",2011,12,1,4.25,4.25,1,"B",5,8,4.66666666666667,0.693147180559945,1,2,1,2,1
"SET OF 2 TRAYS HOME SWEET HOME","23407",2011,11,72,690.12,9.904375,32,"B",78,78,76,4.29045944114839,72,80,75,87,75
"SET OF 2 TRAYS HOME SWEET HOME","23407",2011,12,20,199,9.95,11,"B",72,78,56.6666666666667,3.04452243772342,20,34,27,37,27
"SET OF 2 WOODEN MARKET CRATES","22485",2011,10,15,191.25,12.75,6,"A",55,25,31.6666666666667,2.77258872223978,15,14,13,16,13
"SET OF 2 WOODEN MARKET CRATES","22485",2011,11,48,568.8,12.51,15,"A",15,55,39.3333333333333,3.89182029811063,48,48,51,40,51
"SET OF 2 WOODEN MARKET CRATES","22485",2011,12,26,288.3,11.55,3,"A",48,15,29.6666666666667,3.29583686600433,26,13,13,11,13
"SET OF 20 KIDS COOKIE CUTTERS","84375",2011,10,344,744.73,2.28454545454545,44,"A",343,160,282.333333333333,5.84354441703136,344,370,366,378,366
"SET OF 20 KIDS COOKIE CUTTERS","84375",2011,11,582,1258.74,2.20684210526316,73,"A",344,343,423,6.36818718635049,582,572,597,582,597
"SET OF 20 KIDS COOKIE CUTTERS","84375",2011,12,128,278.95,2.226875,16,"A",582,344,351.333333333333,4.85981240436167,128,199,171,183,171
"SET OF 20 VINTAGE CHRISTMAS NAPKINS","22909",2011,10,1576,1314.64,0.84781512605042,115,"A",2142,597,1438.33333333333,7.36327958696304,1576,1472,1702,1507,1702
"SET OF 20 VINTAGE CHRISTMAS NAPKINS","22909",2011,11,1840,1501.6,0.84753164556962,153,"A",1576,2142,1852.66666666667,7.51806418123308,1840,1795,2070,2249,2070
"SET OF 20 VINTAGE CHRISTMAS NAPKINS","22909",2011,12,646,536.62,0.84734693877551,48,"A",1840,1576,1354,6.4723462945009,646,1001,1155,1034,1155
"SET OF 3 BIRD LIGHT PINK FEATHER","35471D",2011,10,159,62.01,0.39,18,"C",317,125,200.333333333333,5.07517381523383,159,189,168,203,168
"SET OF 3 BIRD LIGHT PINK FEATHER","35471D",2011,11,682,265.98,0.39,56,"C",159,317,386,6.52649485957079,682,596,722,695,722
"SET OF 3 BIRD LIGHT PINK FEATHER","35471D",2011,12,64,24.96,0.39,7,"C",682,159,301.666666666667,4.17438726989564,64,165,123,124,123
"SET OF 3 BLACK FLYING DUCKS","35004B",2011,10,99,461.15,4.78333333333333,6,"B",7,6,37.3333333333333,4.60517018598809,99,79,106,77,106
"SET OF 3 BLACK FLYING DUCKS","35004B",2011,11,19,93.95,5.29,5,"B",99,7,41.6666666666667,2.99573227355399,19,24,20,20,20
"SET OF 3 BLACK FLYING DUCKS","35004B",2011,12,10,54.5,5.45,5,"B",19,99,42.6666666666667,2.39789527279837,10,18,15,20,15
"SET OF 3 BUTTERFLY COOKIE CUTTERS","84380",2011,10,719,992.02,1.51414634146341,41,"A",283,452,484.666666666667,6.5792512120101,719,625,735,581,735
"SET OF 3 BUTTERFLY COOKIE CUTTERS","84380",2011,11,456,665.87,1.49101449275362,69,"A",719,283,486,6.12468339089421,456,530,457,564,457
"SET OF 3 BUTTERFLY COOKIE CUTTERS","84380",2011,12,140,207.04,1.5005,18,"A",456,719,438.333333333333,4.94875989037817,140,276,231,280,231
"SET OF 3 CAKE TINS PANTRY DESIGN","22720",2011,10,568,2791.12,5.065,128,"A",1205,583,785.333333333333,6.34388043412633,568,853,660,685,660
"SET OF 3 CAKE TINS PANTRY DESIGN","22720",2011,11,478,2334.34,5.07851239669422,120,"A",568,1205,750.333333333333,6.17170059741091,478,734,685,697,685
"SET OF 3 CAKE TINS PANTRY DESIGN","22720",2011,12,129,656.55,5.12724137931034,29,"A",478,568,391.666666666667,4.86753445045558,129,220,179,223,179
"SET OF 3 CAKE TINS SKETCHBOOK","22721",2011,10,45,240.27,5.59888888888889,18,"A",30,16,30.3333333333333,3.8286413964891,45,44,45,46,45
"SET OF 3 CAKE TINS SKETCHBOOK","22721",2011,11,43,230.37,5.98058823529412,17,"A",45,30,39.3333333333333,3.78418963391826,43,49,46,46,46
"SET OF 3 CAKE TINS SKETCHBOOK","22721",2011,12,166,365.54,2.5436,25,"A",43,45,84.6666666666667,5.11799381241676,166,147,174,158,174
"SET OF 3 GOLD FLYING DUCKS","35004G",2011,10,7,34.25,5.5,2,"C",6,4,5.66666666666667,2.07944154167984,7,6,6,6,6
"SET OF 3 GOLD FLYING DUCKS","35004G",2011,11,15,74.85,5.78333333333333,3,"C",7,6,9.33333333333333,2.77258872223978,15,12,13,10,13
"SET OF 3 GOLD FLYING DUCKS","35004G",2011,12,25,48.75,1.95,3,"C",15,7,15.6666666666667,3.25809653802148,25,21,22,18,22
"SET OF 3 HANGING OWLS OLLIE BEAK","23275",2011,10,559,664.38,1.35053571428571,52,"A",384,592,511.666666666667,6.32793678372919,559,567,619,611,619
"SET OF 3 HANGING OWLS OLLIE BEAK","23275",2011,11,1484,1737.67,1.26642201834862,106,"A",559,384,809,7.3031700512368,1484,1306,1670,1185,1670
"SET OF 3 HANGING OWLS OLLIE BEAK","23275",2011,12,282,357.34,1.29172413793103,29,"A",1484,559,775,5.64544689764324,282,596,418,576,418
"SET OF 3 HEART COOKIE CUTTERS","84378",2011,10,627,888.43,1.50549019607843,50,"A",238,154,339.666666666667,6.4425401664682,627,580,698,593,698
"SET OF 3 HEART COOKIE CUTTERS","84378",2011,11,1326,1785.07,1.50731343283582,66,"A",627,238,730.333333333333,7.19067603433221,1326,1010,1148,1077,1148
"SET OF 3 HEART COOKIE CUTTERS","84378",2011,12,153,228.92,1.50315789473684,19,"A",1326,627,702,5.03695260241363,153,376,390,428,390
"SET OF 3 NOTEBOOKS IN PARCEL","22759",2011,10,1409,2217.65,1.79615384615385,51,"A",430,294,711,7.25134498337221,1409,1073,1445,1138,1445
"SET OF 3 NOTEBOOKS IN PARCEL","22759",2011,11,866,1393.82,1.73340425531915,47,"A",1409,430,901.666666666667,6.76503897678054,866,769,848,774,848
"SET OF 3 PANTRY WOODEN SPOONS","23495",2011,12,40,50,1.25,6,"C",147,5,64,3.71357206670431,40,40,30,50,30
"SET OF 3 REGENCY CAKE TINS","23245",2011,10,946,4284.78,4.9708,100,"A",767,639,784,6.85329909318608,946,921,816,768,816
"SET OF 3 REGENCY CAKE TINS","23245",2011,11,681,3187.27,5.07176991150442,111,"A",946,767,798,6.52502965784346,681,796,735,695,735
"SET OF 3 REGENCY CAKE TINS","23245",2011,12,205,972.99,5.05424242424242,33,"A",681,946,610.666666666667,5.32787616878958,205,384,302,356,302
"SET OF 3 WOODEN HEART DECORATIONS","23263",2011,10,881,1108.72,1.34576576576577,103,"A",652,423,652,6.78219205600679,881,840,923,837,923
"SET OF 3 WOODEN HEART DECORATIONS","23263",2011,11,1048,1390.83,1.32704,114,"A",881,652,860.333333333333,6.9555926083963,1048,1007,1020,1048,1020
"SET OF 3 WOODEN HEART DECORATIONS","23263",2011,12,175,248.11,1.36181818181818,18,"A",1048,881,701.333333333333,5.17048399503815,175,425,470,431,470
"SET OF 3 WOODEN SLEIGH DECORATIONS","23264",2011,10,621,801.4,1.33149425287356,82,"B",266,117,334.666666666667,6.43294009273918,621,592,712,590,712
"SET OF 3 WOODEN SLEIGH DECORATIONS","23264",2011,11,574,762.35,1.32808510638298,87,"B",621,266,487,6.35437004079735,574,604,613,618,613
"SET OF 3 WOODEN SLEIGH DECORATIONS","23264",2011,12,159,208.43,1.31368421052632,18,"B",574,621,451.333333333333,5.07517381523383,159,249,203,288,203
"SET OF 3 WOODEN STOCKING DECORATION","23266",2011,10,583,741.8,1.31758620689655,84,"B",338,134,351.666666666667,6.36990098282823,583,557,586,592,586
"SET OF 3 WOODEN STOCKING DECORATION","23266",2011,11,612,814.69,1.31859813084112,96,"B",583,338,511,6.41836493593621,612,642,627,650,627
"SET OF 3 WOODEN STOCKING DECORATION","23266",2011,12,128,170.89,1.3105,19,"B",612,583,441,4.85981240436167,128,234,201,288,201
"SET OF 3 WOODEN TREE DECORATIONS","23265",2011,10,443,568.09,1.34847222222222,70,"B",344,61,282.666666666667,6.09582456243222,443,459,442,477,442
"SET OF 3 WOODEN TREE DECORATIONS","23265",2011,11,606,791.42,1.3109,94,"B",443,344,464.333333333333,6.4085287910595,606,630,611,617,611
"SET OF 3 WOODEN TREE DECORATIONS","23265",2011,12,117,153.51,1.325625,16,"B",606,443,388.666666666667,4.77068462446567,117,204,156,203,156
"SET OF 36 DINOSAUR PAPER DOILIES","21972",2011,10,13,18.85,1.45,2,"C",17,18,16,2.63905732961526,13,11,11,12,11
"SET OF 36 DINOSAUR PAPER DOILIES","21972",2011,11,55,79.75,1.45,6,"C",13,17,28.3333333333333,4.02535169073515,55,51,48,46,48
"SET OF 36 DOILIES PANTRY DESIGN","23306",2011,10,199,290.02,1.5235,20,"A",430,376,335,5.29831736654804,199,232,209,234,209
"SET OF 36 DOILIES PANTRY DESIGN","23306",2011,11,12,17.4,1.45,1,"A",199,430,213.666666666667,2.56494935746154,12,11,10,8,10
"SET OF 36 DOILIES SPACEBOY DESIGN","22416",2011,10,26,37.7,1.45,4,"B",65,15,35.3333333333333,3.29583686600433,26,28,26,22,26
"SET OF 36 MUSHROOM PAPER DOILIES","21973",2011,10,2,2.9,1.45,2,"C",19,16,12.3333333333333,1.09861228866811,2,5,4,6,4
"SET OF 36 MUSHROOM PAPER DOILIES","21973",2011,11,5,7.25,1.45,2,"C",2,19,8.66666666666667,1.79175946922805,5,4,4,6,4
"SET OF 36 PAISLEY FLOWER DOILIES","21974",2011,10,188,275.54,1.58363636363636,22,"A",329,137,218,5.24174701505964,188,215,182,218,182
"SET OF 36 PAISLEY FLOWER DOILIES","21974",2011,11,262,388.72,1.59225806451613,31,"A",188,329,259.666666666667,5.57215403217776,262,256,264,275,264
"SET OF 36 PAISLEY FLOWER DOILIES","21974",2011,12,56,87.08,1.66,7,"A",262,188,168.666666666667,4.04305126783455,56,74,67,75,67
"SET OF 36 PANTRY PAPER DOILIES","23306",2011,12,1,1.45,1.45,1,"C",35,3,13,0.693147180559945,1,3,2,5,2
"SET OF 36 SPACEBOY PAPER DOILIES","22416",2011,12,18,26.1,1.45,2,"C",29,3,16.6666666666667,2.94443897916644,18,15,16,14,16
"SET OF 36 TEATIME PAPER DOILIES","84987",2011,10,318,433.77,1.51047619047619,21,"A",143,134,198.333333333333,5.76519110278484,318,295,322,259,322
"SET OF 36 TEATIME PAPER DOILIES","84987",2011,11,379,525.16,1.54448275862069,29,"A",318,143,280,5.94017125272043,379,369,406,358,406
"SET OF 36 TEATIME PAPER DOILIES","84987",2011,12,6,8.7,1.45,3,"A",379,318,234.333333333333,1.94591014905531,6,33,46,32,46
"SET OF 4 BLACK LOVEBIRD COASTERS","84951B",2011,11,63,56.45,1.124,9,"C",2,9,24.6666666666667,4.15888308335967,63,55,65,91,65
"SET OF 4 BLACK LOVEBIRD COASTERS","84951B",2011,12,27,21.33,0.79,3,"C",63,2,30.6666666666667,3.3322045101752,27,21,22,27,22
"SET OF 4 CAROUSEL PLACEMATS","84509E",2011,10,4,15,3.75,1,"C",1,2,2.33333333333333,1.6094379124341,4,3,4,2,4
"SET OF 4 CAROUSEL PLACEMATS","84509E",2011,12,14,11.06,0.79,2,"C",4,1,6.33333333333333,2.70805020110221,14,11,12,12,12
"SET OF 4 DIAMOND NAPKIN RINGS","84813",2011,10,2,25.5,12.75,1,"B",2,39,14.3333333333333,1.09861228866811,2,2,2,3,2
"SET OF 4 DIAMOND NAPKIN RINGS","84813",2011,11,16,175.2,10.95,1,"B",2,2,6.66666666666667,2.83321334405622,16,8,16,6,16
"SET OF 4 DIAMOND NAPKIN RINGS","84813",2011,12,29,85.55,2.95,4,"B",16,2,15.6666666666667,3.40119738166216,29,23,27,20,27
"SET OF 4 ENGLISH ROSE COASTERS","84510A",2011,10,82,104.92,1.31722222222222,18,"B",116,57,85,4.4188406077966,82,100,94,93,94
"SET OF 4 ENGLISH ROSE COASTERS","84510A",2011,11,116,145,1.25,18,"B",82,116,104.666666666667,4.76217393479776,116,124,117,123,117
"SET OF 4 ENGLISH ROSE COASTERS","84510A",2011,12,59,74.96,1.45166666666667,6,"B",116,82,85.6666666666667,4.0943445622221,59,53,54,55,54
"SET OF 4 ENGLISH ROSE PLACEMATS","84509A",2011,10,73,261.97,3.97384615384615,13,"B",40,29,47.3333333333333,4.30406509320417,73,67,78,54,78
"SET OF 4 ENGLISH ROSE PLACEMATS","84509A",2011,11,70,266.21,3.9355,20,"B",73,40,61,4.26267987704132,70,73,62,74,62
"SET OF 4 ENGLISH ROSE PLACEMATS","84509A",2011,12,4,15,3.75,1,"B",70,73,49,1.6094379124341,4,3,2,4,2
"SET OF 4 FAIRY CAKE PLACEMATS","84509B",2011,10,11,41.25,3.75,4,"B",11,8,10,2.484906649788,11,10,12,11,12
"SET OF 4 FAIRY CAKE PLACEMATS","84509G",2011,10,9,33.75,3.75,3,"B",11,11,10.3333333333333,2.30258509299405,9,10,8,9,8
"SET OF 4 FAIRY CAKE PLACEMATS","84509B",2011,11,26,97.5,3.75,5,"B",9,11,15.3333333333333,3.29583686600433,26,24,25,21,25
"SET OF 4 FAIRY CAKE PLACEMATS","84509G",2011,11,18,67.5,3.75,4,"B",26,9,17.6666666666667,2.94443897916644,18,18,19,16,19
"SET OF 4 FAIRY CAKE PLACEMATS","84509B",2011,12,9,33.75,3.75,3,"B",18,26,17.6666666666667,2.30258509299405,9,11,11,10,11
"SET OF 4 FAIRY CAKE PLACEMATS","84509G",2011,12,22,27.5,1.25,5,"B",9,18,16.3333333333333,3.13549421592915,22,21,22,25,22
"SET OF 4 GREEN CAROUSEL COASTERS","84510E",2011,10,2,2.5,1.25,1,"C",4,1,2.33333333333333,1.09861228866811,2,2,2,2,2
"SET OF 4 GREEN CAROUSEL COASTERS","84510E",2011,11,10,12.5,1.25,1,"C",2,4,5.33333333333333,2.39789527279837,10,8,9,5,9
"SET OF 4 GREEN CAROUSEL COASTERS","84510E",2011,12,5,1.05,0.21,2,"C",10,2,5.66666666666667,1.79175946922805,5,5,5,9,5
"SET OF 4 JAM JAR MAGNETS","23154",2011,10,156,324.48,2.08,20,"A",420,185,253.666666666667,5.05624580534831,156,179,151,200,151
"SET OF 4 JAM JAR MAGNETS","23154",2011,11,223,463.84,2.08,36,"A",156,420,266.333333333333,5.41164605185504,223,254,228,263,228
"SET OF 4 JAM JAR MAGNETS","23154",2011,12,155,294.8,2.057,7,"A",223,156,178,5.04985600724954,155,111,118,87,118
"SET OF 4 KNICK KNACK TINS DOILEY","23240",2011,10,6,24.9,4.15,1,"A",24,383,137.666666666667,1.94591014905531,6,7,3,4,3
"SET OF 4 KNICK KNACK TINS DOILY","23240",2011,10,614,2452.1,4.12808219178082,73,"A",636,331,527,6.42162226780652,614,596,607,533,607
"SET OF 4 KNICK KNACK TINS DOILY","23240",2011,11,541,2225.95,4.14529411764706,84,"A",614,636,597,6.29526600143965,541,625,597,565,597
"SET OF 4 KNICK KNACK TINS DOILY","23240",2011,12,164,661.4,4.134,25,"A",541,614,439.666666666667,5.10594547390058,164,258,217,269,217
"SET OF 4 KNICK KNACK TINS LEAF","23237",2011,10,83,344.45,4.15,19,"A",142,163,129.333333333333,4.43081679884331,83,104,96,95,96
"SET OF 4 KNICK KNACK TINS LEAF","23237",2011,11,164,661.4,4.12894736842105,19,"A",83,142,129.666666666667,5.10594547390058,164,151,149,141,149
"SET OF 4 KNICK KNACK TINS LEAF","23237",2011,12,43,178.45,4.15,10,"A",164,83,96.6666666666667,3.78418963391826,43,62,52,52,52
"SET OF 4 KNICK KNACK TINS LONDON","23238",2011,10,156,647.4,4.15,31,"A",345,258,253,5.05624580534831,156,202,173,217,173
"SET OF 4 KNICK KNACK TINS LONDON","23238",2011,11,237,964.35,4.14024390243902,40,"A",156,345,246,5.47227067367148,237,239,234,215,234
"SET OF 4 KNICK KNACK TINS LONDON","23238",2011,12,156,609,4.09666666666667,15,"A",237,156,183,5.05624580534831,156,140,150,131,150
"SET OF 4 KNICK KNACK TINS POPPIES","23239",2011,10,73,302.95,4.15,19,"A",88,87,82.6666666666667,4.30406509320417,73,85,84,85,84
"SET OF 4 KNICK KNACK TINS POPPIES","23239",2011,11,76,315.4,4.15,17,"A",73,88,79,4.34380542185368,76,84,68,79,68
"SET OF 4 KNICK KNACK TINS POPPIES","23239",2011,12,84,183.6,2.06666666666667,17,"A",76,73,77.6666666666667,4.44265125649032,84,91,85,104,85
"SET OF 4 NAPKIN CHARMS 3 KEYS","22640",2011,10,17,43.35,2.55,4,"C",7,1,8.33333333333333,2.89037175789616,17,15,16,15,16
"SET OF 4 NAPKIN CHARMS 3 KEYS","22640",2011,11,15,38.25,2.55,6,"C",17,7,13,2.77258872223978,15,16,17,18,17
"SET OF 4 NAPKIN CHARMS 3 KEYS","22640",2011,12,43,33.97,0.79,3,"C",15,17,25,3.78418963391826,43,37,39,38,39
"SET OF 4 NAPKIN CHARMS CROWNS","22638",2011,10,20,53.41,3.032,5,"C",10,1,10.3333333333333,3.04452243772342,20,17,17,17,17
"SET OF 4 NAPKIN CHARMS CROWNS","22638",2011,11,18,45.9,2.55,6,"C",20,10,16,2.94443897916644,18,18,17,20,17
"SET OF 4 NAPKIN CHARMS CROWNS","22638",2011,12,54,42.66,0.79,6,"C",18,20,30.6666666666667,4.00733318523247,54,53,54,60,54
"SET OF 4 NAPKIN CHARMS CUTLERY","22604",2011,10,74,188.7,2.55,16,"A",12,21,35.6666666666667,4.31748811353631,74,71,80,80,80
"SET OF 4 NAPKIN CHARMS CUTLERY","22604",2011,11,55,142.66,2.69176470588235,16,"A",74,12,47,4.02535169073515,55,56,57,59,57
"SET OF 4 NAPKIN CHARMS CUTLERY","22604",2011,12,19,48.45,2.55,5,"A",55,74,49.3333333333333,2.99573227355399,19,27,25,26,25
"SET OF 4 NAPKIN CHARMS HEARTS","22639",2011,10,115,286.08,2.71807692307692,24,"B",42,58,71.6666666666667,4.75359019110636,115,114,111,122,111
"SET OF 4 NAPKIN CHARMS HEARTS","22639",2011,11,80,192.01,2.65888888888889,18,"B",115,42,79,4.39444915467244,80,89,85,90,85
"SET OF 4 NAPKIN CHARMS HEARTS","22639",2011,12,77,60.83,0.79,7,"B",80,115,90.6666666666667,4.35670882668959,77,80,80,87,80
"SET OF 4 NAPKIN CHARMS INSTRUMENT","22641",2011,10,27,68.85,2.55,6,"C",2,1,10,3.3322045101752,27,21,28,31,28
"SET OF 4 NAPKIN CHARMS INSTRUMENT","22641",2011,11,8,20.4,2.55,5,"C",27,2,12.3333333333333,2.19722457733622,8,12,10,11,10
"SET OF 4 NAPKIN CHARMS INSTRUMENT","22641",2011,12,3,2.37,0.79,1,"C",8,27,12.6666666666667,1.38629436111989,3,4,2,4,2
"SET OF 4 NAPKIN CHARMS LEAVES","22643",2011,10,10,25.5,2.55,4,"C",1,13,8,2.39789527279837,10,10,9,10,9
"SET OF 4 NAPKIN CHARMS LEAVES","22643",2011,11,29,73.95,2.55,4,"C",10,1,13.3333333333333,3.40119738166216,29,24,30,25,30
"SET OF 4 NAPKIN CHARMS LEAVES","22643",2011,12,46,36.34,0.79,7,"C",29,10,28.3333333333333,3.85014760171006,46,43,46,46,46
"SET OF 4 NAPKIN CHARMS STARS","22642",2011,10,70,164.87,2.76777777777778,9,"C",14,2,28.6666666666667,4.26267987704132,70,55,79,72,79
"SET OF 4 NAPKIN CHARMS STARS","22642",2011,11,30,76.5,2.55,10,"C",70,14,38,3.43398720448515,30,40,36,39,36
"SET OF 4 NAPKIN CHARMS STARS","22642",2011,12,57,45.03,0.79,7,"C",30,70,52.3333333333333,4.06044301054642,57,57,48,62,48
"SET OF 4 PANTRY JELLY MOULDS","22993",2011,10,1149,1442.99,1.31590361445783,82,"A",1284,1102,1178.33333333333,7.0475172213573,1149,1246,1341,1354,1341
"SET OF 4 PANTRY JELLY MOULDS","22993",2011,11,1365,1634.51,1.28843137254902,97,"A",1149,1284,1266,7.21964204013074,1365,1326,1385,1341,1385
"SET OF 4 PANTRY JELLY MOULDS","22993",2011,12,469,552.47,1.27862068965517,28,"A",1365,1149,994.333333333333,6.1527326947041,469,655,618,660,618
"SET OF 4 PISTACHIO LOVEBIRD COASTER","84951A",2011,10,29,24.58,1.34666666666667,3,"C",48,33,36.6666666666667,3.40119738166216,29,26,25,23,25
"SET OF 4 PISTACHIO LOVEBIRD COASTER","84951A",2011,11,51,40.29,0.79,4,"C",29,48,42.6666666666667,3.95124371858143,51,46,46,54,46
"SET OF 4 PISTACHIO LOVEBIRD COASTER","84951A",2011,12,2,4.92,2.46,1,"C",51,29,27.3333333333333,1.09861228866811,2,7,3,4,3
"SET OF 4 POLKADOT COASTERS","84510C",2011,10,6,8.71,1.5525,4,"C",3,22,10.3333333333333,1.94591014905531,6,8,6,10,6
"SET OF 4 POLKADOT COASTERS","84510C",2011,11,7,9.96,1.492,5,"C",6,3,5.33333333333333,2.07944154167984,7,9,8,12,8
"SET OF 4 POLKADOT COASTERS","84510C",2011,12,1,1.25,1.25,1,"C",7,6,4.66666666666667,0.693147180559945,1,2,2,2,2
"SET OF 4 POLKADOT PLACEMATS","84509C",2011,10,10,37.5,3.75,3,"C",2,10,7.33333333333333,2.39789527279837,10,8,9,8,9
"SET OF 4 POLKADOT PLACEMATS","84509C",2011,11,9,33.75,3.75,4,"C",10,2,7,2.30258509299405,9,10,9,9,9
"SET OF 4 ROSE BOTANICAL CANDLES","21620",2011,10,108,160,1.63461538461538,25,"B",2,11,40.3333333333333,4.69134788222914,108,107,127,182,127
"SET OF 4 ROSE BOTANICAL CANDLES","21620",2011,11,329,411.25,1.25,49,"B",108,2,146.333333333333,5.79909265446053,329,283,404,411,404
"SET OF 4 ROSE BOTANICAL CANDLES","21620",2011,12,138,182.5,1.38157894736842,19,"B",329,108,191.666666666667,4.93447393313069,138,163,156,167,156
"SET OF 4 SANTA PLACE SETTINGS","23267",2011,10,159,198.75,1.25,18,"B",398,88,215,5.07517381523383,159,183,175,176,175
"SET OF 4 SANTA PLACE SETTINGS","23267",2011,11,361,451.25,1.25,31,"B",159,398,306,5.89164421182577,361,310,328,343,328
"SET OF 4 SANTA PLACE SETTINGS","23267",2011,12,39,48.75,1.25,5,"B",361,159,186.333333333333,3.68887945411394,39,65,50,60,50
"SET OF 5 LUCKY CAT MAGNETS","23158",2011,10,286,575.48,2.36190476190476,21,"A",333,171,263.333333333333,5.65948221575962,286,283,277,231,277
"SET OF 5 LUCKY CAT MAGNETS","23158",2011,11,265,559.4,2.25571428571429,35,"A",286,333,294.666666666667,5.5834963087817,265,285,267,305,267
"SET OF 5 LUCKY CAT MAGNETS","23158",2011,12,136,286.98,2.26636363636364,11,"A",265,286,229,4.91998092582813,136,145,121,134,121
"SET OF 5 MINI GROCERY MAGNETS","23156",2011,10,304,604.72,2.07041666666667,23,"A",151,185,213.333333333333,5.72031177660741,304,297,321,269,321
"SET OF 5 MINI GROCERY MAGNETS","23156",2011,11,156,326.53,2.13540540540541,36,"A",304,151,203.666666666667,5.05624580534831,156,201,185,192,185
"SET OF 5 MINI GROCERY MAGNETS","23156",2011,12,51,106.08,2.08,6,"A",156,304,170.333333333333,3.95124371858143,51,65,57,63,57
"SET OF 5 PANCAKE DAY MAGNETS","23159",2011,10,269,559.52,2.08,25,"A",149,222,213.333333333333,5.59842195899838,269,281,302,275,302
"SET OF 5 PANCAKE DAY MAGNETS","23159",2011,11,232,482.56,2.08,36,"A",269,149,216.666666666667,5.4510384535657,232,254,235,266,235
"SET OF 6 3D KIT CARDS FOR KIDS","85227",2011,10,154,134.02,0.915,23,"B",59,86,99.6666666666667,5.04342511691925,154,153,162,176,162
"SET OF 6 3D KIT CARDS FOR KIDS","85227",2011,11,168,147.48,0.895882352941176,33,"B",154,59,127,5.12989871492307,168,172,166,195,166
"SET OF 6 3D KIT CARDS FOR KIDS","85227",2011,12,53,45.05,0.85,10,"B",168,154,125,3.98898404656427,53,77,65,83,65
"SET OF 6 CAKE CHOPSTICKS","21948",2011,10,37,52.3,1.78777777777778,9,"C",17,15,23,3.63758615972639,37,35,36,44,36
"SET OF 6 CAKE CHOPSTICKS","21948",2011,11,40,60.89,1.492,10,"C",37,17,31.3333333333333,3.71357206670431,40,40,40,43,40
"SET OF 6 CAKE CHOPSTICKS","21948",2011,12,3,7.38,2.46,1,"C",40,37,26.6666666666667,1.38629436111989,3,5,4,5,4
"SET OF 6 FUNKY BEAKERS","21557",2011,10,13,41.19,3.89666666666667,3,"B",2,18,11,2.63905732961526,13,10,11,9,11
"SET OF 6 FUNKY BEAKERS","21557",2011,11,21,67.63,3.58111111111111,9,"B",13,2,12,3.09104245335832,21,20,21,27,21
"SET OF 6 FUNKY BEAKERS","21557",2011,12,9,32.23,3.89666666666667,3,"B",21,13,14.3333333333333,2.30258509299405,9,10,9,8,9
"SET OF 6 GIRLS CELEBRATION CANDLES","21126",2011,10,25,31.25,1.25,2,"C",20,35,26.6666666666667,3.25809653802148,25,16,18,15,18
"SET OF 6 GIRLS CELEBRATION CANDLES","21126",2011,11,28,35,1.25,9,"C",25,20,24.3333333333333,3.36729582998647,28,31,31,43,31
"SET OF 6 GIRLS CELEBRATION CANDLES","21126",2011,12,12,15,1.25,1,"C",28,25,21.6666666666667,2.56494935746154,12,8,6,7,6
"SET OF 6 HALLOWEEN GHOST T-LIGHTS","72586",2011,10,118,49.56,0.42,13,"C",406,88,204,4.77912349311153,118,158,131,143,131
"SET OF 6 HALLOWEEN GHOST T-LIGHTS","72586",2011,11,1,0.42,0.42,1,"C",118,406,175,0.693147180559945,1,16,15,13,15
"SET OF 6 HEART CHOPSTICKS","21947",2011,10,52,73.47,1.70375,8,"B",29,1,27.3333333333333,3.97029191355212,52,44,48,53,48
"SET OF 6 HEART CHOPSTICKS","21947",2011,11,50,73.39,1.415,19,"B",52,29,43.6666666666667,3.93182563272433,50,62,51,59,51
"SET OF 6 HEART CHOPSTICKS","21947",2011,12,3,4.96,1.65333333333333,3,"B",50,52,35,1.38629436111989,3,12,10,15,10
"SET OF 6 HERB TINS SKETCHBOOK","22723",2011,10,18,71.1,3.95,9,"A",17,107,47.3333333333333,2.94443897916644,18,34,31,28,31
"SET OF 6 HERB TINS SKETCHBOOK","22723",2011,11,33,134.69,4.23933333333333,15,"A",18,17,22.6666666666667,3.52636052461616,33,35,37,40,37
"SET OF 6 HERB TINS SKETCHBOOK","22723",2011,12,125,156.25,1.25,16,"A",33,18,58.6666666666667,4.83628190695148,125,122,143,126,143
"SET OF 6 KASHMIR FOLKART BAUBLES","84944",2011,10,41,67.65,1.65,14,"B",5,195,80.3333333333333,3.73766961828337,41,71,64,79,64
"SET OF 6 KASHMIR FOLKART BAUBLES","84944",2011,11,6,9.9,1.65,3,"B",41,5,17.3333333333333,1.94591014905531,6,12,11,14,11
"SET OF 6 NATIVITY MAGNETS","23157",2011,10,861,1747.98,2.22072727272727,54,"A",456,278,531.666666666667,6.75925527066369,861,701,822,697,822
"SET OF 6 NATIVITY MAGNETS","23157",2011,11,658,1318.69,2.145,52,"A",861,456,658.333333333333,6.49072353450251,658,645,629,634,629
"SET OF 6 RIBBONS VINTAGE CHRISTMAS","22734",2011,10,791,2294.69,2.91566371681416,111,"A",709,229,576.333333333333,6.67456139181443,791,733,698,693,698
"SET OF 6 RIBBONS VINTAGE CHRISTMAS","22734",2011,11,1003,2812.27,2.88333333333333,114,"A",791,709,834.333333333333,6.91174730025167,1003,999,855,975,855
"SET OF 6 RIBBONS VINTAGE CHRISTMAS","22734",2011,12,95,274.55,2.89,17,"A",1003,791,629.666666666667,4.56434819146784,95,322,221,321,221
"SET OF 6 SNACK LOAF BAKING CASES","23294",2011,10,532,440.9,0.828,54,"A",935,601,689.333333333333,6.27852142416584,532,644,562,642,562
"SET OF 6 SNACK LOAF BAKING CASES","23294",2011,11,689,543.71,0.826271186440678,58,"A",532,935,718.666666666667,6.5366915975913,689,780,799,936,799
"SET OF 6 SNACK LOAF BAKING CASES","23294",2011,12,77,63.91,0.83,12,"A",689,532,432.666666666667,4.35670882668959,77,252,189,274,189
"SET OF 6 SOLDIER SKITTLES","22619",2011,10,235,951.74,4.10673076923077,52,"A",200,241,225.333333333333,5.46383180502561,235,263,241,263,241
"SET OF 6 SOLDIER SKITTLES","22619",2011,11,356,1387.82,3.95685714285714,69,"A",235,200,263.666666666667,5.87773578177964,356,323,343,306,343
"SET OF 6 SOLDIER SKITTLES","22619",2011,12,177,653.5,3.94705882352941,17,"A",356,235,256,5.18178355029209,177,187,211,159,211
"SET OF 6 SPICE TINS PANTRY DESIGN","22722",2011,10,809,2907.55,3.88589743589744,77,"A",1105,222,712,6.69703424766648,809,696,723,735,723
"SET OF 6 SPICE TINS PANTRY DESIGN","22722",2011,11,287,1097.65,3.9258064516129,61,"A",809,1105,733.666666666667,5.66296048013595,287,562,405,589,405
"SET OF 6 SPICE TINS PANTRY DESIGN","22722",2011,12,76,300.2,3.95,23,"A",287,809,390.666666666667,4.34380542185368,76,231,175,204,175
"SET OF 6 STRAWBERRY CHOPSTICKS","21949",2011,10,66,82.5,1.25,9,"B",36,52,51.3333333333333,4.20469261939097,66,65,69,68,69
"SET OF 6 STRAWBERRY CHOPSTICKS","21949",2011,11,42,56.13,1.43615384615385,13,"B",66,36,48,3.76120011569356,42,48,48,56,48
"SET OF 6 STRAWBERRY CHOPSTICKS","21949",2011,12,2,3.71,1.855,2,"B",42,66,36.6666666666667,1.09861228866811,2,9,9,11,9
"SET OF 6 T-LIGHTS CACTI","22811",2011,10,152,405,4.05285714285714,7,"B",104,98,118,5.03043792139244,152,83,95,76,95
"SET OF 6 T-LIGHTS CACTI","22811",2011,11,189,516.99,3.29857142857143,14,"B",152,104,148.333333333333,5.24702407216049,189,169,160,143,160
"SET OF 6 T-LIGHTS CACTI","22811",2011,12,154,313.9,1.821,10,"B",189,152,165,5.04342511691925,154,121,125,108,125
"SET OF 6 T-LIGHTS EASTER CHICKS","22808",2011,11,1,2.95,2.95,1,"B",6,33,13.3333333333333,0.693147180559945,1,3,2,4,2
"SET OF 6 T-LIGHTS EASTER CHICKS","22808",2011,12,26,32.5,1.25,3,"B",1,6,11,3.29583686600433,26,22,26,25,26
"SET OF 6 T-LIGHTS SANTA","22809",2011,10,262,798.26,3.27857142857143,42,"A",184,116,187.333333333333,5.57215403217776,262,244,260,246,260
"SET OF 6 T-LIGHTS SANTA","22809",2011,11,441,1279.83,3.10875,63,"A",262,184,295.666666666667,6.0913098820777,441,430,416,377,416
"SET OF 6 T-LIGHTS SANTA","22809",2011,12,85,253.39,3.17181818181818,10,"A",441,262,262.666666666667,4.45434729625351,85,117,90,104,90
"SET OF 6 T-LIGHTS SNOWMEN","22810",2011,10,191,620.25,3.39375,31,"A",94,74,119.666666666667,5.25749537202778,191,170,178,171,178
"SET OF 6 T-LIGHTS SNOWMEN","22810",2011,11,340,1072.52,3.16551020408163,49,"A",191,94,208.333333333333,5.83188247728352,340,310,304,298,304
"SET OF 6 T-LIGHTS SNOWMEN","22810",2011,12,4,11.8,2.95,3,"A",340,191,178.333333333333,1.6094379124341,4,34,23,24,23
"SET OF 6 T-LIGHTS TOADSTOOLS","22807",2011,10,33,100.19,3.35571428571429,7,"B",26,61,40,3.52636052461616,33,32,31,33,31
"SET OF 6 T-LIGHTS TOADSTOOLS","22807",2011,11,62,182.9,2.95,15,"B",33,26,40.3333333333333,4.14313472639153,62,64,71,62,71
"SET OF 6 T-LIGHTS TOADSTOOLS","22807",2011,12,95,147.65,1.70333333333333,14,"B",62,33,63.3333333333333,4.56434819146784,95,91,93,98,93
"SET OF 6 T-LIGHTS WEDDING CAKE","22806",2011,10,7,20.65,2.95,2,"C",31,1,13,2.07944154167984,7,8,7,7,7
"SET OF 6 T-LIGHTS WEDDING CAKE","22806",2011,11,18,53.1,2.95,1,"C",7,31,18.6666666666667,2.94443897916644,18,7,8,6,8
"SET OF 6 T-LIGHTS WEDDING CAKE","22806",2011,12,60,75,1.25,5,"C",18,7,28.3333333333333,4.11087386417331,60,51,60,48,60
"SET OF 6 TEA TIME BAKING CASES","23296",2011,10,710,833.74,1.24631578947368,56,"A",704,722,712,6.56667242980324,710,718,729,846,729
"SET OF 6 TEA TIME BAKING CASES","23296",2011,11,926,1132.3,1.241,69,"A",710,704,780,6.83195356556585,926,922,886,983,886
"SET OF 6 TEA TIME BAKING CASES","23296",2011,12,42,52.5,1.25,11,"A",926,710,559.333333333333,3.76120011569356,42,277,126,228,126
"SET OF 60 I LOVE LONDON CAKE CASES","23309",2011,10,1648,787.9,0.604561403508772,54,"A",993,745,1128.66666666667,7.4079243225596,1648,1495,1488,1336,1488
"SET OF 60 I LOVE LONDON CAKE CASES","23309",2011,11,1138,558.4,0.590166666666667,57,"A",1648,993,1259.66666666667,7.03790596344718,1138,1298,1212,1277,1212
"SET OF 60 I LOVE LONDON CAKE CASES","23309",2011,12,794,362.9,0.5775,16,"A",1138,1648,1193.33333333333,6.67834211465433,794,1029,1030,789,1030
"SET OF 60 PANTRY DESIGN CAKE CASES","23307",2011,10,2191,1097.95,0.562808988764045,88,"A",1733,1657,1860.33333333333,7.69256964806791,2191,1778,2106,2171,2106
"SET OF 60 PANTRY DESIGN CAKE CASES","23307",2011,11,788,430.66,0.586081081081081,72,"A",2191,1733,1570.66666666667,6.67076632084587,788,1499,1373,1616,1373
"SET OF 60 PANTRY DESIGN CAKE CASES","23307",2011,12,584,275.1,0.577142857142857,20,"A",788,2191,1187.66666666667,6.37161184723186,584,1067,1112,789,1112
"SET OF 60 VINTAGE LEAF CAKE CASES","23308",2011,10,1060,507.1,0.586382978723404,45,"A",583,988,877,6.96696713861398,1060,971,1013,969,1013
"SET OF 60 VINTAGE LEAF CAKE CASES","23308",2011,11,424,240.2,0.6,53,"A",1060,583,689,6.05208916892442,424,615,540,643,540
"SET OF 60 VINTAGE LEAF CAKE CASES","23308",2011,12,427,188.75,0.601818181818182,11,"A",424,1060,637,6.0591231955818,427,438,424,383,424
"SET OF 72 PINK HEART PAPER DOILIES","84988",2011,10,287,433.79,1.6075,28,"A",152,281,240,5.66296048013595,287,267,263,272,263
"SET OF 72 PINK HEART PAPER DOILIES","84988",2011,11,534,714.84,1.53838709677419,31,"A",287,152,324.333333333333,6.28226674689601,534,493,543,456,543
"SET OF 72 PINK HEART PAPER DOILIES","84988",2011,12,16,23.2,1.45,4,"A",534,287,279,2.83321334405622,16,53,41,52,41
"SET OF 72 RETROSPOT PAPER  DOILIES","21210",2011,10,419,609.02,1.5025,28,"A",573,388,460,6.04025471127741,419,442,423,398,423
"SET OF 72 RETROSPOT PAPER  DOILIES","21210",2011,11,858,1235.19,1.51578125,64,"A",419,573,616.666666666667,6.75576892198426,858,818,909,807,909
"SET OF 72 RETROSPOT PAPER  DOILIES","21210",2011,12,52,79.81,1.695,6,"A",858,419,443,3.97029191355212,52,125,75,80,75
"SET OF 72 SKULL PAPER  DOILIES","21211",2011,10,234,339.3,1.45,5,"B",24,123,127,5.45958551414416,234,132,178,125,178
"SET OF 72 SKULL PAPER  DOILIES","21211",2011,11,44,63.8,1.45,10,"B",234,24,100.666666666667,3.80666248977032,44,61,49,45,49
"SET OF 9 BLACK SKULL BALLOONS","22437",2011,10,237,201.45,0.85,14,"B",155,400,264,5.47227067367148,237,205,192,214,192
"SET OF 9 BLACK SKULL BALLOONS","22437",2011,11,249,211.65,0.85,22,"B",237,155,213.666666666667,5.52146091786225,249,233,271,237,271
"SET OF 9 BLACK SKULL BALLOONS","22437",2011,12,70,59.5,0.85,6,"B",249,237,185.333333333333,4.26267987704132,70,74,71,96,71
"SET OF 9 HEART SHAPED BALLOONS","22435",2011,10,97,123.67,1.41133333333333,15,"A",61,296,151.333333333333,4.58496747867057,97,134,113,123,113
"SET OF 9 HEART SHAPED BALLOONS","22435",2011,11,247,308.75,1.25,28,"A",97,61,135,5.51342874616498,247,220,231,254,231
"SET OF 9 HEART SHAPED BALLOONS","22435",2011,12,143,159.75,1.22285714285714,7,"A",247,97,162.333333333333,4.969813299576,143,105,133,106,133
"SET OF PICTURE FRAME  STICKERS","21253",2011,10,12,35.4,2.95,1,"C",18,1,10.3333333333333,2.56494935746154,12,6,9,5,9
"SET OF PICTURE FRAME  STICKERS","21253",2011,11,10,29.5,2.95,4,"C",12,18,13.3333333333333,2.39789527279837,10,11,11,13,11
"SET OF PICTURE FRAME  STICKERS","21253",2011,12,1,0.79,0.79,1,"C",10,12,7.66666666666667,0.693147180559945,1,3,2,3,2
"SET OF SALT AND PEPPER TOADSTOOLS","22892",2011,10,350,423.82,1.24208333333333,24,"A",108,224,227.333333333333,5.86078622346587,350,323,328,327,328
"SET OF SALT AND PEPPER TOADSTOOLS","22892",2011,11,78,97.5,1.25,7,"A",350,108,178.666666666667,4.36944785246702,78,74,73,80,73
"SET OF SKULL WALL STICKERS","21250",2011,10,6,17.7,2.95,1,"C",1,36,14.3333333333333,1.94591014905531,6,4,5,4,5
"SET OF SKULL WALL STICKERS","21250",2011,11,15,44.25,2.95,3,"C",6,1,7.33333333333333,2.77258872223978,15,13,14,13,14
"SET OF TEA COFFEE SUGAR TINS PANTRY","23243",2011,10,288,1307.04,4.82372549019608,51,"A",2056,614,986,5.66642668811243,288,691,557,661,557
"SET OF TEA COFFEE SUGAR TINS PANTRY","23243",2011,11,442,2166.32,4.92692307692308,52,"A",288,2056,928.666666666667,6.09356977004514,442,630,589,563,589
"SET OF TEA COFFEE SUGAR TINS PANTRY","23243",2011,12,63,292.65,4.87,10,"A",442,288,264.333333333333,4.15888308335967,63,108,86,93,86
"SET/10 BLUE POLKADOT PARTY CANDLES","21124",2011,10,285,356.25,1.25,18,"A",231,622,379.333333333333,5.65599181081985,285,293,272,240,272
"SET/10 BLUE POLKADOT PARTY CANDLES","21124",2011,11,238,297.5,1.25,17,"A",285,231,251.333333333333,5.47646355193151,238,236,235,214,235
"SET/10 BLUE POLKADOT PARTY CANDLES","21124",2011,12,35,43.75,1.25,4,"A",238,285,186,3.58351893845611,35,56,38,39,38
"SET/10 IVORY POLKADOT PARTY CANDLES","21123",2011,10,140,172.48,1.18,12,"B",9,144,97.6666666666667,4.94875989037817,140,135,136,138,136
"SET/10 IVORY POLKADOT PARTY CANDLES","21123",2011,11,63,78.33,1.21181818181818,11,"B",140,9,70.6666666666667,4.15888308335967,63,79,75,95,75
"SET/10 IVORY POLKADOT PARTY CANDLES","21123",2011,12,29,36.25,1.25,3,"B",63,140,77.3333333333333,3.40119738166216,29,23,22,25,22
"SET/10 PINK POLKADOT PARTY CANDLES","21122",2011,10,416,521.21,1.29172413793103,28,"A",288,676,460,6.0330862217988,416,424,389,416,389
"SET/10 PINK POLKADOT PARTY CANDLES","21122",2011,11,302,377.5,1.25,25,"A",416,288,335.333333333333,5.71373280550937,302,326,311,316,311
"SET/10 PINK POLKADOT PARTY CANDLES","21122",2011,12,106,132.5,1.25,5,"A",302,416,274.666666666667,4.67282883446191,106,92,77,67,77
"SET/10 RED POLKADOT PARTY CANDLES","21121",2011,10,727,854.03,1.2440625,32,"A",549,403,559.666666666667,6.59030104819669,727,665,697,627,697
"SET/10 RED POLKADOT PARTY CANDLES","21121",2011,11,414,517.5,1.25,37,"A",727,549,563.333333333333,6.0282785202307,414,468,471,532,471
"SET/10 RED POLKADOT PARTY CANDLES","21121",2011,12,109,136.25,1.25,9,"A",414,727,416.666666666667,4.70048036579242,109,189,173,150,173
"SET/12 FUNKY FELT FLOWER PEG IN BAG","85208",2011,10,16,33.6,2.1,4,"C",4,2,7.33333333333333,2.83321334405622,16,14,16,18,16
"SET/12 FUNKY FELT FLOWER PEG IN BAG","85208",2011,11,2,4.2,2.1,2,"C",16,4,7.33333333333333,1.09861228866811,2,4,3,5,3
"SET/12 TAPER CANDLES","72598",2011,10,95,75.71,0.826666666666667,8,"C",33,3,43.6666666666667,4.56434819146784,95,82,95,90,95
"SET/12 TAPER CANDLES","72598",2011,11,229,174.49,0.833846153846154,12,"C",95,33,119,5.4380793089232,229,198,222,196,222
"SET/12 TAPER CANDLES","72598",2011,12,41,34.85,0.85,4,"C",229,95,121.666666666667,3.73766961828337,41,51,44,47,44
"SET/2 RED RETROSPOT TEA TOWELS","21035",2011,10,145,431.39,3.64125,16,"A",102,66,104.333333333333,4.98360662170834,145,133,136,117,136
"SET/2 RED RETROSPOT TEA TOWELS","21035",2011,11,306,911.4,3.57642857142857,28,"A",145,102,184.333333333333,5.7268477475872,306,296,324,256,324
"SET/2 RED RETROSPOT TEA TOWELS","21035",2011,12,118,336.88,3.73,6,"A",306,145,189.666666666667,4.77912349311153,118,85,75,70,75
"SET/20 RED RETROSPOT PAPER NAPKINS","21080",2011,10,738,586.34,0.842461538461538,64,"A",960,870,856,6.6052979209482,738,796,850,983,850
"SET/20 RED RETROSPOT PAPER NAPKINS","21080",2011,11,850,672.36,0.843472222222222,70,"A",738,960,849.333333333333,6.74641212857337,850,881,918,1049,918
"SET/20 RED RETROSPOT PAPER NAPKINS","21080",2011,12,226,179.62,0.841875,15,"A",850,738,604.666666666667,5.4249500174814,226,416,294,428,294
"SET/20 STRAWBERRY PAPER NAPKINS","21078",2011,10,20,17,0.85,6,"B",120,333,157.666666666667,3.04452243772342,20,66,48,71,48
"SET/3 CHRISTMAS DECOUPAGE CANDLES","72816",2011,10,481,470.54,1.3275,12,"B",229,116,275.333333333333,6.1779441140506,481,350,381,272,381
"SET/3 DECOUPAGE STACKING TINS","85232D",2011,10,31,136.65,4.775,4,"B",6,15,17.3333333333333,3.46573590279973,31,24,28,20,28
"SET/3 DECOUPAGE STACKING TINS","85232D",2011,11,47,232.65,4.95,14,"B",31,6,28,3.87120101090789,47,39,42,40,42
"SET/3 DECOUPAGE STACKING TINS","85232D",2011,12,3,14.85,4.95,2,"B",47,31,27,1.38629436111989,3,8,6,7,6
"SET/3 OCEAN SCENT CANDLE JEWEL BOX","72807B",2011,10,11,46.75,4.25,4,"B",21,8,13.3333333333333,2.484906649788,11,12,12,11,12
"SET/3 OCEAN SCENT CANDLE JEWEL BOX","72807B",2011,11,85,334.85,4.21615384615385,12,"B",11,21,39,4.45434729625351,85,75,99,72,99
"SET/3 POT PLANT CANDLES","20934",2011,10,13,70.85,5.45,2,"C",8,4,8.33333333333333,2.63905732961526,13,10,11,7,11
"SET/3 POT PLANT CANDLES","20934",2011,11,2,10.9,5.45,1,"C",13,8,7.66666666666667,1.09861228866811,2,2,2,2,2
"SET/3 RABBITS FLOWER SKIPPPING ROPE","84457",2011,11,12,10.2,0.85,1,"C",52,31,31.6666666666667,2.56494935746154,12,10,10,8,10
"SET/3 RED GINGHAM ROSE STORAGE BOX","21430",2011,10,165,584.19,3.7068,25,"A",200,580,315,5.11198778835654,165,230,200,201,200
"SET/3 RED GINGHAM ROSE STORAGE BOX","21430",2011,11,149,541.47,3.73054054054054,37,"A",165,200,171.333333333333,5.01063529409626,149,175,158,186,158
"SET/3 RED GINGHAM ROSE STORAGE BOX","21430",2011,12,22,82.5,3.75,8,"A",149,165,112,3.13549421592915,22,49,41,43,41
"SET/3 ROSE CANDLE IN JEWELLED BOX","72807A",2011,10,8,34,4.25,4,"B",11,15,11.3333333333333,2.19722457733622,8,10,8,11,8
"SET/3 ROSE CANDLE IN JEWELLED BOX","72807A",2011,11,82,323.86,4.20111111111111,9,"B",8,11,33.6666666666667,4.4188406077966,82,67,88,71,88
"SET/3 VANILLA SCENTED CANDLE IN BOX","72807C",2011,10,60,252.36,4.21333333333333,12,"A",29,21,36.6666666666667,4.11087386417331,60,50,55,49,55
"SET/3 VANILLA SCENTED CANDLE IN BOX","72807C",2011,11,218,847.3,4.17666666666667,12,"A",60,29,102.333333333333,5.3890717298165,218,177,211,129,211
"SET/4 BADGES BALLOON GIRL","21219",2011,10,33,44.88,1.855,6,"C",33,12,26,3.52636052461616,33,31,34,31,34
"SET/4 BADGES BALLOON GIRL","21219",2011,11,50,62.5,1.25,7,"C",33,33,38.6666666666667,3.93182563272433,50,49,55,50,55
"SET/4 BADGES BALLOON GIRL","21219",2011,12,2,3.71,1.855,2,"C",50,33,28.3333333333333,1.09861228866811,2,10,9,10,9
"SET/4 BADGES BEETLES","21222",2011,10,16,23.63,1.976,5,"C",22,16,18,2.83321334405622,16,18,17,20,17
"SET/4 BADGES BEETLES","21222",2011,11,20,29.84,1.70375,7,"C",16,22,19.3333333333333,3.04452243772342,20,24,18,27,18
"SET/4 BADGES BEETLES","21222",2011,12,2,3.71,1.855,2,"C",20,16,12.6666666666667,1.09861228866811,2,5,4,6,4
"SET/4 BADGES CUTE CREATURES","21221",2011,11,9,22.14,2.46,1,"C",20,25,18,2.30258509299405,9,6,5,6,5
"SET/4 BADGES CUTE CREATURES","21221",2011,12,1,1.25,1.25,1,"C",9,20,10,0.693147180559945,1,4,2,4,2
"SET/4 BADGES DOGS","21220",2011,10,13,18.67,1.65333333333333,3,"C",23,30,22,2.63905732961526,13,15,15,16,15
"SET/4 BADGES DOGS","21220",2011,11,37,51.09,1.65333333333333,6,"C",13,23,24.3333333333333,3.63758615972639,37,35,36,37,36
"SET/4 BADGES DOGS","21220",2011,12,7,13.59,1.5525,4,"C",37,13,19,2.07944154167984,7,14,10,15,10
"SET/4 BIRD MIRROR MAGNETS","21311",2011,10,7,2.03,0.29,4,"C",32,176,71.6666666666667,2.07944154167984,7,37,25,39,25
"SET/4 BIRD MIRROR MAGNETS","21311",2011,11,45,13.05,0.29,7,"C",7,32,28,3.8286413964891,45,46,38,54,38
"SET/4 BIRD MIRROR MAGNETS","21311",2011,12,2,0.58,0.29,1,"C",45,7,18,1.09861228866811,2,5,4,6,4
"SET/4 COLOURFUL MIXING BOWLS","37475",2011,10,1,9.95,9.95,1,"C",1,3,1.66666666666667,0.693147180559945,1,1,1,1,1
"SET/4 COLOURFUL MIXING BOWLS","37475",2011,11,16,150.44,9.804,10,"C",1,1,6,2.83321334405622,16,14,15,20,15
"SET/4 COLOURFUL MIXING BOWLS","37475",2011,12,1,9.95,9.95,1,"C",16,1,6,0.693147180559945,1,2,2,2,2
"SET/4 DAISY MIRROR MAGNETS","21306",2011,10,78,22.62,0.29,6,"C",100,104,94,4.36944785246702,78,92,76,94,76
"SET/4 DAISY MIRROR MAGNETS","21306",2011,11,107,31.03,0.29,8,"C",78,100,95,4.68213122712422,107,116,126,146,126
"SET/4 DAISY MIRROR MAGNETS","21306",2011,12,3,0.87,0.29,2,"C",107,78,62.6666666666667,1.38629436111989,3,37,19,24,19
"SET/4 RED MINI ROSE CANDLE IN BOWL","85039A",2011,10,110,171.62,1.615,8,"C",15,26,50.3333333333333,4.70953020131233,110,97,130,118,130
"SET/4 RED MINI ROSE CANDLE IN BOWL","85039A",2011,11,30,49.22,1.642,10,"C",110,15,51.6666666666667,3.43398720448515,30,43,27,43,27
"SET/4 RED MINI ROSE CANDLE IN BOWL","85039A",2011,12,5,8.21,1.64333333333333,3,"C",30,110,48.3333333333333,1.79175946922805,5,19,13,17,13
"SET/4 SKULL BADGES","21224",2011,10,100,121.2,1.23272727272727,11,"B",56,23,59.6666666666667,4.61512051684126,100,102,101,101,101
"SET/4 SKULL BADGES","21224",2011,11,63,78.75,1.25,7,"B",100,56,73,4.15888308335967,63,55,54,54,54
"SET/4 SKULL BADGES","21224",2011,12,7,8.75,1.25,3,"B",63,100,56.6666666666667,2.07944154167984,7,21,22,20,22
"SET/4 SPRING FLOWER DECORATION","21382",2011,10,86,64.5,0.75,6,"B",239,108,144.333333333333,4.46590811865458,86,64,82,92,82
"SET/4 SPRING FLOWER DECORATION","21382",2011,11,62,46.5,0.75,10,"B",86,239,129,4.14313472639153,62,89,80,95,80
"SET/4 SPRING FLOWER DECORATION","21382",2011,12,3,2.25,0.75,1,"B",62,86,50.3333333333333,1.38629436111989,3,9,6,10,6
"SET/4 WHITE RETRO STORAGE CUBES","84078A",2011,10,15,599.25,39.95,10,"A",4,27,15.3333333333333,2.77258872223978,15,18,16,18,16
"SET/4 WHITE RETRO STORAGE CUBES","84078A",2011,11,24,918.8,39.5928571428571,14,"A",15,4,14.3333333333333,3.2188758248682,24,21,23,27,23
"SET/4 WHITE RETRO STORAGE CUBES","84078A",2011,12,3,119.85,39.95,2,"A",24,15,14,1.38629436111989,3,5,3,5,3
"SET/5 RED RETROSPOT LID GLASS BOWLS","20914",2011,10,376,1078.6,3.08189189189189,72,"A",509,551,478.666666666667,5.93224518744801,376,458,377,474,377
"SET/5 RED RETROSPOT LID GLASS BOWLS","20914",2011,11,750,2128.9,2.99278260869565,110,"A",376,509,545,6.62140565176413,750,729,787,627,787
"SET/5 RED RETROSPOT LID GLASS BOWLS","20914",2011,12,132,393.64,3.05166666666667,23,"A",750,376,419.333333333333,4.89034912822175,132,246,201,246,201
"SET/6 BLACK BIRD T-LIGHT CANDLES","85170B",2011,10,3,6.3,2.1,2,"C",5,2,3.33333333333333,1.38629436111989,3,3,3,4,3
"SET/6 BLACK BIRD T-LIGHT CANDLES","85170B",2011,11,4,8.4,2.1,3,"C",3,5,4,1.6094379124341,4,5,5,6,5
"SET/6 COLLAGE PAPER CUPS","21084",2011,10,69,17.59,0.281428571428571,7,"C",220,69,119.333333333333,4.24849524204936,69,113,97,101,97
"SET/6 COLLAGE PAPER CUPS","21084",2011,11,91,18.57,0.306363636363636,10,"C",69,220,126.666666666667,4.52178857704904,91,128,92,110,92
"SET/6 COLLAGE PAPER CUPS","21084",2011,12,58,11.02,0.19,3,"C",91,69,72.6666666666667,4.07753744390572,58,70,60,63,60
"SET/6 COLLAGE PAPER PLATES","21090",2011,10,53,27.71,0.5,8,"C",133,41,75.6666666666667,3.98898404656427,53,67,66,69,66
"SET/6 COLLAGE PAPER PLATES","21090",2011,11,69,32.19,0.515714285714286,14,"C",53,133,85,4.24849524204936,69,99,78,98,78
"SET/6 COLLAGE PAPER PLATES","21090",2011,12,17,6.63,0.39,2,"C",69,53,46.3333333333333,2.89037175789616,17,21,18,21,18
"SET/6 EAU DE NIL BIRD T-LIGHTS","85170C",2011,10,7,16.73,3.115,2,"C",12,24,14.3333333333333,2.07944154167984,7,8,7,7,7
"SET/6 EAU DE NIL BIRD T-LIGHTS","85170C",2011,11,10,21,2.1,3,"C",7,12,9.66666666666667,2.39789527279837,10,10,10,11,10
"SET/6 FROG PRINCE T-LIGHT CANDLES","85173",2011,10,55,101.38,2.77142857142857,6,"C",29,8,30.6666666666667,4.02535169073515,55,41,48,38,48
"SET/6 FROG PRINCE T-LIGHT CANDLES","85173",2011,11,11,28.05,2.55,6,"C",55,29,31.6666666666667,2.484906649788,11,20,14,20,14
"SET/6 FROG PRINCE T-LIGHT CANDLES","85173",2011,12,41,32.39,0.79,5,"C",11,55,35.6666666666667,3.73766961828337,41,40,39,45,39
"SET/6 FRUIT SALAD  PAPER PLATES","21096",2011,10,4,2.44,0.683333333333333,3,"C",41,74,39.6666666666667,1.6094379124341,4,19,10,24,10
"SET/6 FRUIT SALAD  PAPER PLATES","21096",2011,11,16,6.24,0.39,2,"C",4,41,20.3333333333333,2.83321334405622,16,12,14,14,14
"SET/6 FRUIT SALAD PAPER CUPS","21088",2011,10,4,2.04,0.51,2,"C",125,170,99.6666666666667,1.6094379124341,4,21,19,25,19
"SET/6 FRUIT SALAD PAPER CUPS","21088",2011,11,48,9.12,0.19,2,"C",4,125,59,3.89182029811063,48,40,27,40,27
"SET/6 FRUIT SALAD PAPER CUPS","21088",2011,12,24,4.56,0.19,1,"C",48,4,25.3333333333333,3.2188758248682,24,15,19,13,19
"SET/6 PINK  BUTTERFLY T-LIGHTS","72351B",2011,10,74,155.4,2.1,12,"A",223,173,156.666666666667,4.31748811353631,74,96,84,110,84
"SET/6 PINK  BUTTERFLY T-LIGHTS","72351B",2011,11,69,144.9,2.1,20,"A",74,223,122,4.24849524204936,69,98,83,93,83
"SET/6 PINK  BUTTERFLY T-LIGHTS","72351B",2011,12,30,63,2.1,5,"A",69,74,57.6666666666667,3.43398720448515,30,35,31,33,31
"SET/6 PINK BIRD T-LIGHT CANDLES","85170D",2011,10,12,31.29,3.115,6,"C",10,12,11.3333333333333,2.56494935746154,12,15,13,16,13
"SET/6 PINK BIRD T-LIGHT CANDLES","85170D",2011,11,14,39.55,2.77666666666667,9,"C",12,10,12,2.70805020110221,14,19,16,28,16
"SET/6 PINK BIRD T-LIGHT CANDLES","85170D",2011,12,3,12.39,4.13,1,"C",14,12,9.66666666666667,1.38629436111989,3,2,2,3,2
"SET/6 PURPLE BUTTERFLY T-LIGHTS","72349B",2011,10,80,148.32,2.04142857142857,7,"B",21,79,60,4.39444915467244,80,63,65,58,65
"SET/6 PURPLE BUTTERFLY T-LIGHTS","72349B",2011,11,88,184.8,2.1,21,"B",80,21,63,4.48863636973214,88,92,83,103,83
"SET/6 PURPLE BUTTERFLY T-LIGHTS","72349B",2011,12,52,109.2,2.1,10,"B",88,80,73.3333333333333,3.97029191355212,52,61,54,54,54
"SET/6 RED SPOTTY PAPER CUPS","21086",2011,10,314,210.96,0.743333333333333,21,"A",739,365,472.666666666667,5.75257263882563,314,334,327,357,327
"SET/6 RED SPOTTY PAPER CUPS","21086",2011,11,517,315.03,0.720769230769231,25,"A",314,739,523.333333333333,6.24997524225948,517,498,505,518,505
"SET/6 RED SPOTTY PAPER CUPS","21086",2011,12,36,23.4,0.65,3,"A",517,314,289,3.61091791264422,36,52,66,69,66
"SET/6 RED SPOTTY PAPER PLATES","21094",2011,10,455,340.87,0.832142857142857,27,"A",709,489,551,6.12249280951439,455,462,484,461,484
"SET/6 RED SPOTTY PAPER PLATES","21094",2011,11,302,256.44,0.847857142857143,28,"A",455,709,488.666666666667,5.71373280550937,302,385,381,413,381
"SET/6 RED SPOTTY PAPER PLATES","21094",2011,12,24,20.4,0.85,2,"A",302,455,260.333333333333,3.2188758248682,24,25,26,26,26
"SET/6 TURQUOISE BUTTERFLY T-LIGHTS","72351A",2011,10,55,115.5,2.1,11,"B",71,52,59.3333333333333,4.02535169073515,55,59,53,66,53
"SET/6 TURQUOISE BUTTERFLY T-LIGHTS","72351A",2011,11,34,71.4,2.1,15,"B",55,71,53.3333333333333,3.55534806148941,34,50,41,61,41
"SET/6 TURQUOISE BUTTERFLY T-LIGHTS","72351A",2011,12,19,39.9,2.1,5,"B",34,55,36,2.99573227355399,19,21,22,24,22
"SET3 BOOK BOX GREEN GINGHAM FLOWER","21428",2011,10,104,410,4.20833333333333,12,"A",82,36,74,4.65396035015752,104,91,94,75,94
"SET3 BOOK BOX GREEN GINGHAM FLOWER","21428",2011,11,149,593.25,4.2,30,"A",104,82,111.666666666667,5.01063529409626,149,148,138,143,138
"SET3 BOOK BOX GREEN GINGHAM FLOWER","21428",2011,12,15,63.75,4.25,5,"A",149,104,89.3333333333333,2.77258872223978,15,37,28,31,28
"SEWING BOX RETROSPOT DESIGN","22509",2011,10,7,118.65,16.95,6,"B",4,3,4.66666666666667,2.07944154167984,7,7,7,7,7
"SEWING BOX RETROSPOT DESIGN","22509",2011,11,10,169.5,16.95,7,"B",7,4,7,2.39789527279837,10,10,10,12,10
"SEWING BOX RETROSPOT DESIGN","22509",2011,12,111,438.45,3.95,31,"B",10,7,42.6666666666667,4.71849887129509,111,103,131,125,131
"SEWING SUSAN 21 NEEDLE SET","85176",2011,10,105,91.59,1.06272727272727,11,"C",148,38,97,4.66343909411207,105,106,120,109,120
"SEWING SUSAN 21 NEEDLE SET","85176",2011,11,52,48.88,0.991818181818182,11,"C",105,148,101.666666666667,3.97029191355212,52,76,78,98,78
"SEWING SUSAN 21 NEEDLE SET","85176",2011,12,26,24.44,1.045,4,"C",52,105,61,3.29583686600433,26,39,25,36,25
"SHELF WITH 4 HOOKS HOME SWEET HOME","23400",2011,11,30,187.5,6.25,16,"B",323,92,148.333333333333,3.43398720448515,30,96,70,103,70
"SHELF WITH 4 HOOKS HOME SWEET HOME","23400",2011,12,3,18.75,6.25,2,"B",30,323,118.666666666667,1.38629436111989,3,10,5,9,5
"SILICON STAR BULB  BLUE","79149B",2011,11,12,5.04,0.42,3,"C",2,1,5,2.56494935746154,12,10,12,13,12
"SILICON STAR BULB  BLUE","79149B",2011,12,1,0.42,0.42,1,"C",12,2,5,0.693147180559945,1,2,2,3,2
"SILK PURSE BABUSHKA BLUE","22450",2011,10,3,10.05,3.35,2,"C",8,17,9.33333333333333,1.38629436111989,3,5,3,5,3
"SILK PURSE BABUSHKA BLUE","22450",2011,11,19,63.65,3.35,9,"C",3,8,10,2.99573227355399,19,20,22,28,22
"SILK PURSE BABUSHKA PINK","22449",2011,10,37,122.17,3.25111111111111,9,"B",27,18,27.3333333333333,3.63758615972639,37,33,33,36,33
"SILK PURSE BABUSHKA PINK","22449",2011,11,25,83.75,3.35,13,"B",37,27,29.6666666666667,3.25809653802148,25,34,27,36,27
"SILVER BELLS TABLE DECORATION","23100",2011,10,561,701.25,1.25,58,"A",292,96,316.333333333333,6.33150184989369,561,537,573,547,573
"SILVER BELLS TABLE DECORATION","23100",2011,11,608,760,1.25,73,"A",561,292,487,6.4118182677099,608,613,665,646,665
"SILVER BELLS TABLE DECORATION","23100",2011,12,107,133.75,1.25,12,"A",608,561,425.333333333333,4.68213122712422,107,178,137,184,137
"SILVER BLACK ORBIT BRACELET","90019C",2011,11,1,4.95,4.95,1,"C",1,2,1.33333333333333,0.693147180559945,1,1,1,1,1
"SILVER DIAMANTE PEN IN GIFT BOX","21849",2011,10,2,9.9,4.95,2,"C",2,3,2.33333333333333,1.09861228866811,2,3,2,3,2
"SILVER DIAMANTE PEN IN GIFT BOX","21849",2011,11,14,72.64,5.42714285714286,6,"C",2,2,6,2.70805020110221,14,13,15,16,15
"SILVER DIAMANTE PEN IN GIFT BOX","21849",2011,12,3,14.85,4.95,1,"C",14,2,6.33333333333333,1.38629436111989,3,4,3,3,3
"SILVER DISCO HANDBAG","84859A",2011,10,1,1.95,1.95,1,"C",9,12,7.33333333333333,0.693147180559945,1,2,2,3,2
"SILVER DISCO HANDBAG","84859A",2011,11,42,84.08,2.168,9,"C",1,9,17.3333333333333,3.76120011569356,42,35,44,57,44
"SILVER FABRIC MIRROR","20868",2011,10,27,10.53,0.39,5,"C",20,7,18,3.3322045101752,27,26,23,29,23
"SILVER FABRIC MIRROR","20868",2011,11,278,110.49,0.549230769230769,13,"C",27,20,108.333333333333,5.63121178182137,278,249,267,287,267
"SILVER FABRIC MIRROR","20868",2011,12,7,2.73,0.39,4,"C",278,27,104,2.07944154167984,7,54,28,35,28
"SILVER FISHING GNOME","21129",2011,10,3,31.87,10.6233333333333,3,"C",1,2,2,1.38629436111989,3,4,3,3,3
"SILVER FISHING GNOME","21129",2011,11,13,93.37,8.954,5,"C",3,1,5.66666666666667,2.63905732961526,13,10,13,10,13
"SILVER GLASS T-LIGHT SET","85104",2011,10,6,20.54,3.89666666666667,3,"C",144,4,51.3333333333333,1.94591014905531,6,15,11,20,11
"SILVER GLASS T-LIGHT SET","85104",2011,11,1,5.79,5.79,1,"C",6,144,50.3333333333333,0.693147180559945,1,6,3,5,3
"SILVER GLASS T-LIGHT SET","85104",2011,12,14,17.5,1.25,2,"C",1,6,7,2.70805020110221,14,12,14,12,14
"SILVER GLITTER FLOWER VOTIVE HOLDER","85111",2011,10,624,180.96,0.29,14,"C",198,78,300,6.4377516497364,624,525,700,465,700
"SILVER GLITTER FLOWER VOTIVE HOLDER","85111",2011,11,85,24.65,0.29,11,"C",624,198,302.333333333333,4.45434729625351,85,205,159,178,159
"SILVER GLITTER FLOWER VOTIVE HOLDER","85111",2011,12,2,0.58,0.29,1,"C",85,624,237,1.09861228866811,2,27,26,19,26
"SILVER HANGING T-LIGHT HOLDER","84949",2011,10,656,981.6,1.61923076923077,26,"A",314,192,387.333333333333,6.48768401848461,656,556,609,519,609
"SILVER HANGING T-LIGHT HOLDER","84949",2011,11,761,1169.25,1.62894736842105,38,"A",656,314,577,6.63594655568665,761,656,650,636,650
"SILVER HANGING T-LIGHT HOLDER","84949",2011,12,366,546.3,1.61,14,"A",761,656,594.333333333333,5.90536184805457,366,353,286,344,286
"SILVER HEARTS TABLE DECORATION","23102",2011,10,254,210.82,0.83,34,"B",218,104,192,5.54126354515843,254,249,246,260,246
"SILVER HEARTS TABLE DECORATION","23102",2011,11,143,118.69,0.83,30,"B",254,218,205,4.969813299576,143,198,167,208,167
"SILVER HEARTS TABLE DECORATION","23102",2011,12,6,4.98,0.83,2,"B",143,254,134.333333333333,1.94591014905531,6,23,16,25,16
"SILVER HOOP EARRINGS WITH FLOWER","90145",2011,10,3,17.85,5.95,1,"C",5,2,3.33333333333333,1.38629436111989,3,3,3,2,3
"SILVER HOOP EARRINGS WITH FLOWER","90145",2011,11,2,11.9,5.95,2,"C",3,5,3.33333333333333,1.09861228866811,2,3,3,3,3
"SILVER JEWELLED MIRROR TRINKET TRAY","84707A",2011,10,6,79.72,13.954,5,"C",1,4,3.66666666666667,1.94591014905531,6,6,7,6,7
"SILVER JEWELLED MIRROR TRINKET TRAY","84707A",2011,11,9,109.57,11.952,5,"C",6,1,5.33333333333333,2.30258509299405,9,9,9,8,9
"SILVER JEWELLED MIRROR TRINKET TRAY","84707A",2011,12,32,62.4,1.95,5,"C",9,6,15.6666666666667,3.49650756146648,32,29,31,31,31
"SILVER LARIAT 40CM","90191",2011,10,13,57.95,6.21666666666667,3,"C",1,1,5,2.63905732961526,13,10,13,10,13
"SILVER LARIAT 40CM","90191",2011,11,6,17.7,2.95,1,"C",13,1,6.66666666666667,1.94591014905531,6,4,5,3,5
"SILVER LARIAT BLACK STONE EARRINGS","90194",2011,10,5,21.25,4.25,2,"C",3,1,3,1.79175946922805,5,5,5,4,5
"SILVER M.O.P ORBIT BRACELET","90019A",2011,10,5,24.75,4.95,2,"C",3,2,3.33333333333333,1.79175946922805,5,5,5,5,5
"SILVER M.O.P ORBIT BRACELET","90019A",2011,11,4,19.8,4.95,2,"C",5,3,4,1.6094379124341,4,4,4,4,4
"SILVER M.O.P ORBIT DROP EARRINGS","90018A",2011,10,5,21.25,4.25,2,"C",5,2,4,1.79175946922805,5,4,5,4,5
"SILVER M.O.P ORBIT DROP EARRINGS","90018A",2011,11,3,12.75,4.25,2,"C",5,5,4.33333333333333,1.38629436111989,3,4,3,4,3
"SILVER MUG BONE CHINA TREE OF LIFE","22306",2011,10,336,358.44,1.06558823529412,32,"B",240,14,196.666666666667,5.82008293035236,336,286,306,337,306
"SILVER MUG BONE CHINA TREE OF LIFE","22306",2011,11,373,397.66,1.06475,40,"B",336,240,316.333333333333,5.92425579741453,373,387,405,409,405
"SILVER MUG BONE CHINA TREE OF LIFE","22306",2011,12,62,65.72,1.06,5,"B",373,336,257,4.14313472639153,62,125,95,98,95
"SILVER OVAL SHAPE TRINKET BOX","84711A",2011,11,2,19.9,9.95,1,"C",3,2,2.33333333333333,1.09861228866811,2,2,2,2,2
"SILVER OVAL SHAPE TRINKET BOX","84711A",2011,12,1,9.95,9.95,1,"C",2,3,2,0.693147180559945,1,1,1,1,1
"SILVER PHOTO FRAME","20830",2011,10,2,4.2,2.1,1,"C",4,6,4,1.09861228866811,2,2,2,3,2
"SILVER PLATE CANDLE BOWL SMALL","21688",2011,10,12,35.4,2.95,2,"B",15,6,11,2.56494935746154,12,9,10,8,10
"SILVER PLATE CANDLE BOWL SMALL","21688",2011,11,30,88.5,2.95,5,"B",12,15,19,3.43398720448515,30,27,26,24,26
"SILVER RECORD COVER FRAME","82001S",2011,12,6,33.63,5.605,2,"B",265,1,90.6666666666667,1.94591014905531,6,18,8,9,8
"SILVER ROCCOCO CHANDELIER","84616",2011,10,5,149.75,29.95,2,"C",2,2,3,1.79175946922805,5,4,4,4,4
"SILVER ROCCOCO CHANDELIER","84616",2011,11,1,29.95,29.95,1,"C",5,2,2.66666666666667,0.693147180559945,1,1,1,1,1
"SILVER ROCOCO CANDLE STICK","84766",2011,10,2,11.9,5.95,1,"C",26,2,10,1.09861228866811,2,3,2,3,2
"SILVER ROCOCO CANDLE STICK","84766",2011,11,2,11.9,5.95,1,"C",2,26,10,1.09861228866811,2,3,2,2,2
"SILVER STANDING GNOME","21132",2011,10,7,29.75,4.25,4,"C",1,1,3,2.07944154167984,7,7,7,7,7
"SILVER STANDING GNOME","21132",2011,11,2,8.5,4.25,2,"C",7,1,3.33333333333333,1.09861228866811,2,3,3,4,3
"SILVER STANDING GNOME","21132",2011,12,2,2.5,1.25,2,"C",2,7,3.66666666666667,1.09861228866811,2,3,3,4,3
"SILVER STARS TABLE DECORATION","23101",2011,10,546,445.26,0.828103448275862,57,"B",397,110,351,6.30444880242198,546,501,491,567,491
"SILVER STARS TABLE DECORATION","23101",2011,11,476,395.08,0.83,61,"B",546,397,473,6.16751649088834,476,558,476,566,476
"SILVER STARS TABLE DECORATION","23101",2011,12,29,24.07,0.83,5,"B",476,546,350.333333333333,3.40119738166216,29,156,127,106,127
"SILVER TEDDY BEAR","20819",2011,11,24,90,3.75,7,"C",5,5,11.3333333333333,3.2188758248682,24,22,27,27,27
"SILVER VANILLA  FLOWER CANDLE POT","21689",2011,10,17,63.75,3.75,4,"C",3,2,7.33333333333333,2.89037175789616,17,14,17,14,17
"SILVER VANILLA  FLOWER CANDLE POT","21689",2011,11,3,11.25,3.75,1,"C",17,3,7.66666666666667,1.38629436111989,3,3,2,3,2
"SILVER VANILLA  FLOWER CANDLE POT","21689",2011,12,6,22.5,3.75,2,"C",3,17,8.66666666666667,1.94591014905531,6,5,5,5,5
"SILVER/AMETHYST DROP EARRINGS LEAF","90190C",2011,11,1,2.95,2.95,1,"C",1,3,1.66666666666667,0.693147180559945,1,1,1,1,1
"SILVER/M.O.P PENDANT ORBIT NECKLACE","90016A",2011,10,9,38.25,4.25,1,"C",1,1,3.66666666666667,2.30258509299405,9,6,9,4,9
"SINGLE ANTIQUE ROSE HOOK IVORY","23147",2011,10,157,227.65,1.45,25,"A",278,264,233,5.06259503302697,157,194,179,210,179
"SINGLE ANTIQUE ROSE HOOK IVORY","23147",2011,11,162,234.9,1.45,27,"A",157,278,199,5.09375020080676,162,175,171,189,171
"SINGLE ANTIQUE ROSE HOOK IVORY","23147",2011,12,44,63.8,1.45,7,"A",162,157,121,3.80666248977032,44,60,44,52,44
"SINGLE HEART ZINC T-LIGHT HOLDER","84970L",2011,10,476,567.25,1.3037037037037,27,"A",323,378,392.333333333333,6.16751649088834,476,429,437,408,437
"SINGLE HEART ZINC T-LIGHT HOLDER","84970L",2011,11,325,452.7,1.3744,25,"A",476,323,374.666666666667,5.78689738136671,325,339,320,349,320
"SINGLE HEART ZINC T-LIGHT HOLDER","84970L",2011,12,160,248.14,1.34222222222222,9,"A",325,476,320.333333333333,5.08140436498446,160,158,142,155,142
"SINGLE WIRE HOOK IVORY HEART","23138",2011,10,59,85.55,1.45,13,"B",40,373,157.333333333333,4.0943445622221,59,113,79,94,79
"SINGLE WIRE HOOK IVORY HEART","23138",2011,11,35,50.75,1.45,6,"B",59,40,44.6666666666667,3.58351893845611,35,36,35,36,35
"SINGLE WIRE HOOK PINK HEART","23139",2011,10,8,11.6,1.45,3,"C",1,276,95,2.19722457733622,8,23,13,16,13
"SINGLE WIRE HOOK PINK HEART","23139",2011,11,26,37.7,1.45,3,"C",8,1,11.6666666666667,3.29583686600433,26,21,26,21,26
"SINGLE WIRE HOOK PINK HEART","23139",2011,12,32,12.48,0.39,3,"C",26,8,22,3.49650756146648,32,27,27,30,27
"SIX DRAWER OFFICE TIDY","23471",2011,11,18,165.5,9.76111111111111,9,"C",41,2,20.3333333333333,2.94443897916644,18,23,18,21,18
"SIX DRAWER OFFICE TIDY","23471",2011,12,3,29.85,9.95,2,"C",18,41,20.6666666666667,1.38629436111989,3,6,4,5,4
"SKETCHBOOK MAGNETIC SHOPPING LIST","23197",2011,10,278,428.86,1.62116279069767,43,"B",200,114,197.333333333333,5.63121178182137,278,268,267,271,267
"SKETCHBOOK MAGNETIC SHOPPING LIST","23197",2011,11,275,413.07,1.59612244897959,48,"B",278,200,251,5.62040086571715,275,278,261,314,261
"SKETCHBOOK MAGNETIC SHOPPING LIST","23197",2011,12,135,187.99,1.56714285714286,14,"B",275,278,229.333333333333,4.91265488573605,135,151,123,153,123
"SKULL AND CROSSBONES  GARLAND","21207",2011,10,165,262.65,1.63823529411765,17,"B",163,80,136,5.11198778835654,165,152,155,144,155
"SKULL AND CROSSBONES  GARLAND","21207",2011,11,52,85.8,1.65,7,"B",165,163,126.666666666667,3.97029191355212,52,65,36,52,36
"SKULL AND CROSSBONES  GARLAND","21207",2011,12,12,19.8,1.65,1,"B",52,165,76.3333333333333,2.56494935746154,12,7,10,8,10
"SKULL DESIGN TV DINNER TRAY","22475",2011,10,59,268.95,4.90625,15,"B",7,11,25.6666666666667,4.0943445622221,59,49,62,63,62
"SKULL DESIGN TV DINNER TRAY","22475",2011,11,64,297.9,4.91818181818182,22,"B",59,7,43.3333333333333,4.17438726989564,64,64,57,54,57
"SKULL DESIGN TV DINNER TRAY","22475",2011,12,46,104.7,2.59285714285714,14,"B",64,59,56.3333333333333,3.85014760171006,46,55,50,67,50
"SKULL LUNCH BOX WITH CUTLERY","21558",2011,10,207,500.85,2.535,30,"A",152,164,174.333333333333,5.33753807970132,207,216,196,222,196
"SKULL LUNCH BOX WITH CUTLERY","21558",2011,11,187,449.85,2.535,28,"A",207,152,182,5.23644196282995,187,196,206,201,206
"SKULL LUNCH BOX WITH CUTLERY","21558",2011,12,7,17.85,2.55,2,"A",187,207,133.666666666667,2.07944154167984,7,10,4,10,4
"SKULL SHOULDER BAG","21934",2011,10,52,85.8,1.65,11,"B",76,68,65.3333333333333,3.97029191355212,52,60,60,68,60
"SKULL SHOULDER BAG","21934",2011,11,280,442,1.64130434782609,23,"B",52,76,136,5.63835466933375,280,243,253,278,253
"SKULL SHOULDER BAG","21934",2011,12,31,47.15,1.58333333333333,3,"B",280,52,121,3.46573590279973,31,22,26,22,26
"SKULLS  DESIGN  COTTON TOTE BAG","21581",2011,10,20,45,2.25,3,"C",41,3,21.3333333333333,3.04452243772342,20,17,16,16,16
"SKULLS  DESIGN  COTTON TOTE BAG","21581",2011,11,12,27,2.25,3,"C",20,41,24.3333333333333,2.56494935746154,12,13,12,14,12
"SKULLS  STICKERS","21679",2011,10,139,113.47,0.83375,8,"B",108,18,88.3333333333333,4.9416424226093,139,114,124,111,124
"SKULLS  STICKERS","21679",2011,11,144,122.4,0.85,12,"B",139,108,130.333333333333,4.97673374242057,144,140,141,138,141
"SKULLS  STICKERS","21679",2011,12,31,26.35,0.85,5,"B",144,139,104.666666666667,3.46573590279973,31,50,50,64,50
"SKULLS  WATER TRANSFER TATTOOS","21544",2011,10,163,119.35,0.827777777777778,9,"B",210,316,229.666666666667,5.0998664278242,163,164,174,164,174
"SKULLS  WATER TRANSFER TATTOOS","21544",2011,11,185,157.25,0.85,15,"B",163,210,186,5.2257466737132,185,188,184,189,184
"SKULLS  WATER TRANSFER TATTOOS","21544",2011,12,109,92.65,0.85,6,"B",185,163,152.333333333333,4.70048036579242,109,87,77,84,77
"SKULLS AND CROSSBONES WRAP","21495",2011,10,700,270,0.410769230769231,13,"B",550,250,500,6.55250788703459,700,595,724,485,724
"SKULLS AND CROSSBONES WRAP","21495",2011,11,1075,415.5,0.41,18,"B",700,550,775,6.98100574072173,1075,904,999,910,999
"SKULLS AND CROSSBONES WRAP","21495",2011,12,150,63,0.42,6,"B",1075,700,641.666666666667,5.01727983681492,150,197,164,159,164
"SKULLS DESIGN FLANNEL","21942",2011,10,12,10.2,0.85,1,"C",12,3,9,2.56494935746154,12,9,10,6,10
"SKULLS DESIGN FLANNEL","21942",2011,11,64,54.4,0.85,7,"C",12,12,29.3333333333333,4.17438726989564,64,57,73,67,73
"SKULLS DESIGN FLANNEL","21942",2011,12,5,1.95,0.39,1,"C",64,12,27,1.79175946922805,5,6,6,7,6
"SKULLS GREETING CARD","21504",2011,10,312,120.96,0.414,10,"B",228,144,228,5.74620319054015,312,273,280,247,280
"SKULLS GREETING CARD","21504",2011,11,120,50.4,0.42,9,"B",312,228,220,4.79579054559674,120,156,142,156,142
"SKULLS GREETING CARD","21504",2011,12,72,30.24,0.42,4,"B",120,312,168,4.29045944114839,72,83,84,74,84
"SKULLS PARTY BAG + STICKER SET","22332",2011,10,124,195,1.63461538461538,13,"B",47,48,73,4.8283137373023,124,114,123,103,123
"SKULLS PARTY BAG + STICKER SET","22332",2011,11,85,140.25,1.65,13,"B",124,47,85.3333333333333,4.45434729625351,85,90,82,82,82
"SKULLS PARTY BAG + STICKER SET","22332",2011,12,8,13.2,1.65,1,"B",85,124,72.3333333333333,2.19722457733622,8,7,8,7,8
"SKULLS SQUARE TISSUE BOX","22100",2011,10,76,29.64,0.39,6,"C",73,216,121.666666666667,4.34380542185368,76,80,71,85,71
"SKULLS SQUARE TISSUE BOX","22100",2011,11,191,74.49,0.39,8,"C",76,73,113.333333333333,5.25749537202778,191,172,178,198,178
"SKULLS SQUARE TISSUE BOX","22100",2011,12,109,42.51,0.39,2,"C",191,76,125.333333333333,4.70048036579242,109,51,62,41,62
"SKULLS STORAGE BOX LARGE","21425",2011,10,4,11.8,2.95,1,"C",7,2,4.33333333333333,1.6094379124341,4,4,3,3,3
"SKULLS STORAGE BOX LARGE","21425",2011,11,13,38.35,2.95,4,"C",4,7,8,2.63905732961526,13,13,13,13,13
"SKULLS STORAGE BOX LARGE","21425",2011,12,6,17.7,2.95,1,"C",13,4,7.66666666666667,1.94591014905531,6,4,4,3,4
"SKULLS STORAGE BOX SMALL","21427",2011,10,17,35.7,2.1,4,"C",12,4,11,2.89037175789616,17,14,17,16,17
"SKULLS STORAGE BOX SMALL","21427",2011,11,17,35.7,2.1,4,"C",17,12,15.3333333333333,2.89037175789616,17,17,16,17,16
"SKULLS STORAGE BOX SMALL","21427",2011,12,6,12.6,2.1,1,"C",17,17,13.3333333333333,1.94591014905531,6,6,5,4,5
"SKULLS TAPE","21882",2011,10,18,11.7,0.65,5,"C",26,16,20,2.94443897916644,18,19,18,23,18
"SKULLS TAPE","21882",2011,11,49,31.85,0.65,5,"C",18,26,31,3.91202300542815,49,47,45,55,45
"SKULLS WRITING SET","21327",2011,10,79,130.35,1.65,25,"B",35,15,43,4.38202663467388,79,82,80,87,80
"SKULLS WRITING SET","21327",2011,11,156,257.4,1.65,41,"B",79,35,90,5.05624580534831,156,145,149,169,149
"SKULLS WRITING SET","21327",2011,12,19,31.35,1.65,6,"B",156,79,84.6666666666667,2.99573227355399,19,40,29,38,29
"SLATE TILE NATURAL HANGING","22185",2011,10,112,175.32,1.91181818181818,11,"B",81,108,100.333333333333,4.72738781871234,112,107,114,100,114
"SLATE TILE NATURAL HANGING","22185",2011,11,189,300.73,1.83,16,"B",112,81,127.333333333333,5.24702407216049,189,171,184,159,184
"SLATE TILE NATURAL HANGING","22185",2011,12,299,236.21,0.79,15,"B",189,112,200,5.7037824746562,299,257,276,227,276
"SLEEPING CAT ERASERS","16237",2011,10,271,52.41,0.206428571428571,14,"B",315,241,275.666666666667,5.605802066296,271,284,283,379,283
"SLEEPING CAT ERASERS","16237",2011,11,858,162.18,0.207297297297297,37,"B",271,315,481.333333333333,6.75576892198426,858,743,960,854,960
"SLEEPING CAT ERASERS","16237",2011,12,201,37.71,0.204444444444444,9,"B",858,271,443.333333333333,5.30826769740121,201,284,168,289,168
"SMALL APOTHECARY MEASURING JAR","23019",2011,10,15,114.15,7.85,4,"C",12,17,14.6666666666667,2.77258872223978,15,13,12,11,12
"SMALL APOTHECARY MEASURING JAR","23019",2011,11,5,41.25,8.25,4,"C",15,12,10.6666666666667,1.79175946922805,5,8,5,7,5
"SMALL APOTHECARY MEASURING JAR","23019",2011,12,2,16.5,8.25,2,"C",5,15,7.33333333333333,1.09861228866811,2,4,3,4,3
"SMALL BLUE PROVENCAL CERAMIC BALL","20796",2011,11,4,6.6,1.65,1,"C",10,28,14,1.6094379124341,4,5,4,4,4
"SMALL BONNE JAM JAR  T-LIGHT HOLDER","23022",2011,10,40,83.2,2.08,5,"B",48,6,31.3333333333333,3.71357206670431,40,35,36,32,36
"SMALL BONNE JAM JAR  T-LIGHT HOLDER","23022",2011,11,79,150.4,2.0075,4,"B",40,48,55.6666666666667,4.38202663467388,79,57,67,49,67
"SMALL BONNE JAM JAR  T-LIGHT HOLDER","23022",2011,12,37,76.96,2.08,2,"B",79,40,52,3.63758615972639,37,12,16,19,16
"SMALL CAMPHOR WOOD FIELD  MUSHROOM","21377",2011,10,10,16.5,1.65,3,"C",2,6,6,2.39789527279837,10,9,10,12,10
"SMALL CAMPHOR WOOD FIELD  MUSHROOM","21377",2011,11,12,19.8,1.65,2,"C",10,2,8,2.56494935746154,12,9,10,9,10
"SMALL CAMPHOR WOOD FIELD  MUSHROOM","21377",2011,12,24,9.36,0.39,3,"C",12,10,15.3333333333333,3.2188758248682,24,23,23,29,23
"SMALL CERAMIC TOP STORAGE JAR","23167",2011,10,531,401.21,0.8452,23,"A",440,431,467.333333333333,6.27664348934164,531,497,513,430,513
"SMALL CERAMIC TOP STORAGE JAR","23167",2011,11,574,428.26,0.87,25,"A",531,440,515,6.35437004079735,574,561,575,469,575
"SMALL CERAMIC TOP STORAGE JAR","23167",2011,12,396,274.92,0.725,4,"A",574,531,500.333333333333,5.98393628068719,396,155,263,152,263
"SMALL CHINESE STYLE SCISSOR","16014",2011,10,40,16.8,0.42,3,"A",1061,2065,1055.33333333333,3.71357206670431,40,107,122,74,122
"SMALL CHINESE STYLE SCISSOR","16014",2011,11,3606,1164.52,0.4,10,"A",40,1061,1569,8.19063168090354,3606,873,2189,1844,2189
"SMALL CHINESE STYLE SCISSOR","16014",2011,12,70,29.4,0.42,2,"A",3606,40,1238.66666666667,4.26267987704132,70,98,74,131,74
"SMALL CHOCOLATES PINK BOWL","84596G",2011,10,131,65.68,0.517619047619048,21,"B",135,94,120,4.88280192258637,131,145,134,158,134
"SMALL CHOCOLATES PINK BOWL","84596G",2011,11,134,59.15,0.461,19,"B",131,135,133.333333333333,4.90527477843843,134,147,139,159,139
"SMALL CHOCOLATES PINK BOWL","84596G",2011,12,28,13.81,0.488333333333333,6,"B",134,131,97.6666666666667,3.36729582998647,28,60,53,65,53
"SMALL DECO JEWELLERY STAND","23066",2011,10,5,41.25,8.25,3,"B",52,13,23.3333333333333,1.79175946922805,5,9,6,7,6
"SMALL DOLLY MIX DESIGN ORANGE BOWL","84596B",2011,10,384,175.63,0.475405405405405,35,"B",371,402,385.666666666667,5.95324333428778,384,407,425,429,425
"SMALL DOLLY MIX DESIGN ORANGE BOWL","84596B",2011,11,568,260.7,0.445625,63,"B",384,371,441,6.34388043412633,568,573,558,686,558
"SMALL DOLLY MIX DESIGN ORANGE BOWL","84596B",2011,12,130,59.11,0.444117647058824,17,"B",568,384,360.666666666667,4.87519732320115,130,248,218,285,218
"SMALL FOLDING SCISSOR(POINTED EDGE)","16008",2011,10,342,41.04,0.12,12,"C",268,458,356,5.83773044716594,342,312,277,366,277
"SMALL FOLDING SCISSOR(POINTED EDGE)","16008",2011,11,941,112.92,0.12,16,"C",342,268,517,6.84800527457636,941,718,812,843,812
"SMALL FOLDING SCISSOR(POINTED EDGE)","16008",2011,12,336,40.32,0.12,4,"C",941,342,539.666666666667,5.82008293035236,336,254,103,168,103
"SMALL FOLKART STAR CHRISTMAS DEC","35954",2011,10,220,41.8,0.19,7,"C",435,8,221,5.39816270151775,220,186,174,185,174
"SMALL FOLKART STAR CHRISTMAS DEC","35954",2011,11,250,47.5,0.19,6,"C",220,435,301.666666666667,5.52545293913178,250,167,217,194,217
"SMALL GLASS HEART TRINKET POT","21314",2011,10,269,538.93,2.14923076923077,26,"A",385,199,284.333333333333,5.59842195899838,269,268,296,278,296
"SMALL GLASS HEART TRINKET POT","21314",2011,11,357,715.73,2.13459459459459,36,"A",269,385,337,5.8805329864007,357,371,365,359,365
"SMALL GLASS HEART TRINKET POT","21314",2011,12,204,404.4,2.06428571428571,14,"A",357,269,276.666666666667,5.32300997913841,204,199,198,182,198
"SMALL GLASS SUNDAE DISH CLEAR","20802",2011,10,10,16.5,1.65,3,"B",18,78,35.3333333333333,2.39789527279837,10,15,12,15,12
"SMALL GLASS SUNDAE DISH CLEAR","20802",2011,11,30,49.5,1.65,4,"B",10,18,19.3333333333333,3.43398720448515,30,28,30,27,30
"SMALL HAMMERED SILVER CANDLEPOT","21693",2011,10,79,233.05,2.95,8,"B",24,9,37.3333333333333,4.38202663467388,79,65,84,72,84
"SMALL HAMMERED SILVER CANDLEPOT","21693",2011,11,42,123.9,2.95,6,"B",79,24,48.3333333333333,3.76120011569356,42,37,36,35,36
"SMALL HAMMERED SILVER CANDLEPOT","21693",2011,12,12,35.4,2.95,2,"B",42,79,44.3333333333333,2.56494935746154,12,10,8,9,8
"SMALL HANGING IVORY/RED WOOD BIRD","85199S",2011,10,356,150.75,0.4815,19,"B",206,51,204.333333333333,5.87773578177964,356,307,315,283,315
"SMALL HANGING IVORY/RED WOOD BIRD","85199S",2011,11,768,325.84,0.442363636363636,52,"B",356,206,443.333333333333,6.64509096950564,768,699,738,770,738
"SMALL HANGING IVORY/RED WOOD BIRD","85199S",2011,12,155,66.74,0.451538461538461,12,"B",768,356,426.333333333333,5.04985600724954,155,257,211,239,211
"SMALL HEART FLOWERS HOOK","84971S",2011,10,69,64.89,1.045,8,"B",153,67,96.3333333333333,4.24849524204936,69,84,92,86,92
"SMALL HEART FLOWERS HOOK","84971S",2011,11,89,78.77,0.936666666666667,9,"B",69,153,103.666666666667,4.49980967033027,89,93,92,96,92
"SMALL HEART FLOWERS HOOK","84971S",2011,12,81,33.43,0.482,5,"B",89,69,79.6666666666667,4.40671924726425,81,69,68,87,68
"SMALL HEART MEASURING SPOONS","22196",2011,10,379,313.83,0.912173913043478,22,"B",139,117,211.666666666667,5.94017125272043,379,351,370,330,370
"SMALL HEART MEASURING SPOONS","22196",2011,11,342,276.14,0.908157894736842,38,"B",379,139,286.666666666667,5.83773044716594,342,355,336,352,336
"SMALL HEART MEASURING SPOONS","22196",2011,12,142,129.28,0.895882352941176,15,"B",342,379,287.666666666667,4.96284463025991,142,199,156,232,156
"SMALL IVORY HEART WALL ORGANISER","23132",2011,10,365,1702.01,5.48291666666667,24,"A",136,94,198.333333333333,5.90263333340137,365,318,359,259,359
"SMALL IVORY HEART WALL ORGANISER","23132",2011,11,210,953.81,5.96368421052632,19,"A",365,136,237,5.35185813347607,210,189,180,170,180
"SMALL IVORY HEART WALL ORGANISER","23132",2011,12,8,52.71,7.092,5,"A",210,365,194.333333333333,2.19722457733622,8,51,21,39,21
"SMALL KITCHEN FLOWER POTS PLAQUE","84638",2011,10,1,6.95,6.95,1,"C",1,2,1.33333333333333,0.693147180559945,1,1,1,1,1
"SMALL MARSHMALLOWS PINK BOWL","84596F",2011,10,321,154.09,0.486129032258064,31,"B",202,187,236.666666666667,5.77455154554441,321,317,295,298,295
"SMALL MARSHMALLOWS PINK BOWL","84596F",2011,11,444,218.46,0.454893617021277,43,"B",321,202,322.333333333333,6.09807428216624,444,453,443,493,443
"SMALL MARSHMALLOWS PINK BOWL","84596F",2011,12,130,59.93,0.449285714285714,14,"B",444,321,298.333333333333,4.87519732320115,130,198,181,228,181
"SMALL MEDINA STAMPED METAL BOWL","21684",2011,10,31,26.35,0.85,4,"C",15,110,52,3.46573590279973,31,36,28,40,28
"SMALL MEDINA STAMPED METAL BOWL","21684",2011,11,44,37.4,0.85,8,"C",31,15,30,3.80666248977032,44,44,41,44,41
"SMALL MEDINA STAMPED METAL BOWL","21684",2011,12,12,10.2,0.85,1,"C",44,31,29,2.56494935746154,12,7,8,9,8
"SMALL PARISIENNE HEART PHOTO FRAME","23093",2011,10,50,124.5,2.49,12,"B",264,95,136.333333333333,3.93182563272433,50,88,70,92,70
"SMALL PARISIENNE HEART PHOTO FRAME","23093",2011,11,53,131.97,2.49,12,"B",50,264,122.333333333333,3.98898404656427,53,75,73,66,73
"SMALL PARISIENNE HEART PHOTO FRAME","23093",2011,12,16,39.84,2.49,1,"B",53,50,39.6666666666667,2.83321334405622,16,6,7,6,7
"SMALL PARLOUR PICTURE FRAME","23455",2011,12,21,60.69,2.89,5,"C",49,94,54.6666666666667,3.09104245335832,21,27,26,30,26
"SMALL PINK MAGIC CHRISTMAS TREE","84341B",2011,10,107,40.66,0.38,9,"C",290,72,156.333333333333,4.68213122712422,107,145,138,155,138
"SMALL PINK MAGIC CHRISTMAS TREE","84341B",2011,11,4,1.52,0.38,1,"C",107,290,133.666666666667,1.6094379124341,4,17,7,16,7
"SMALL POLKADOT CHOCOLATE GIFT BAG","21291",2011,10,16,13.6,0.85,1,"B",96,32,48,2.83321334405622,16,15,18,10,18
"SMALL POLKADOT CHOCOLATE GIFT BAG","21291",2011,11,98,83.3,0.85,7,"B",16,96,70,4.59511985013459,98,86,85,87,85
"SMALL POP BOX FUNKY MONKEY","47310M",2011,10,29,39.05,1.5525,7,"C",57,8,31.3333333333333,3.40119738166216,29,33,29,30,29
"SMALL POP BOX FUNKY MONKEY","47310M",2011,11,40,51.14,1.33142857142857,14,"C",29,57,42,3.71357206670431,40,46,43,49,43
"SMALL POP BOX FUNKY MONKEY","47310M",2011,12,30,38.64,1.37666666666667,3,"C",40,29,33,3.43398720448515,30,28,28,26,28
"SMALL PURPLE BABUSHKA NOTEBOOK","22755",2011,10,45,40.59,0.973157894736842,19,"B",37,40,40.6666666666667,3.8286413964891,45,57,43,67,43
"SMALL PURPLE BABUSHKA NOTEBOOK","22755",2011,11,184,151.85,0.925483870967742,31,"B",45,37,88.6666666666667,5.22035582507833,184,171,182,186,182
"SMALL PURPLE BABUSHKA NOTEBOOK","22755",2011,12,466,101.84,0.303103448275862,28,"B",184,45,231.666666666667,6.1463292576689,466,438,524,436,524
"SMALL RED BABUSHKA NOTEBOOK","22754",2011,10,72,61.98,0.889,20,"B",78,51,67,4.29045944114839,72,92,81,105,81
"SMALL RED BABUSHKA NOTEBOOK","22754",2011,11,168,140.46,0.876764705882353,34,"B",72,78,106,5.12989871492307,168,157,158,184,158
"SMALL RED BABUSHKA NOTEBOOK","22754",2011,12,600,133.1,0.258965517241379,29,"B",168,72,280,6.39859493453521,600,568,671,725,671
"SMALL RED RETROSPOT MUG IN BOX","22070",2011,10,55,221.09,4.08727272727273,11,"B",52,87,64.6666666666667,4.02535169073515,55,57,52,50,52
"SMALL RED RETROSPOT MUG IN BOX","22070",2011,11,501,676.06,3.93791666666667,24,"B",55,52,202.666666666667,6.21860011969173,501,399,481,457,481
"SMALL RED RETROSPOT MUG IN BOX","22070",2011,12,3,11.25,3.75,2,"B",501,55,186.333333333333,1.38629436111989,3,22,9,12,9
"SMALL RED RETROSPOT WINDMILL","21746",2011,10,30,41.13,1.65333333333333,6,"A",14,470,171.333333333333,3.43398720448515,30,87,53,55,53
"SMALL RED RETROSPOT WINDMILL","21746",2011,11,49,62.46,1.5525,4,"A",30,14,31,3.91202300542815,49,41,42,36,42
"SMALL REGAL  SILVER CANDLEPOT","21694",2011,10,6,17.7,2.95,1,"B",7,198,70.3333333333333,1.94591014905531,6,6,8,6,8
"SMALL REGAL  SILVER CANDLEPOT","21694",2011,11,32,94.4,2.95,5,"B",6,7,15,3.49650756146648,32,30,32,29,32
"SMALL REGAL  SILVER CANDLEPOT","21694",2011,12,6,17.7,2.95,1,"B",32,6,14.6666666666667,1.94591014905531,6,5,5,5,5
"SMALL ROUND CUT GLASS CANDLESTICK","85125",2011,10,30,131.7,4.48333333333333,3,"C",20,4,18,3.43398720448515,30,21,26,16,26
"SMALL ROUND CUT GLASS CANDLESTICK","85125",2011,11,46,203.2,4.81,5,"C",30,20,32,3.85014760171006,46,32,38,30,38
"SMALL SILVER FLOWER CANDLE POT","21695",2011,10,66,194.7,2.95,6,"B",12,30,36,4.20469261939097,66,52,58,54,58
"SMALL SILVER FLOWER CANDLE POT","21695",2011,11,48,141.6,2.95,7,"B",66,12,42,3.89182029811063,48,42,43,33,43
"SMALL SILVER TRELLIS CANDLEPOT","21696",2011,10,2,5.9,2.95,1,"C",12,12,8.66666666666667,1.09861228866811,2,2,2,3,2
"SMALL SILVER TRELLIS CANDLEPOT","21696",2011,11,14,41.3,2.95,2,"C",2,12,9.33333333333333,2.70805020110221,14,11,14,9,14
"SMALL SINGLE FLAME CANDLE HOLDER","71050",2011,11,18,6.3,0.35,3,"C",3,6,9,2.94443897916644,18,16,19,23,19
"SMALL SINGLE FLAME CANDLE HOLDER","71050",2011,12,6,2.1,0.35,1,"C",18,3,9,1.94591014905531,6,5,5,5,5
"SMALL SKULL WINDMILL","21747",2011,10,8,10,1.25,2,"C",67,19,31.3333333333333,2.19722457733622,8,9,8,9,8
"SMALL SKULL WINDMILL","21747",2011,11,13,16.25,1.25,2,"C",8,67,29.3333333333333,2.63905732961526,13,11,8,10,8
"SMALL SQUARE CUT GLASS CANDLESTICK","85127",2011,10,6,29.7,4.95,1,"C",22,4,10.6666666666667,1.94591014905531,6,3,3,3,3
"SMALL SQUARE CUT GLASS CANDLESTICK","85127",2011,11,13,64.35,4.95,3,"C",6,22,13.6666666666667,2.63905732961526,13,10,10,10,10
"SMALL STRIPES CHOCOLATE GIFT BAG","21292",2011,11,64,54.4,0.85,4,"C",96,32,64,4.17438726989564,64,54,59,54,59
"SMALL STRIPES CHOCOLATE GIFT BAG","21292",2011,12,96,18.24,0.19,1,"C",64,96,85.3333333333333,4.57471097850338,96,31,62,63,62
"SMALL TALL CAMPHOR WOOD TOADSTOOL","21378",2011,10,19,31.35,1.65,3,"C",3,12,11.3333333333333,2.99573227355399,19,17,19,19,19
"SMALL TALL CAMPHOR WOOD TOADSTOOL","21378",2011,11,6,9.9,1.65,1,"C",19,3,9.33333333333333,1.94591014905531,6,5,6,4,6
"SMALL TALL CAMPHOR WOOD TOADSTOOL","21378",2011,12,30,11.7,0.39,3,"C",6,19,18.3333333333333,3.43398720448515,30,26,32,29,32
"SMALL WHITE HEART OF WICKER","23321",2011,10,741,1159.05,1.6402752293578,107,"A",765,708,738,6.60934924316738,741,835,736,915,736
"SMALL WHITE HEART OF WICKER","23321",2011,11,1063,1649.15,1.64,147,"A",741,765,856.333333333333,6.96979066990159,1063,1021,1016,1142,1016
"SMALL WHITE HEART OF WICKER","23321",2011,12,175,288.75,1.65,36,"A",1063,741,659.666666666667,5.17048399503815,175,473,382,498,382
"SMALL WHITE RETROSPOT MUG IN BOX","22071",2011,10,44,165,3.75,11,"B",47,7,32.6666666666667,3.80666248977032,44,43,46,38,46
"SMALL WHITE RETROSPOT MUG IN BOX","22071",2011,11,507,546.75,3.33809523809524,21,"B",44,47,199.333333333333,6.23048144757848,507,396,493,457,493
"SMALL WHITE RETROSPOT MUG IN BOX","22071",2011,12,8,30,3.75,4,"B",507,44,186.333333333333,2.19722457733622,8,64,36,23,36
"SMALL YELLOW BABUSHKA NOTEBOOK","22753",2011,10,21,19.41,0.97,13,"C",24,42,29,3.09104245335832,21,33,24,40,24
"SMALL YELLOW BABUSHKA NOTEBOOK","22753",2011,11,141,116.86,0.853939393939394,32,"C",21,24,62,4.95582705760126,141,145,155,165,155
"SMALL YELLOW BABUSHKA NOTEBOOK","22753",2011,12,245,53.37,0.236666666666667,24,"C",141,21,135.666666666667,5.50533153593236,245,225,231,290,231
"SMALL ZINC HEART WALL ORGANISER","23135",2011,10,5,28.75,5.75,2,"A",439,57,167,1.79175946922805,5,20,12,11,12
"SMALL ZINC HEART WALL ORGANISER","23135",2011,11,1,5.75,5.75,1,"A",5,439,148.333333333333,0.693147180559945,1,5,2,4,2
"SMALL ZINC HEART WALL ORGANISER","23135",2011,12,19,65.51,4.535,2,"A",1,5,8.33333333333333,2.99573227355399,19,14,19,10,19
"SMALL ZINC/GLASS CANDLEHOLDER","72811",2011,11,14,20.86,1.49,2,"C",3,6,7.66666666666667,2.70805020110221,14,13,15,12,15
"SMALL ZINC/GLASS CANDLEHOLDER","72811",2011,12,2,2.98,1.49,1,"C",14,3,6.33333333333333,1.09861228866811,2,3,2,3,2
"SMOKEY GREY COLOUR GLASS","79051A",2011,11,116,33.64,0.29,6,"C",24,8,49.3333333333333,4.76217393479776,116,96,130,136,130
"SMOKEY GREY COLOUR GLASS","79051A",2011,12,48,13.92,0.29,2,"C",116,24,62.6666666666667,3.89182029811063,48,50,50,36,50
"SNACK TRAY I LOVE LONDON","23579",2011,12,123,225.45,1.93,15,"C",19,7,49.6666666666667,4.82028156560504,123,108,134,139,134
"SNOWFLAKE PORTABLE TABLE LIGHT","21744",2011,10,106,326.9,3.46636363636364,22,"B",38,12,52,4.67282883446191,106,98,110,105,110
"SNOWFLAKE PORTABLE TABLE LIGHT","21744",2011,11,160,503.24,3.18666666666667,35,"B",106,38,101.333333333333,5.08140436498446,160,145,168,149,168
"SNOWSTORM PHOTO FRAME FRIDGE MAGNET","22181",2011,10,30,25.5,0.85,3,"C",59,26,38.3333333333333,3.43398720448515,30,28,29,30,29
"SNOWSTORM PHOTO FRAME FRIDGE MAGNET","22181",2011,11,137,116.45,0.85,9,"C",30,59,75.3333333333333,4.92725368515721,137,129,145,110,145
"SOAP DISH BROCANTE","22863",2011,10,2,5.9,2.95,1,"B",28,10,13.3333333333333,1.09861228866811,2,4,3,4,3
"SOAP DISH BROCANTE","22863",2011,11,41,120.95,2.95,9,"B",2,28,23.6666666666667,3.73766961828337,41,35,36,40,36
"SOAP DISH BROCANTE","22863",2011,12,9,26.55,2.95,2,"B",41,2,17.3333333333333,2.30258509299405,9,10,10,9,10
"SOFT PINK ROSE TOWEL","84913A",2011,10,3,13.95,4.65,1,"C",1,8,4,1.38629436111989,3,2,2,2,2
"SOFT PINK ROSE TOWEL","84913A",2011,11,1,4.65,4.65,1,"C",3,1,1.66666666666667,0.693147180559945,1,1,1,2,1
"SOLDIERS EGG CUP","22988",2011,10,745,882.58,1.30717948717949,38,"A",677,1004,808.666666666667,6.61472560020376,745,748,674,761,674
"SOLDIERS EGG CUP","22988",2011,11,874,1012.84,1.29111111111111,44,"A",745,677,765.333333333333,6.77422388635761,874,806,816,878,816
"SOLDIERS EGG CUP","22988",2011,12,404,450.28,1.23538461538462,13,"A",874,745,674.333333333333,6.00388706710654,404,444,443,386,443
"SOMBRERO","62018",2011,10,407,513.65,1.71666666666667,3,"A",6,1253,555.333333333333,6.01126717440416,407,41,58,52,58
"SOMBRERO","62018",2011,11,28,54.6,1.95,7,"A",407,6,147,3.36729582998647,28,65,53,75,53
"SOMBRERO","62018",2011,12,210,269.5,1.71666666666667,3,"A",28,407,215,5.35185813347607,210,37,71,41,71
"SPACE CADET BLACK","21031",2011,10,3,4.96,1.65333333333333,3,"C",10,1,4.66666666666667,1.38629436111989,3,5,4,5,4
"SPACE CADET BLACK","21031",2011,11,10,12.5,1.25,1,"C",3,10,7.66666666666667,2.39789527279837,10,6,9,5,9
"SPACE CADET RED","21030",2011,10,4,5,1.25,3,"C",10,4,6,1.6094379124341,4,6,5,7,5
"SPACE CADET RED","21030",2011,11,17,23.67,1.5525,4,"C",4,10,10.3333333333333,2.89037175789616,17,15,14,19,14
"SPACE CADET WHITE","21032",2011,10,2,3.71,1.855,2,"C",1,4,2.33333333333333,1.09861228866811,2,3,3,4,3
"SPACE CADET WHITE","21032",2011,11,17,22.46,1.492,5,"C",2,1,6.66666666666667,2.89037175789616,17,15,18,22,18
"SPACE FROG","21025",2011,10,3,4.96,1.855,2,"C",3,1,2.33333333333333,1.38629436111989,3,3,3,4,3
"SPACE FROG","21025",2011,11,5,11.09,2.05666666666667,3,"C",3,3,3.66666666666667,1.79175946922805,5,5,5,6,5
"SPACE OWL","21026",2011,10,18,23.71,1.5525,4,"C",13,1,10.6666666666667,2.94443897916644,18,15,16,16,16
"SPACE OWL","21026",2011,11,45,57.46,1.42285714285714,7,"C",18,13,25.3333333333333,3.8286413964891,45,42,48,45,48
"SPACEBOY BABY GIFT SET","23007",2011,10,53,838.35,16.6833333333333,15,"A",49,15,39,3.98898404656427,53,47,53,39,53
"SPACEBOY BABY GIFT SET","23007",2011,11,45,692.75,16.2833333333333,15,"A",53,49,49,3.8286413964891,45,42,47,45,47
"SPACEBOY BABY GIFT SET","23007",2011,12,7,118.65,16.95,7,"A",45,53,35,2.07944154167984,7,17,13,16,13
"SPACEBOY BEAKER","23346",2011,10,629,718.25,1.24540540540541,36,"A",637,931,732.333333333333,6.44571981938558,629,673,615,711,615
"SPACEBOY BEAKER","23346",2011,11,253,316.25,1.25,21,"A",629,637,506.333333333333,5.53733426701854,253,338,321,352,321
"SPACEBOY BEAKER","23346",2011,12,51,63.75,1.25,8,"A",253,629,311,3.95124371858143,51,138,130,98,130
"SPACEBOY BIRTHDAY CARD","22029",2011,10,819,317.85,0.439393939393939,33,"A",794,516,709.666666666667,6.7093043402583,819,746,798,774,798
"SPACEBOY BIRTHDAY CARD","22029",2011,11,640,266.12,0.446,45,"A",819,794,751,6.46302945692067,640,768,736,909,736
"SPACEBOY BIRTHDAY CARD","22029",2011,12,349,134.03,0.442307692307692,13,"A",640,819,602.666666666667,5.85793315448346,349,408,361,402,361
"SPACEBOY CHILDRENS BOWL","23290",2011,10,354,413.7,1.24259259259259,27,"A",446,400,400,5.87211778947542,354,402,363,379,363
"SPACEBOY CHILDRENS BOWL","23290",2011,11,464,522.4,1.23918918918919,37,"A",354,446,421.333333333333,6.14203740558736,464,463,487,449,487
"SPACEBOY CHILDRENS BOWL","23290",2011,12,176,191.2,1.22777777777778,9,"A",464,354,331.333333333333,5.17614973257383,176,200,193,164,193
"SPACEBOY CHILDRENS CUP","23292",2011,10,279,330.76,1.28884615384615,25,"B",386,442,369,5.63478960316925,279,298,247,306,247
"SPACEBOY CHILDRENS CUP","23292",2011,11,301,357.05,1.24393939393939,33,"B",279,386,322,5.71042701737487,301,338,301,352,301
"SPACEBOY CHILDRENS CUP","23292",2011,12,126,139.51,1.37625,8,"B",301,279,235.333333333333,4.84418708645859,126,114,126,107,126
"SPACEBOY CHILDRENS EGG CUP","22975",2011,10,71,88.75,1.25,13,"B",34,80,61.6666666666667,4.27666611901606,71,65,70,68,70
"SPACEBOY CHILDRENS EGG CUP","22975",2011,11,78,102.34,1.41133333333333,15,"B",71,34,61,4.36944785246702,78,82,76,89,76
"SPACEBOY CHILDRENS EGG CUP","22975",2011,12,14,21.13,1.45166666666667,5,"B",78,71,54.3333333333333,2.70805020110221,14,26,30,33,30
"SPACEBOY GIFT WRAP","22045",2011,10,1025,406.5,0.417391304347826,23,"A",550,275,616.666666666667,6.93342302573071,1025,913,1035,796,1035
"SPACEBOY GIFT WRAP","22045",2011,11,875,355.5,0.417692307692308,26,"A",1025,550,816.666666666667,6.77536609093639,875,859,872,830,872
"SPACEBOY GIFT WRAP","22045",2011,12,150,63,0.42,6,"A",875,1025,683.333333333333,5.01727983681492,150,266,280,198,280
"SPACEBOY LUNCH BOX","22629",2011,10,969,1757.33,1.96441176470588,68,"A",939,1809,1239,6.87729607149743,969,1191,1285,1047,1285
"SPACEBOY LUNCH BOX","22629",2011,11,1418,2472.08,1.93634146341463,82,"A",969,939,1108.66666666667,7.25770767716004,1418,1330,1419,1343,1419
"SPACEBOY LUNCH BOX","22629",2011,12,403,709.05,1.91086956521739,23,"A",1418,969,930,6.00141487796115,403,564,588,565,588
"SPACEBOY MINI BACKPACK","23389",2011,11,289,1159.35,4.14310344827586,57,"A",425,273,329,5.66988092298052,289,340,301,308,301
"SPACEBOY MINI BACKPACK","23389",2011,12,43,178.45,4.15,17,"A",289,425,252.333333333333,3.78418963391826,43,130,99,126,99
"SPACEBOY ROCKET LOLLY MAKERS","23392",2011,11,140,291.2,2.08,34,"B",198,220,186,4.94875989037817,140,184,144,198,144
"SPACEBOY ROCKET LOLLY MAKERS","23392",2011,12,29,60.32,2.08,6,"B",140,198,122.333333333333,3.40119738166216,29,46,33,49,33
"SPACEBOY TV DINNER TRAY","22474",2011,10,14,69.3,4.95,6,"B",4,4,7.33333333333333,2.70805020110221,14,13,14,15,14
"SPACEBOY TV DINNER TRAY","22474",2011,11,29,138.19,5.464,10,"B",14,4,15.6666666666667,3.40119738166216,29,28,28,30,28
"SPACEBOY TV DINNER TRAY","22474",2011,12,61,130.95,2.2,12,"B",29,14,34.6666666666667,4.12713438504509,61,55,59,58,59
"SPOTS ON RED BOOKCOVER TAPE","10124A",2011,11,4,1.68,0.42,1,"C",5,3,4,1.6094379124341,4,3,3,2,3
"SPOTTED WHITE NATURAL SEED NECKLACE","90030A",2011,11,6,6,1,1,"C",54,6,22,1.94591014905531,6,7,4,6,4
"SPOTTY BUNTING","23298",2011,10,469,2281.55,4.94166666666667,95,"A",864,1351,894.666666666667,6.1527326947041,469,782,494,685,494
"SPOTTY BUNTING","23298",2011,11,822,3736.9,4.90918367346939,98,"A",469,864,718.333333333333,6.71295620067707,822,782,809,771,809
"SPOTTY BUNTING","23298",2011,12,124,613.8,4.95,25,"A",822,469,471.666666666667,4.8283137373023,124,281,216,248,216
"SPOTTY PINK DUCK DOORSTOP","21408",2011,10,18,88.62,4.755,8,"B",15,17,16.6666666666667,2.94443897916644,18,20,19,25,19
"SPOTTY PINK DUCK DOORSTOP","21408",2011,11,19,88.83,4.755,8,"B",18,15,17.3333333333333,2.99573227355399,19,19,18,25,18
"SPOTTY PINK DUCK DOORSTOP","21408",2011,12,99,205.73,2.43769230769231,13,"B",19,18,45.3333333333333,4.60517018598809,99,88,110,90,110
"SQUARE CHERRY BLOSSOM CABINET","84665",2011,11,8,47.6,5.95,2,"B",8,4,6.66666666666667,2.19722457733622,8,7,8,6,8
"SQUARE FLOOR CUSHION VINTAGE RED","21629",2011,10,13,93.35,7.45,4,"C",1,3,5.66666666666667,2.63905732961526,13,10,12,10,12
"SQUARE FLOOR CUSHION VINTAGE RED","21629",2011,11,14,111.3,7.95,7,"C",13,1,9.33333333333333,2.70805020110221,14,14,14,11,14
"SQUARE FLOOR CUSHION VINTAGE RED","21629",2011,12,2,15.9,7.95,2,"C",14,13,9.66666666666667,1.09861228866811,2,4,3,3,3
"SQUARE METAL CANDLEHOLDER BASE","71510",2011,10,6,5.1,0.85,1,"C",2,1,3,1.94591014905531,6,4,6,3,6
"SQUARE METAL CANDLEHOLDER BASE","71510",2011,11,7,5.95,0.85,3,"C",6,2,5,2.07944154167984,7,8,8,10,8
"SQUARE MINI PORTRAIT FRAME","23451",2011,12,37,72.15,1.95,6,"C",156,75,89.3333333333333,3.63758615972639,37,42,34,45,34
"SQUARECUSHION COVER PINK UNION JACK","22785",2011,10,8,54,6.75,6,"C",5,1,4.66666666666667,2.19722457733622,8,8,8,8,8
"SQUARECUSHION COVER PINK UNION JACK","22785",2011,11,6,50.38,8.39666666666667,6,"C",8,5,6.33333333333333,1.94591014905531,6,9,7,8,7
"SQUARECUSHION COVER PINK UNION JACK","22785",2011,12,123,190.01,3.57,9,"C",6,8,45.6666666666667,4.82028156560504,123,100,127,129,127
"ST TROPEZ NECKLACE","90158",2011,11,10,49.5,4.95,3,"C",1,1,4,2.39789527279837,10,7,9,7,9
"STANDING FAIRY POLE SUPPORT","71101E",2011,10,2,1.7,0.85,1,"C",48,36,28.6666666666667,1.09861228866811,2,6,6,7,6
"STANDING FAIRY POLE SUPPORT","71101E",2011,11,30,25.5,0.85,4,"C",2,48,26.6666666666667,3.43398720448515,30,26,24,28,24
"STAR  T-LIGHT HOLDER","21815",2011,10,17,24.65,1.45,4,"C",12,12,13.6666666666667,2.89037175789616,17,16,19,21,19
"STAR  T-LIGHT HOLDER","21815",2011,11,19,27.55,1.45,5,"C",17,12,16,2.99573227355399,19,18,19,24,19
"STAR DECORATION PAINTED ZINC","22338",2011,10,1382,263.64,0.223125,32,"B",427,6,605,7.23201033166476,1382,889,1412,1457,1412
"STAR DECORATION PAINTED ZINC","22338",2011,11,1790,360.24,0.280212765957447,45,"B",1382,427,1199.66666666667,7.49052940206071,1790,1377,1834,2149,1834
"STAR DECORATION PAINTED ZINC","22338",2011,12,444,98.72,0.31375,16,"B",1790,1382,1205.33333333333,6.09807428216624,444,751,658,995,658
"STAR DECORATION RUSTIC","22155",2011,10,469,196.98,0.42,17,"B",350,156,325,6.1527326947041,469,404,496,394,496
"STAR DECORATION RUSTIC","22155",2011,11,743,312.06,0.42,29,"B",469,350,520.666666666667,6.61204103483309,743,641,742,587,742
"STAR DECORATION RUSTIC","22155",2011,12,113,47.46,0.42,7,"B",743,469,441.666666666667,4.7361984483945,113,213,172,147,172
"STAR T-LIGHT HOLDER WILLIE WINKIE","23274",2011,10,380,628.64,1.70466666666667,29,"B",335,96,270.333333333333,5.9427993751267,380,338,319,304,319
"STAR T-LIGHT HOLDER WILLIE WINKIE","23274",2011,11,227,382.75,1.81965517241379,29,"B",380,335,314,5.42934562895444,227,270,233,300,233
"STAR T-LIGHT HOLDER WILLIE WINKIE","23274",2011,12,46,79.18,1.978,5,"B",227,380,217.666666666667,3.85014760171006,46,88,56,63,56
"STAR WOODEN CHRISTMAS DECORATION","22573",2011,10,480,414.24,0.949210526315789,38,"B",779,48,435.666666666667,6.17586727010576,480,483,440,523,440
"STAR WOODEN CHRISTMAS DECORATION","22573",2011,11,672,593.04,0.902881355932203,58,"B",480,779,643.666666666667,6.51174532964473,672,647,547,757,547
"STAR WOODEN CHRISTMAS DECORATION","22573",2011,12,252,222,0.9475,8,"B",672,480,468,5.53338948872752,252,247,234,202,234
"STAR WREATH DECORATION WITH BELL","23213",2011,10,446,527.26,1.2434375,30,"B",280,179,301.666666666667,6.10255859461357,446,392,399,386,399
"STAR WREATH DECORATION WITH BELL","23213",2011,11,473,561.01,1.24475,39,"B",446,280,399.666666666667,6.16120732169508,473,486,463,446,463
"STAR WREATH DECORATION WITH BELL","23213",2011,12,82,102.5,1.25,8,"B",473,446,333.666666666667,4.4188406077966,82,127,112,121,112
"STARFISH SOAP DISH","21418",2011,10,6,15.3,2.55,1,"C",6,1,4.33333333333333,1.94591014905531,6,5,5,3,5
"STARFISH SOAP DISH","21418",2011,12,20,15.8,0.79,3,"C",6,6,10.6666666666667,3.04452243772342,20,19,19,25,19
"STARS GIFT TAPE","21883",2011,10,110,72.48,0.715333333333333,15,"C",96,18,74.6666666666667,4.70953020131233,110,120,105,110,105
"STARS GIFT TAPE","21883",2011,11,94,61.1,0.65,11,"C",110,96,100,4.55387689160054,94,103,105,116,105
"STARS GIFT TAPE","21883",2011,12,14,9.1,0.65,2,"C",94,110,72.6666666666667,2.70805020110221,14,33,24,23,24
"STEEL SWEETHEART ROUND TABLE CREAM","21476",2011,10,3,44.85,14.95,2,"C",2,1,2,1.38629436111989,3,3,3,3,3
"STOOL HOME SWEET HOME","23427",2011,11,11,137.5,12.5,8,"A",120,93,74.6666666666667,2.484906649788,11,30,19,25,19
"STOOL HOME SWEET HOME","23427",2011,12,3,37.5,12.5,2,"A",11,120,44.6666666666667,1.38629436111989,3,6,4,5,4
"STOP FOR TEA WALL ART","23534",2011,12,3,17.85,5.95,1,"A",46,469,172.666666666667,1.38629436111989,3,5,3,6,3
"STORAGE TIN HOME SWEET HOME","23425",2011,11,31,77.19,2.49,7,"C",45,70,48.6666666666667,3.46573590279973,31,37,34,35,34
"STORAGE TIN HOME SWEET HOME","23425",2011,12,91,71.89,0.79,9,"C",31,45,55.6666666666667,4.52178857704904,91,79,86,88,86
"STORAGE TIN VINTAGE DOILY","23236",2011,10,237,674.43,3.0321052631579,38,"A",531,165,311,5.47227067367148,237,259,281,258,281
"STORAGE TIN VINTAGE DOILY","23236",2011,11,280,807.4,3.10842105263158,37,"A",237,531,349.333333333333,5.63835466933375,280,326,304,247,304
"STORAGE TIN VINTAGE DOILY","23236",2011,12,22,63.58,2.89,5,"A",280,237,179.666666666667,3.13549421592915,22,57,36,48,36
"STORAGE TIN VINTAGE LEAF","23235",2011,10,50,144.5,2.89,10,"B",6,48,34.6666666666667,3.93182563272433,50,47,47,54,47
"STORAGE TIN VINTAGE LEAF","23235",2011,11,17,49.13,2.89,6,"B",50,6,24.3333333333333,2.89037175789616,17,18,18,21,18
"STORAGE TIN VINTAGE LEAF","23235",2011,12,80,129.52,1.742,10,"B",17,50,49,4.39444915467244,80,74,79,84,79
"STRAWBERRIES  DESIGN FLANNEL","21945",2011,10,38,32.3,0.85,4,"C",27,13,26,3.66356164612965,38,36,36,37,36
"STRAWBERRIES  DESIGN FLANNEL","21945",2011,11,58,49.3,0.85,8,"C",38,27,41,4.07753744390572,58,57,63,66,63
"STRAWBERRIES  DESIGN FLANNEL","21945",2011,12,1,0.39,0.39,1,"C",58,38,32.3333333333333,0.693147180559945,1,8,6,9,6
"STRAWBERRY   PICNIC BAG","21937",2011,11,1,2.95,2.95,1,"A",268,510,259.666666666667,0.693147180559945,1,4,2,4,2
"STRAWBERRY   PICNIC BAG","21937",2011,12,4,11.8,2.95,2,"A",1,268,91,1.6094379124341,4,10,8,11,8
"STRAWBERRY BATH SPONGE","20961",2011,10,99,126.17,1.325625,16,"B",46,46,63.6666666666667,4.60517018598809,99,103,94,110,94
"STRAWBERRY BATH SPONGE","20961",2011,11,233,305.77,1.38081081081081,36,"B",99,46,126,5.4553211153577,233,206,249,272,249
"STRAWBERRY BATH SPONGE","20961",2011,12,83,104.96,1.492,5,"B",233,99,138.333333333333,4.43081679884331,83,56,58,65,58
"STRAWBERRY CERAMIC TRINKET BOX","21232",2011,10,948,1094.92,1.31380952380952,40,"A",825,477,750,6.85540879860993,948,832,881,846,881
"STRAWBERRY CERAMIC TRINKET BOX","21232",2011,11,540,579.24,1.18666666666667,3,"A",948,825,771,6.29341927884648,540,67,128,92,128
"STRAWBERRY CERAMIC TRINKET BOX","21232",2011,12,224,237.44,1.06,1,"A",540,948,570.666666666667,5.41610040220442,224,40,66,25,66
"STRAWBERRY CERAMIC TRINKET POT","21232",2011,12,240,296,1.32846153846154,12,"B",761,35,345.333333333333,5.48479693349065,240,242,198,236,198
"STRAWBERRY CHARLOTTE BAG","20723",2011,10,354,308.7,0.93125,47,"A",881,880,705,5.87211778947542,354,586,548,715,548
"STRAWBERRY CHARLOTTE BAG","20723",2011,11,498,422,0.915,46,"A",354,881,577.666666666667,6.21260609575152,498,549,492,603,492
"STRAWBERRY CHARLOTTE BAG","20723",2011,12,62,54.26,0.936666666666667,9,"A",498,354,304.666666666667,4.14313472639153,62,155,137,146,137
"STRAWBERRY FAIRY CAKE TEAPOT","22649",2011,10,52,257.4,4.95,10,"A",28,45,41.6666666666667,3.97029191355212,52,44,46,41,46
"STRAWBERRY FAIRY CAKE TEAPOT","22649",2011,11,54,267.3,4.95,13,"A",52,28,44.6666666666667,4.00733318523247,54,52,48,45,48
"STRAWBERRY FAIRY CAKE TEAPOT","22649",2011,12,17,84.15,4.95,3,"A",54,52,41,2.89037175789616,17,16,10,15,10
"STRAWBERRY HONEYCOMB  GARLAND","21206",2011,10,62,102.3,1.65,6,"B",45,65,57.3333333333333,4.14313472639153,62,50,54,52,54
"STRAWBERRY HONEYCOMB  GARLAND","21206",2011,11,16,26.4,1.65,3,"B",62,45,41,2.83321334405622,16,22,18,20,18
"STRAWBERRY LUNCH BOX WITH CUTLERY","21559",2011,10,425,955.98,2.63290322580645,31,"A",253,277,318.333333333333,6.05443934626937,425,405,388,376,388
"STRAWBERRY LUNCH BOX WITH CUTLERY","21559",2011,11,236,589.26,2.65658536585366,41,"A",425,253,304.666666666667,5.46806014113513,236,282,252,282,252
"STRAWBERRY LUNCH BOX WITH CUTLERY","21559",2011,12,29,81.18,2.95166666666667,6,"A",236,425,230,3.40119738166216,29,90,65,56,65
"STRAWBERRY RAFFIA FOOD COVER","21471",2011,10,16,60,3.75,5,"B",13,50,26.3333333333333,2.83321334405622,16,20,17,16,17
"STRAWBERRY RAFFIA FOOD COVER","21471",2011,11,6,22.5,3.75,6,"B",16,13,11.6666666666667,1.94591014905531,6,10,7,11,7
"STRAWBERRY SHOPPER BAG","20717",2011,10,116,148.63,1.3952,24,"B",43,179,112.666666666667,4.76217393479776,116,122,124,130,124
"STRAWBERRY SHOPPER BAG","20717",2011,11,214,273.55,1.35676470588235,34,"B",116,43,124.333333333333,5.37063802812766,214,184,202,231,202
"STRAWBERRY SHOPPER BAG","20717",2011,12,7,8.75,1.25,5,"B",214,116,112.333333333333,2.07944154167984,7,49,29,37,29
"STRING OF STARS CARD HOLDER","22164",2011,10,12,35.4,2.95,2,"C",2,2,5.33333333333333,2.56494935746154,12,11,13,9,13
"STRING OF STARS CARD HOLDER","22164",2011,11,37,109.15,2.95,4,"C",12,2,17,3.63758615972639,37,31,38,29,38
"STRIPES DESIGN TEDDY","84508B",2011,10,7,17.85,2.55,4,"C",2,4,4.33333333333333,2.07944154167984,7,7,7,9,7
"STRIPES DESIGN TEDDY","84508B",2011,11,8,20.4,2.55,5,"C",7,2,5.66666666666667,2.19722457733622,8,9,9,10,9
"STRIPEY CHOCOLATE NESTING BOXES","21288",2011,10,77,207.95,2.83571428571429,7,"C",48,12,45.6666666666667,4.35670882668959,77,63,66,55,66
"STRIPEY CHOCOLATE NESTING BOXES","21288",2011,11,11,32.45,2.95,7,"C",77,48,45.3333333333333,2.484906649788,11,29,21,27,21
"SUKI  SHOULDER BAG","21935",2011,10,76,125.12,1.64545454545455,21,"A",106,89,90.3333333333333,4.34380542185368,76,102,92,107,92
"SUKI  SHOULDER BAG","21935",2011,11,228,376.04,1.64823529411765,34,"A",76,106,136.666666666667,5.43372200355424,228,204,210,238,210
"SUKI  SHOULDER BAG","21935",2011,12,31,51.11,1.64714285714286,7,"A",228,76,111.666666666667,3.46573590279973,31,57,45,46,45
"SUMMER DAISIES BAG CHARM","90114",2011,11,50,127.5,2.55,6,"C",7,6,21,3.93182563272433,50,45,41,45,41
"SUMMER DAISIES BAG CHARM","90114",2011,12,2,5.1,2.55,1,"C",50,7,19.6666666666667,1.09861228866811,2,4,3,4,3
"SUNFLOWER DECORATIVE PARASOL","21633",2011,10,1,12.75,12.75,1,"C",2,7,3.33333333333333,0.693147180559945,1,2,1,2,1
"SUNFLOWER DECORATIVE PARASOL","21633",2011,11,6,76.5,12.75,2,"C",1,2,3,1.94591014905531,6,5,5,4,5
"SUNSET CHECK HAMMOCK","84795B",2011,11,2,15.9,7.95,1,"B",13,26,13.6666666666667,1.09861228866811,2,4,1,3,1
"SUNSET COLOUR CHUNKY KNITTED THROW","46775D",2011,10,1,16.95,16.95,1,"C",1,5,2.33333333333333,0.693147180559945,1,1,1,2,1
"SUNSET COLOUR CHUNKY KNITTED THROW","46775D",2011,11,4,67.8,16.95,3,"C",1,1,2,1.6094379124341,4,4,4,3,4
"SUNSET COLOUR CHUNKY KNITTED THROW","46775D",2011,12,2,33.9,16.95,2,"C",4,1,2.33333333333333,1.09861228866811,2,3,2,3,2
"SWALLOW SQUARE TISSUE BOX","22097",2011,10,511,199.29,0.39,20,"C",108,224,281,6.23832462503951,511,432,487,472,487
"SWALLOW SQUARE TISSUE BOX","22097",2011,11,143,55.77,0.39,31,"C",511,108,254,4.969813299576,143,225,149,192,149
"SWALLOW SQUARE TISSUE BOX","22097",2011,12,222,86.58,0.39,5,"C",143,511,292,5.40717177146012,222,129,169,112,169
"SWALLOW WOODEN CHRISTMAS DECORATION","22576",2011,10,286,243.88,0.946451612903226,30,"B",107,48,147,5.65948221575962,286,275,328,336,328
"SWALLOW WOODEN CHRISTMAS DECORATION","22576",2011,11,499,435.07,0.883191489361702,45,"B",286,107,297.333333333333,6.21460809842219,499,457,479,458,479
"SWALLOW WOODEN CHRISTMAS DECORATION","22576",2011,12,139,118.93,0.920909090909091,11,"B",499,286,308,4.9416424226093,139,185,207,199,207
"SWALLOWS GREETING CARD","22030",2011,11,1008,383.04,0.415,24,"B",252,744,668,6.91671502035361,1008,735,859,813,859
"SWALLOWS GREETING CARD","22030",2011,12,69,37.59,0.502,5,"B",1008,252,443,4.24849524204936,69,198,116,98,116
"SWEET HEART CAKE CARRIER","23487",2011,12,3,29.85,9.95,2,"B",43,32,26,1.38629436111989,3,7,6,7,6
"SWEET PUDDING STICKER SHEET","21722",2011,10,4,3.4,0.85,2,"C",6,1,3.66666666666667,1.6094379124341,4,4,4,5,4
"SWEET PUDDING STICKER SHEET","21722",2011,11,1,0.85,0.85,1,"C",4,6,3.66666666666667,0.693147180559945,1,2,1,2,1
"SWEETHEART 3 TIER CAKE STAND","22776",2011,10,68,676.6,9.95,39,"B",73,1,47.3333333333333,4.23410650459726,68,61,69,63,69
"SWEETHEART 3 TIER CAKE STAND","22776",2011,11,67,649.25,9.91081081081081,37,"B",68,73,69.3333333333333,4.21950770517611,67,71,70,79,70
"SWEETHEART 3 TIER CAKE STAND","22776",2011,12,13,129.35,9.95,8,"B",67,68,49.3333333333333,2.63905732961526,13,27,18,22,18
"SWEETHEART BIRD HOUSE","23461",2011,11,76,315.4,4.15,36,"A",114,1,63.6666666666667,4.34380542185368,76,85,68,98,68
"SWEETHEART BIRD HOUSE","23461",2011,12,638,2120.7,4.05555555555556,8,"A",76,114,276,6.45990445437753,638,378,682,290,682
"SWEETHEART CAKESTAND 3 TIER","22776",2011,10,1,9.95,9.95,1,"A",4,40,15,0.693147180559945,1,3,2,3,2
"SWEETHEART CERAMIC TRINKET BOX","21231",2011,10,562,684.08,1.39297297297297,36,"A",479,369,470,6.33327962813969,562,530,501,480,501
"SWEETHEART CERAMIC TRINKET BOX","21231",2011,11,706,886.23,1.33056603773585,52,"A",562,479,582.333333333333,6.56103066589657,706,654,679,692,679
"SWEETHEART CERAMIC TRINKET BOX","21231",2011,12,144,185.68,1.3775,8,"A",706,562,470.666666666667,4.97673374242057,144,218,181,155,181
"SWEETHEART CREAM STEEL TABLE RECT","21473",2011,10,2,39.9,19.95,2,"C",2,1,1.66666666666667,1.09861228866811,2,2,2,2,2
"SWEETHEART CREAM STEEL TABLE RECT","21473",2011,11,1,19.95,19.95,1,"C",2,2,1.66666666666667,0.693147180559945,1,1,1,1,1
"SWEETHEART RECIPE BOOK STAND","22795",2011,10,58,378.7,6.71666666666667,24,"A",195,90,114.333333333333,4.07753744390572,58,98,82,96,82
"SWEETHEART RECIPE BOOK STAND","22795",2011,11,132,873.4,6.71444444444444,43,"A",58,195,128.333333333333,4.89034912822175,132,146,139,164,139
"SWEETHEART RECIPE BOOK STAND","22795",2011,12,51,318.65,6.60454545454545,11,"A",132,58,80.3333333333333,3.95124371858143,51,63,54,54,54
"SWEETHEART WALL TIDY","23460",2011,12,35,280.73,9.4225,4,"B",51,22,36,3.58351893845611,35,20,21,17,21
"SWEETHEART WIRE FRUIT BOWL","22799",2011,10,6,51,8.5,5,"B",10,11,9,1.94591014905531,6,9,7,7,7
"SWEETHEART WIRE FRUIT BOWL","22799",2011,11,10,85,8.5,6,"B",6,10,8.66666666666667,2.39789527279837,10,10,9,10,9
"SWEETHEART WIRE FRUIT BOWL","22799",2011,12,30,88.5,2.95,5,"B",10,6,15.3333333333333,3.43398720448515,30,28,28,25,28
"SWEETHEART WIRE MAGAZINE RACK","22794",2011,10,12,95.4,7.95,9,"B",21,19,17.3333333333333,2.56494935746154,12,17,14,20,14
"SWEETHEART WIRE MAGAZINE RACK","22794",2011,11,17,135.15,7.95,11,"B",12,21,16.6666666666667,2.89037175789616,17,20,19,24,19
"SWEETHEART WIRE MAGAZINE RACK","22794",2011,12,8,63.6,7.95,6,"B",17,12,12.3333333333333,2.19722457733622,8,11,8,10,8
"SWEETHEART WIRE WALL TIDY","22829",2011,10,8,79.6,9.95,4,"B",16,7,10.3333333333333,2.19722457733622,8,9,9,7,9
"SWEETHEART WIRE WALL TIDY","22829",2011,11,1,9.95,9.95,1,"B",8,16,8.33333333333333,0.693147180559945,1,2,2,2,2
"SWEETIES  STICKERS","21725",2011,10,3,2.55,0.85,1,"C",2,1,2,1.38629436111989,3,3,3,2,3
"SWEETIES  STICKERS","21725",2011,11,15,12.75,0.85,2,"C",3,2,6.66666666666667,2.77258872223978,15,13,17,16,17
"SWIRLY CIRCULAR RUBBERS IN BAG","16258A",2011,10,79,35.64,0.625,6,"C",7,39,41.6666666666667,4.38202663467388,79,70,75,79,75
"SWIRLY CIRCULAR RUBBERS IN BAG","16258A",2011,11,28,13.4,0.537142857142857,7,"C",79,7,38,3.36729582998647,28,39,35,46,35
"SWIRLY CIRCULAR RUBBERS IN BAG","16258A",2011,12,160,32.32,0.281428571428571,7,"C",28,79,89,5.08140436498446,160,143,148,161,148
"SWISS CHALET TREE DECORATION","21014",2011,10,526,152.54,0.29,22,"C",272,19,272.333333333333,6.26720054854136,526,464,481,425,481
"SWISS CHALET TREE DECORATION","21014",2011,11,282,81.78,0.29,18,"C",526,272,360,5.64544689764324,282,322,245,341,245
"SWISS ROLL TOWEL PINK  SPOTS","21112",2011,10,319,930.37,3.478,10,"B",12,4,111.666666666667,5.76832099579377,319,239,297,368,297
"SWISS ROLL TOWEL PINK  SPOTS","21112",2011,11,64,178.56,3.35666666666667,6,"B",319,12,131.666666666667,4.17438726989564,64,65,66,58,66
"SWISS ROLL TOWEL, CHOCOLATE  SPOTS","21111",2011,10,54,140.1,2.75,2,"B",2,6,20.6666666666667,4.00733318523247,54,43,62,40,62
"SWISS ROLL TOWEL, CHOCOLATE  SPOTS","21111",2011,11,64,164.8,2.81666666666667,6,"B",54,2,40,4.17438726989564,64,46,57,45,57
"SWISS ROLL TOWEL, CHOCOLATE  SPOTS","21111",2011,12,200,251.7,1.39166666666667,11,"B",64,54,106,5.30330490805908,200,172,199,139,199
"T-LIGHT GLASS FLUTED ANTIQUE","22791",2011,10,554,677.24,1.31181818181818,33,"A",809,528,630.333333333333,6.31896811374643,554,590,537,566,537
"T-LIGHT GLASS FLUTED ANTIQUE","22791",2011,11,1270,1466.8,1.24793103448276,57,"A",554,809,877.666666666667,7.14755927118945,1270,1040,1173,1084,1173
"T-LIGHT GLASS FLUTED ANTIQUE","22791",2011,12,449,512.58,1.28764705882353,17,"A",1270,554,757.666666666667,6.10924758276437,449,502,505,502,505
"T-LIGHT HOLDER HANGING LACE","22217",2011,10,28,35,1.25,5,"C",12,10,16.6666666666667,3.36729582998647,28,26,30,31,30
"T-LIGHT HOLDER HANGING LACE","22217",2011,11,92,115,1.25,7,"C",28,12,44,4.53259949315326,92,80,91,79,91
"T-LIGHT HOLDER HANGING LACE","22217",2011,12,365,147.51,0.433,20,"C",92,28,161.666666666667,5.90263333340137,365,338,393,376,393
"T-LIGHT HOLDER HANGING LOVE BIRD","23490",2011,12,42,157.5,3.75,10,"B",340,151,177.666666666667,3.76120011569356,42,82,65,82,65
"T-LIGHT HOLDER SILVER HEART HANDLE","23039",2011,10,48,93.6,1.95,4,"C",8,66,40.6666666666667,3.89182029811063,48,37,37,32,37
"T-LIGHT HOLDER SILVER HEART HANDLE","23039",2011,11,52,101.4,1.95,7,"C",48,8,36,3.97029191355212,52,44,53,45,53
"T-LIGHT HOLDER SILVER HEART HANDLE","23039",2011,12,12,23.4,1.95,2,"C",52,48,37.3333333333333,2.56494935746154,12,13,10,13,10
"T-LIGHT HOLDER SILVER PETIT FOUR","23036",2011,10,60,75,1.25,4,"C",13,12,28.3333333333333,4.11087386417331,60,53,62,48,62
"T-LIGHT HOLDER SILVER PETIT FOUR","23036",2011,11,49,61.25,1.25,4,"C",60,13,40.6666666666667,3.91202300542815,49,41,40,33,40
"T-LIGHT HOLDER SILVER PETIT FOUR","23036",2011,12,12,15,1.25,1,"C",49,60,40.3333333333333,2.56494935746154,12,8,7,7,7
"T-LIGHT HOLDER SILVER SAUCER","23038",2011,10,2,3.26,1.63,2,"C",12,24,12.6666666666667,1.09861228866811,2,7,4,8,4
"T-LIGHT HOLDER SILVER SAUCER","23038",2011,12,3,4.89,1.63,1,"C",2,12,5.66666666666667,1.38629436111989,3,2,2,3,2
"T-LIGHT HOLDER SWEETHEART HANGING","22789",2011,10,46,94.06,2.386,10,"B",44,44,44.6666666666667,3.85014760171006,46,47,45,51,45
"T-LIGHT HOLDER SWEETHEART HANGING","22789",2011,11,9,17.55,1.95,4,"B",46,44,33,2.30258509299405,9,20,14,22,14
"T-LIGHT HOLDER SWEETHEART HANGING","22789",2011,12,17,35.33,2.495,4,"B",9,46,24,2.89037175789616,17,18,17,18,17
"T-LIGHT HOLDER WHITE LACE","22216",2011,10,27,22.95,0.85,2,"C",1,4,10.6666666666667,3.3322045101752,27,22,29,25,29
"T-LIGHT HOLDER WHITE LACE","22216",2011,12,170,51.98,0.481428571428571,7,"C",27,1,66,5.14166355650266,170,150,188,167,188
"TABLE LAMP WHITE SHADE WOOD BASE","84360",2011,10,3,17.85,5.95,1,"C",5,6,4.66666666666667,1.38629436111989,3,3,2,2,2
"TABLE LAMP WHITE SHADE WOOD BASE","84360",2011,11,4,23.8,5.95,2,"C",3,5,4,1.6094379124341,4,5,4,4,4
"TABLE LAMP WHITE SHADE WOOD BASE","84360",2011,12,2,11.9,5.95,1,"C",4,3,3,1.09861228866811,2,2,2,2,2
"TABLECLOTH RED APPLES DESIGN","22894",2011,10,17,169.15,9.95,9,"A",9,24,16.6666666666667,2.89037175789616,17,19,19,21,19
"TABLECLOTH RED APPLES DESIGN","22894",2011,11,11,109.45,9.95,6,"A",17,9,12.3333333333333,2.484906649788,11,11,10,11,10
"TABLECLOTH RED APPLES DESIGN","22894",2011,12,2,19.9,9.95,1,"A",11,17,10,1.09861228866811,2,3,2,3,2
"TALL ROCOCO CANDLE HOLDER","84609",2011,10,24,184,8.08333333333333,3,"B",14,4,14,3.2188758248682,24,15,18,12,18
"TALL ROCOCO CANDLE HOLDER","84609",2011,11,32,247,8.1875,4,"B",24,14,23.3333333333333,3.49650756146648,32,20,25,18,25
"TALL ROCOCO CANDLE HOLDER","84609",2011,12,4,34,8.5,1,"B",32,24,20,1.6094379124341,4,4,3,3,3
"TEA BAG PLATE RED RETROSPOT","22348",2011,10,306,261.66,0.8825,24,"A",212,203,240.333333333333,5.7268477475872,306,288,279,298,279
"TEA BAG PLATE RED RETROSPOT","22348",2011,11,421,362.53,0.905714285714286,40,"A",306,212,313,6.04500531403601,421,430,432,426,432
"TEA BAG PLATE RED RETROSPOT","22348",2011,12,33,31.17,0.98,6,"A",421,306,253.333333333333,3.52636052461616,33,132,86,104,86
"TEA COSY BLUE STRIPE","22308",2011,10,5,15.16,3.1525,4,"C",9,1,5,1.79175946922805,5,7,6,7,6
"TEA COSY BLUE STRIPE","22308",2011,11,28,76.22,3.35333333333333,6,"C",5,9,14,3.36729582998647,28,26,29,27,29
"TEA COSY BLUE STRIPE","22308",2011,12,5,15.16,3.1525,4,"C",28,5,12.6666666666667,1.79175946922805,5,8,7,8,7
"TEA COSY RED  STRIPE","22309",2011,10,24,63.61,2.76909090909091,11,"C",124,20,56,3.2188758248682,24,39,31,41,31
"TEA COSY RED  STRIPE","22309",2011,11,42,109.51,2.71066666666667,14,"C",24,124,63.3333333333333,3.76120011569356,42,58,51,61,51
"TEA COSY RED  STRIPE","22309",2011,12,7,20.26,3.1525,4,"C",42,24,24.3333333333333,2.07944154167984,7,15,11,17,11
"TEA FOR ONE POLKADOT","22891",2011,10,18,88.62,5.98142857142857,7,"B",39,17,24.6666666666667,2.94443897916644,18,19,17,19,17
"TEA FOR ONE POLKADOT","22891",2011,11,41,222.73,5.59666666666667,12,"B",18,39,32.6666666666667,3.73766961828337,41,36,37,41,37
"TEA FOR ONE POLKADOT","22891",2011,12,7,37.83,5.59666666666667,3,"B",41,18,22,2.07944154167984,7,10,7,11,7
"TEA PARTY  WRAPPING PAPER","22046",2011,10,175,73.5,0.42,7,"B",200,200,191.666666666667,5.17048399503815,175,173,140,125,140
"TEA PARTY  WRAPPING PAPER","22046",2011,11,275,115.5,0.42,8,"B",175,200,216.666666666667,5.62040086571715,275,230,252,197,252
"TEA PARTY  WRAPPING PAPER","22046",2011,12,75,31.5,0.42,3,"B",275,175,175,4.33073334028633,75,72,65,48,65
"TEA PARTY BIRTHDAY CARD","22027",2011,10,384,152.64,0.416666666666667,18,"B",493,228,368.333333333333,5.95324333428778,384,386,344,389,344
"TEA PARTY BIRTHDAY CARD","22027",2011,11,456,187.8,0.4668,25,"B",384,493,444.333333333333,6.12468339089421,456,435,436,455,436
"TEA PARTY BIRTHDAY CARD","22027",2011,12,96,40.32,0.42,8,"B",456,384,312,4.57471097850338,96,181,160,172,160
"TEA TIME DES TEA COSY","47580",2011,10,14,38.11,3.1525,4,"B",32,3,16.3333333333333,2.70805020110221,14,14,14,13,14
"TEA TIME DES TEA COSY","47580",2011,11,9,22.95,2.55,3,"B",14,32,18.3333333333333,2.30258509299405,9,11,10,11,10
"TEA TIME DES TEA COSY","47580",2011,12,4,10.2,2.55,2,"B",9,14,9,1.6094379124341,4,5,4,5,4
"TEA TIME KITCHEN APRON","47567B",2011,10,55,292.15,5.7875,8,"A",79,74,69.3333333333333,4.02535169073515,55,41,48,47,48
"TEA TIME KITCHEN APRON","47567B",2011,11,50,281.9,5.85714285714286,14,"A",55,79,61.3333333333333,3.93182563272433,50,56,52,54,52
"TEA TIME KITCHEN APRON","47567B",2011,12,12,84.42,7.5775,4,"A",50,55,39,2.56494935746154,12,18,12,18,12
"TEA TIME OVEN GLOVE","47559B",2011,10,180,231.23,1.42222222222222,27,"B",68,86,111.333333333333,5.19849703126583,180,165,173,185,173
"TEA TIME OVEN GLOVE","47559B",2011,11,327,389.67,1.3158064516129,31,"B",180,68,191.666666666667,5.79301360838414,327,295,360,303,360
"TEA TIME OVEN GLOVE","47559B",2011,12,69,87.46,1.36,11,"B",327,180,192,4.24849524204936,69,98,87,119,87
"TEA TIME PARTY BUNTING","47566B",2011,10,37,183.15,4.95,12,"A",33,100,56.6666666666667,3.63758615972639,37,40,36,50,36
"TEA TIME PARTY BUNTING","47566B",2011,11,18,89.1,4.95,10,"A",37,33,29.3333333333333,2.94443897916644,18,24,21,28,21
"TEA TIME PARTY BUNTING","47566B",2011,12,1,4.95,4.95,1,"A",18,37,18.6666666666667,0.693147180559945,1,5,3,3,3
"TEA TIME TEAPOT IN GIFT BOX","37500",2011,10,48,297.72,6.14285714285714,14,"B",41,23,37.3333333333333,3.89182029811063,48,47,50,43,50
"TEA TIME TEAPOT IN GIFT BOX","37500",2011,11,72,389.8,6.43444444444444,9,"B",48,41,53.6666666666667,4.29045944114839,72,54,59,48,59
"TEA TIME TEAPOT IN GIFT BOX","37500",2011,12,8,46.28,5.785,4,"B",72,48,42.6666666666667,2.19722457733622,8,24,15,18,15
"TEATIME PEN CASE & PENS","16046",2011,10,3,2.55,0.85,1,"C",31,1,11.6666666666667,1.38629436111989,3,5,3,5,3
"TEATIME PEN CASE & PENS","16046",2011,11,1,0.85,0.85,1,"C",3,31,11.6666666666667,0.693147180559945,1,4,3,5,3
"TEATIME ROUND PENCIL SHARPENER","16048",2011,10,209,25.08,0.12,12,"C",144,192,181.666666666667,5.34710753071747,209,197,229,263,229
"TEATIME ROUND PENCIL SHARPENER","16048",2011,11,123,14.76,0.12,7,"C",209,144,158.666666666667,4.82028156560504,123,141,117,153,117
"THE KING GIFT BAG 25x24x12cm","16162M",2011,11,4,1.68,0.42,2,"C",12,10,8.66666666666667,1.6094379124341,4,5,4,8,4
"THREE CANVAS LUGGAGE TAGS","85095",2011,10,8,15.6,1.95,1,"C",8,16,10.6666666666667,2.19722457733622,8,7,7,5,7
"THREE CANVAS LUGGAGE TAGS","85095",2011,11,15,31.43,3.04,2,"C",8,8,10.3333333333333,2.77258872223978,15,13,15,10,15
"THREE CANVAS LUGGAGE TAGS","85095",2011,12,1,4.13,4.13,1,"C",15,8,8,0.693147180559945,1,2,2,2,2
"THREE MINI HANGING FRAMES","23454",2011,12,20,83,4.15,9,"C",77,32,43,3.04452243772342,20,32,28,30,28
"TOADSTOOL BEDSIDE LIGHT","23079",2011,10,24,214.8,8.95,11,"B",41,14,26.3333333333333,3.2188758248682,24,26,25,27,25
"TOADSTOOL BEDSIDE LIGHT","23079",2011,11,55,492.25,8.95,21,"B",24,41,40,4.02535169073515,55,57,56,59,56
"TOADSTOOL BEDSIDE LIGHT","23079",2011,12,6,53.7,8.95,5,"B",55,24,28.3333333333333,1.94591014905531,6,10,9,11,9
"TOADSTOOL MONEY BOX","21452",2011,10,50,147.5,2.95,10,"B",34,75,53,3.93182563272433,50,48,45,45,45
"TOADSTOOL MONEY BOX","21452",2011,11,63,185.85,2.95,21,"B",50,34,49,4.15888308335967,63,67,67,74,67
"TOADSTOOL MONEY BOX","21452",2011,12,22,64.9,2.95,5,"B",63,50,45,3.13549421592915,22,28,26,25,26
"TOAST ITS - BEST MUM","21354",2011,10,50,55.3,1.2,4,"B",33,12,31.6666666666667,3.93182563272433,50,47,43,50,43
"TOAST ITS - BEST MUM","21354",2011,11,95,106.75,1.22777777777778,9,"B",50,33,59.3333333333333,4.56434819146784,95,96,100,93,100
"TOAST ITS - BEST MUM","21354",2011,12,24,25.2,1.05,1,"B",95,50,56.3333333333333,3.2188758248682,24,14,15,14,15
"TOAST ITS - FAIRY FLOWER","21356",2011,10,25,27.84,1.13875,7,"C",52,18,31.6666666666667,3.25809653802148,25,33,28,34,28
"TOAST ITS - FAIRY FLOWER","21356",2011,11,35,33.67,1.082,10,"C",25,52,37.3333333333333,3.58351893845611,35,41,34,51,34
"TOAST ITS - FAIRY FLOWER","21356",2011,12,5,4.15,0.83,1,"C",35,25,21.6666666666667,1.79175946922805,5,7,6,7,6
"TOAST ITS - HAPPY BIRTHDAY","21358",2011,10,17,21.25,1.25,6,"C",17,42,25.3333333333333,2.89037175789616,17,23,18,25,18
"TOAST ITS - HAPPY BIRTHDAY","21358",2011,11,29,36.25,1.25,7,"C",17,17,21,3.40119738166216,29,29,25,32,25
"TOAST ITS - HAPPY BIRTHDAY","21358",2011,12,1,1.25,1.25,1,"C",29,17,15.6666666666667,0.693147180559945,1,4,2,5,2
"TOAST ITS - I LOVE YOU","21355",2011,10,7,8.75,1.25,3,"B",5,18,10,2.07944154167984,7,8,8,10,8
"TOAST ITS - I LOVE YOU","21355",2011,11,16,20,1.25,6,"B",7,5,9.33333333333333,2.83321334405622,16,15,15,22,15
"TOAST ITS - I LOVE YOU","21355",2011,12,3,3.75,1.25,3,"B",16,7,8.66666666666667,1.38629436111989,3,5,4,7,4
"TOILET METAL SIGN","82581",2011,10,172,96,0.583333333333333,21,"B",274,438,294.666666666667,5.15329159449778,172,220,195,269,195
"TOILET METAL SIGN","82581",2011,11,286,175.54,0.555,38,"B",172,274,244,5.65948221575962,286,289,275,301,275
"TOILET METAL SIGN","82581",2011,12,120,66,0.55,9,"B",286,172,192.666666666667,4.79579054559674,120,114,116,136,116
"TOILET SIGN OCCUPIED OR VACANT","23182",2011,10,194,164.28,0.993,19,"A",320,530,348,5.27299955856375,194,265,246,240,246
"TOILET SIGN OCCUPIED OR VACANT","23182",2011,11,268,233.85,1.01807692307692,26,"A",194,320,260.666666666667,5.59471137960184,268,260,265,301,265
"TOILET SIGN OCCUPIED OR VACANT","23182",2011,12,35,33.94,1.06285714285714,7,"A",268,194,165.666666666667,3.58351893845611,35,74,75,88,75
"TOMATO CHARLIE+LOLA COASTER SET","84519A",2011,10,4,9.54,2.385,4,"B",25,7,12,1.6094379124341,4,9,8,9,8
"TOMATO CHARLIE+LOLA COASTER SET","84519A",2011,11,103,128.75,1.25,22,"B",4,25,44,4.64439089914137,103,99,115,139,115
"TOMATO CHARLIE+LOLA COASTER SET","84519A",2011,12,12,15,1.25,7,"B",103,4,39.6666666666667,2.56494935746154,12,30,16,32,16
"TOOL BOX SOFT TOY","21055",2011,10,14,148.34,11.0445454545455,11,"B",1,7,7.33333333333333,2.70805020110221,14,14,13,18,13
"TOOL BOX SOFT TOY","21055",2011,11,41,397.67,9.54076923076923,26,"B",14,1,18.6666666666667,3.73766961828337,41,39,48,39,48
"TOOL BOX SOFT TOY","21055",2011,12,2,17.9,8.95,2,"B",41,14,19,1.09861228866811,2,5,3,6,3
"TOOTHPASTE TUBE PEN","22422",2011,10,72,59.4,0.95,10,"C",23,38,44.3333333333333,4.29045944114839,72,69,70,79,70
"TOOTHPASTE TUBE PEN","22422",2011,11,112,83,0.754347826086956,21,"C",72,23,69,4.72738781871234,112,120,113,117,113
"TOOTHPASTE TUBE PEN","22422",2011,12,504,72.7,0.230666666666667,14,"C",112,72,229.333333333333,6.22455842927536,504,472,540,518,540
"TOTE BAG I LOVE LONDON","22902",2011,10,85,178.5,2.1,10,"B",163,19,89,4.45434729625351,85,67,71,65,71
"TOTE BAG I LOVE LONDON","22902",2011,11,104,197.9,2.06272727272727,11,"B",85,163,117.333333333333,4.65396035015752,104,92,105,86,105
"TOTE BAG I LOVE LONDON","22902",2011,12,14,29.4,2.1,2,"B",104,85,67.6666666666667,2.70805020110221,14,11,8,12,8
"TOXIC AREA  DOOR HANGER","21162",2011,10,369,143.91,0.39,17,"C",162,305,278.666666666667,5.91350300563827,369,318,302,360,302
"TOXIC AREA  DOOR HANGER","21162",2011,11,199,77.61,0.39,40,"C",369,162,243.333333333333,5.29831736654804,199,261,223,272,223
"TOXIC AREA  DOOR HANGER","21162",2011,12,60,23.4,0.39,8,"C",199,369,209.333333333333,4.11087386417331,60,126,91,148,91
"TOY TIDY DOLLY GIRL DESIGN","22664",2011,10,33,73.36,2.6075,8,"B",34,28,31.6666666666667,3.52636052461616,33,33,35,36,35
"TOY TIDY DOLLY GIRL DESIGN","22664",2011,11,50,113.12,2.535,14,"B",33,34,39,3.93182563272433,50,53,56,58,56
"TOY TIDY DOLLY GIRL DESIGN","22664",2011,12,120,94.8,0.79,6,"B",50,33,67.6666666666667,4.79579054559674,120,99,117,109,117
"TOY TIDY PINK POLKADOT","22381",2011,10,670,1273.56,2.22275862068966,29,"A",235,190,365,6.50876913697168,670,574,644,512,644
"TOY TIDY PINK POLKADOT","22381",2011,11,147,300.26,2.2524,23,"A",670,235,350.666666666667,4.99721227376411,147,248,189,254,189
"TOY TIDY PINK POLKADOT","22381",2011,12,60,128.03,2.43833333333333,6,"A",147,670,292.333333333333,4.11087386417331,60,78,49,52,49
"TOY TIDY SPACEBOY","22380",2011,10,81,176.19,2.4045,20,"B",64,83,76,4.40671924726425,81,93,88,99,88
"TOY TIDY SPACEBOY","22380",2011,11,91,195.16,2.26916666666667,24,"B",81,64,78.6666666666667,4.52178857704904,91,100,87,117,87
"TOY TIDY SPACEBOY","22380",2011,12,109,101.37,1.37125,8,"B",91,81,93.6666666666667,4.70048036579242,109,83,79,84,79
"TOYBOX  WRAP","21503",2011,10,25,10.5,0.42,1,"C",50,25,33.3333333333333,3.25809653802148,25,16,21,13,21
"TOYBOX  WRAP","21503",2011,11,50,21,0.42,2,"C",25,50,41.6666666666667,3.93182563272433,50,44,46,34,46
"TRADITIONAL CHRISTMAS RIBBONS","85049A",2011,10,836,1038.21,1.312,73,"A",377,136,449.666666666667,6.72982407048948,836,700,740,804,740
"TRADITIONAL CHRISTMAS RIBBONS","85049A",2011,11,811,1034.79,1.31739130434783,67,"A",836,377,674.666666666667,6.69950034016168,811,747,784,785,784
"TRADITIONAL CHRISTMAS RIBBONS","85049A",2011,12,124,165.89,1.33642857142857,14,"A",811,836,590.333333333333,4.8283137373023,124,322,221,284,221
"TRADITIONAL KNITTING NANCY","22621",2011,10,741,1243.45,1.7452380952381,82,"A",509,529,593,6.60934924316738,741,765,792,795,792
"TRADITIONAL KNITTING NANCY","22621",2011,11,1335,2188.03,1.70142857142857,111,"A",741,509,861.666666666667,7.19743535409659,1335,1178,1294,1147,1294
"TRADITIONAL KNITTING NANCY","22621",2011,12,284,470.48,1.698,29,"A",1335,741,786.666666666667,5.65248918026865,284,617,467,601,467
"TRADITIONAL MODELLING CLAY","22560",2011,10,744,910.46,1.37208333333333,48,"A",863,587,731.333333333333,6.61338421837956,744,722,710,801,710
"TRADITIONAL MODELLING CLAY","22560",2011,11,1261,1482.2,1.32157894736842,57,"A",744,863,956,7.14045304310116,1261,1087,1113,1049,1113
"TRADITIONAL MODELLING CLAY","22560",2011,12,939,1035.06,1.352,10,"A",1261,744,981.333333333333,6.84587987526405,939,468,434,361,434
"TRADITIONAL NAUGHTS & CROSSES","23571",2011,12,210,346.5,1.65,27,"A",1446,362,672.666666666667,5.35185813347607,210,386,329,416,329
"TRADITIONAL PICK UP STICKS GAME","23570",2011,12,358,447.5,1.25,41,"B",1179,299,612,5.88332238848828,358,519,512,531,512
"TRADITIONAL WOODEN CATCH CUP GAME","21892",2011,10,390,510.49,1.371,47,"A",205,132,242.333333333333,5.96870755998537,390,352,377,373,377
"TRADITIONAL WOODEN CATCH CUP GAME","21892",2011,11,551,690.43,1.3275,57,"A",390,205,382,6.31354804627709,551,513,498,565,498
"TRADITIONAL WOODEN CATCH CUP GAME","21892",2011,12,184,239.68,1.371,10,"A",551,390,375,5.22035582507833,184,204,198,153,198
"TRADITIONAL WOODEN SKIPPING ROPE","21891",2011,10,811,1089.55,1.44574468085106,47,"A",727,554,697.333333333333,6.69950034016168,811,745,759,742,759
"TRADITIONAL WOODEN SKIPPING ROPE","21891",2011,11,1355,1791.95,1.4443661971831,68,"A",811,727,964.333333333333,7.21229446850034,1355,1131,1133,1116,1133
"TRADITIONAL WOODEN SKIPPING ROPE","21891",2011,12,555,747.15,1.44130434782609,22,"A",1355,811,907,6.32076829425058,555,655,601,589,601
"TRADTIONAL ALPHABET STAMP SET","23569",2011,12,255,1175.85,4.92714285714286,35,"A",534,137,308.666666666667,5.54517744447956,255,252,279,248,279
"TRANSPARENT ACRYLIC TAPE DISPENSER","16254",2011,10,14,12.68,1.11,3,"C",1,13,9.33333333333333,2.70805020110221,14,12,11,16,11
"TRANSPARENT ACRYLIC TAPE DISPENSER","16254",2011,11,3,2.55,0.85,3,"C",14,1,6,1.38629436111989,3,6,5,9,5
"TRAVEL CARD WALLET FLOWER MEADOW","23006",2011,10,167,70.14,0.42,13,"B",205,70,147.333333333333,5.12396397940326,167,164,172,181,172
"TRAVEL CARD WALLET FLOWER MEADOW","23006",2011,11,145,60.9,0.42,15,"B",167,205,172.333333333333,4.98360662170834,145,174,152,187,152
"TRAVEL CARD WALLET FLOWER MEADOW","23006",2011,12,2,0.84,0.42,2,"B",145,167,104.666666666667,1.09861228866811,2,25,31,26,31
"TRAVEL CARD WALLET I LOVE LONDON","23005",2011,10,602,252.84,0.42,26,"B",868,532,667.333333333333,6.40191719672719,602,637,633,589,633
"TRAVEL CARD WALLET I LOVE LONDON","23005",2011,11,966,376.92,0.418378378378378,35,"B",602,868,812,6.87419849545329,966,920,950,950,950
"TRAVEL CARD WALLET I LOVE LONDON","23005",2011,12,148,62.16,0.42,8,"B",966,602,572,5.00394630594546,148,229,144,212,144
"TRAVEL CARD WALLET KEEP CALM","22998",2011,10,1292,516.71,0.450384615384615,51,"A",1389,995,1225.33333333333,7.16472037877186,1292,1317,1441,1278,1441
"TRAVEL CARD WALLET KEEP CALM","22998",2011,11,1409,568.31,0.445483870967742,62,"A",1292,1389,1363.33333333333,7.25134498337221,1409,1333,1558,1345,1558
"TRAVEL CARD WALLET KEEP CALM","22998",2011,12,281,118.84,0.449285714285714,14,"A",1409,1292,994,5.64190707093811,281,609,677,627,677
"TRAVEL CARD WALLET PANTRY","23004",2011,10,234,98.28,0.42,12,"B",158,153,181.666666666667,5.45958551414416,234,208,227,207,227
"TRAVEL CARD WALLET PANTRY","23004",2011,11,237,99.95,0.444117647058824,17,"B",234,158,209.666666666667,5.47227067367148,237,218,226,231,226
"TRAVEL CARD WALLET PANTRY","23004",2011,12,99,42.4,0.502,5,"B",237,234,190,4.60517018598809,99,86,90,99,90
"TRAVEL CARD WALLET RETROSPOT","22994",2011,10,216,90.72,0.42,20,"B",274,113,201,5.37989735354046,216,217,195,210,195
"TRAVEL CARD WALLET RETROSPOT","22994",2011,11,268,112.56,0.42,23,"B",216,274,252.666666666667,5.59471137960184,268,257,250,277,250
"TRAVEL CARD WALLET RETROSPOT","22994",2011,12,111,46.62,0.42,6,"B",268,216,198.333333333333,4.71849887129509,111,117,90,116,90
"TRAVEL CARD WALLET SKULLS","23002",2011,10,213,89.46,0.42,15,"B",321,154,229.333333333333,5.36597601502185,213,208,211,238,211
"TRAVEL CARD WALLET SKULLS","23002",2011,11,305,128.1,0.42,20,"B",213,321,279.666666666667,5.72358510195238,305,298,280,335,280
"TRAVEL CARD WALLET SKULLS","23002",2011,12,75,31.5,0.42,9,"B",305,213,197.666666666667,4.33073334028633,75,119,95,125,95
"TRAVEL CARD WALLET SUKI","22995",2011,10,163,68.46,0.42,15,"B",242,172,192.333333333333,5.0998664278242,163,174,172,191,172
"TRAVEL CARD WALLET SUKI","22995",2011,11,152,63.84,0.42,27,"B",163,242,185.666666666667,5.03043792139244,152,194,173,215,173
"TRAVEL CARD WALLET SUKI","22995",2011,12,44,18.48,0.42,6,"B",152,163,119.666666666667,3.80666248977032,44,64,55,67,55
"TRAVEL CARD WALLET TRANSPORT","23000",2011,10,429,180.18,0.42,23,"B",339,237,335,6.06378520868761,429,404,431,405,431
"TRAVEL CARD WALLET TRANSPORT","23000",2011,11,311,130.62,0.42,25,"B",429,339,359.666666666667,5.74300318780948,311,357,298,357,298
"TRAVEL CARD WALLET TRANSPORT","23000",2011,12,83,34.86,0.42,5,"B",311,429,274.333333333333,4.43081679884331,83,103,82,105,82
"TRAVEL CARD WALLET UNION JACK","22997",2011,10,205,86.1,0.42,15,"B",318,199,240.666666666667,5.32787616878958,205,193,221,250,221
"TRAVEL CARD WALLET UNION JACK","22997",2011,11,361,151.62,0.42,30,"B",205,318,294.666666666667,5.89164421182577,361,349,356,372,356
"TRAVEL CARD WALLET UNION JACK","22997",2011,12,102,42.84,0.42,8,"B",361,205,222.666666666667,4.63472898822964,102,149,127,141,127
"TRAVEL CARD WALLET VINTAGE LEAF","22999",2011,10,268,112.56,0.42,21,"C",298,211,259,5.59471137960184,268,254,273,269,273
"TRAVEL CARD WALLET VINTAGE LEAF","22999",2011,11,229,96.18,0.42,20,"C",268,298,265,5.4380793089232,229,234,206,248,206
"TRAVEL CARD WALLET VINTAGE LEAF","22999",2011,12,88,36.96,0.42,5,"C",229,268,195,4.48863636973214,88,92,77,93,77
"TRAVEL CARD WALLET VINTAGE TICKET","22996",2011,10,502,210.84,0.42,30,"B",476,348,442,6.22059017009974,502,483,483,492,483
"TRAVEL CARD WALLET VINTAGE TICKET","22996",2011,11,533,223.86,0.42,42,"B",502,476,503.666666666667,6.2803958389602,533,550,548,601,548
"TRAVEL CARD WALLET VINTAGE TICKET","22996",2011,12,121,50.82,0.42,9,"B",533,502,385.333333333333,4.80402104473326,121,199,172,169,172
"TRAVEL SEWING KIT","22652",2011,10,795,1190.23,1.72243243243243,37,"A",412,300,502.333333333333,6.67959918584438,795,679,774,674,774
"TRAVEL SEWING KIT","22652",2011,11,39,64.35,1.65,11,"A",795,412,415.333333333333,3.68887945411394,39,180,122,158,122
"TREASURE ISLAND BOOK BOX","23177",2011,10,122,274.5,2.25,26,"A",233,273,209.333333333333,4.81218435537242,122,160,136,194,136
"TREASURE ISLAND BOOK BOX","23177",2011,11,581,1172.25,2.23378378378378,36,"A",122,233,312,6.36647044773144,581,562,578,540,578
"TREASURE ISLAND BOOK BOX","23177",2011,12,510,1000.5,2.20714285714286,7,"A",581,122,404.333333333333,6.2363695902037,510,317,316,162,316
"TREASURE TIN BUFFALO BILL","23242",2011,10,114,237.12,2.08,22,"A",370,186,223.333333333333,4.74493212836325,114,171,156,183,156
"TREASURE TIN BUFFALO BILL","23242",2011,11,126,262.08,2.08,31,"A",114,370,203.333333333333,4.84418708645859,126,160,147,192,147
"TREASURE TIN BUFFALO BILL","23242",2011,12,140,269.12,2.04714285714286,13,"A",126,114,126.666666666667,4.94875989037817,140,137,137,120,137
"TREASURE TIN GYMKHANA DESIGN","23241",2011,10,283,577.6,2.075,46,"A",482,253,339.333333333333,5.64897423816121,283,368,305,372,305
"TREASURE TIN GYMKHANA DESIGN","23241",2011,11,223,463.84,2.08,53,"A",283,482,329.333333333333,5.41164605185504,223,318,257,340,257
"TREASURE TIN GYMKHANA DESIGN","23241",2011,12,111,219.84,2.06722222222222,16,"A",223,283,205.666666666667,4.71849887129509,111,131,126,132,126
"TREE T-LIGHT HOLDER WILLIE WINKIE","23272",2011,10,86,159.94,1.79909090909091,11,"C",60,60,68.6666666666667,4.46590811865458,86,80,83,76,83
"TREE T-LIGHT HOLDER WILLIE WINKIE","23272",2011,11,46,79.18,1.92333333333333,6,"C",86,60,64,3.85014760171006,46,42,47,46,47
"TREE T-LIGHT HOLDER WILLIE WINKIE","23272",2011,12,76,46.02,0.75,7,"C",46,86,69.3333333333333,4.34380542185368,76,76,69,77,69
"TRELLIS COAT RACK","23411",2011,11,30,148.5,4.95,14,"B",63,118,70.3333333333333,3.43398720448515,30,51,39,52,39
"TRELLIS COAT RACK","23411",2011,12,6,29.7,4.95,1,"B",30,63,33,1.94591014905531,6,4,3,4,3
"TRIANGULAR POUFFE VINTAGE","21628",2011,10,19,246.65,13.85,4,"C",8,7,11.3333333333333,2.99573227355399,19,15,18,11,18
"TRIANGULAR POUFFE VINTAGE","21628",2011,11,1,14.95,14.95,1,"C",19,8,9.33333333333333,0.693147180559945,1,2,2,2,2
"TRIANGULAR POUFFE VINTAGE","21628",2011,12,1,14.95,14.95,1,"C",1,19,7,0.693147180559945,1,2,2,2,2
"TRIPLE HOOK ANTIQUE IVORY ROSE","23146",2011,10,69,227.01,3.29,22,"B",107,115,97,4.24849524204936,69,91,82,97,82
"TRIPLE HOOK ANTIQUE IVORY ROSE","23146",2011,11,93,296.37,3.27260869565217,23,"B",69,107,89.6666666666667,4.54329478227,93,100,97,106,97
"TRIPLE HOOK ANTIQUE IVORY ROSE","23146",2011,12,32,95.68,3.19,4,"B",93,69,64.6666666666667,3.49650756146648,32,30,27,24,27
"TRIPLE PHOTO FRAME CORNICE","22767",2011,10,34,332.5,9.84642857142857,14,"A",210,42,95.3333333333333,3.55534806148941,34,60,55,49,55
"TRIPLE PHOTO FRAME CORNICE","22767",2011,11,75,711.45,9.81190476190476,21,"A",34,210,106.333333333333,4.33073334028633,75,98,94,85,94
"TRIPLE PHOTO FRAME CORNICE","22767",2011,12,25,248.75,9.95,9,"A",75,34,44.6666666666667,3.25809653802148,25,28,26,27,26
"TRIPLE WIRE HOOK IVORY HEART","23140",2011,10,24,103.74,4.84,6,"C",1,16,13.6666666666667,3.2188758248682,24,21,23,18,23
"TRIPLE WIRE HOOK IVORY HEART","23140",2011,11,1,4.15,4.15,1,"C",24,1,8.66666666666667,0.693147180559945,1,2,2,3,2
"TRIPLE WIRE HOOK PINK HEART","23141",2011,10,3,12.45,4.15,1,"C",9,7,6.33333333333333,1.38629436111989,3,4,3,2,3
"TRIPLE WIRE HOOK PINK HEART","23141",2011,12,20,15.8,0.79,3,"C",3,9,10.6666666666667,3.04452243772342,20,17,17,20,17
"TROPICAL  HONEYCOMB PAPER GARLAND","21201",2011,10,154,327.9,2.46,5,"A",163,63,126.666666666667,5.04342511691925,154,89,100,71,100
"TROPICAL  HONEYCOMB PAPER GARLAND","21201",2011,11,290,631.5,2.4,6,"A",154,163,202.333333333333,5.67332326717149,290,143,170,101,170
"TROPICAL  HONEYCOMB PAPER GARLAND","21201",2011,12,12,30.6,2.55,1,"A",290,154,152,2.56494935746154,12,14,8,8,8
"TROPICAL LUGGAGE TAG","20657",2011,10,1,2.46,2.46,1,"C",4,7,4,0.693147180559945,1,2,2,2,2
"TROPICAL LUGGAGE TAG","20657",2011,11,6,7.5,1.25,2,"C",1,4,3.66666666666667,1.94591014905531,6,5,5,5,5
"TROPICAL PASSPORT COVER","20619",2011,10,3,12.39,4.13,2,"C",1,6,3.33333333333333,1.38629436111989,3,3,3,4,3
"TROPICAL PASSPORT COVER","20619",2011,11,5,12.53,2.6075,4,"C",3,1,3,1.79175946922805,5,6,5,7,5
"TUMBLER BAROQUE","79030D",2011,10,6,2.34,0.39,1,"C",12,12,10,1.94591014905531,6,6,5,6,5
"TUMBLER BAROQUE","79030D",2011,11,12,4.68,0.39,1,"C",6,12,10,2.56494935746154,12,9,11,9,11
"TURQ STONE/CRYSTAL EARRINGS","90130B",2011,11,1,2.95,2.95,1,"C",6,2,3,0.693147180559945,1,2,1,2,1
"TURQ+RED BOUDICCA LARGE BRACELET","90160C",2011,10,1,6.95,6.95,1,"C",6,3,3.33333333333333,0.693147180559945,1,2,2,2,2
"TURQ+RED BOUDICCA LARGE BRACELET","90160C",2011,11,11,76.45,6.95,2,"C",1,6,6,2.484906649788,11,8,11,8,11
"TURQUOISE CHRISTMAS TREE","35591T",2011,11,1,1.25,1.25,1,"C",1,3,1.66666666666667,0.693147180559945,1,1,1,2,1
"TURQUOISE CRYSTAL+GLASS BRACELET","90122C",2011,10,5,24.75,4.95,1,"C",1,4,3.33333333333333,1.79175946922805,5,4,4,3,4
"TURQUOISE GLASS TASSLE BAG CHARM","90129B",2011,10,6,17.7,2.95,1,"C",3,3,4,1.94591014905531,6,5,6,3,6
"TURQUOISE GLASS TASSLE BAG CHARM","90129B",2011,11,8,23.6,2.95,2,"C",6,3,5.66666666666667,2.19722457733622,8,7,7,7,7
"TURQUOISE GLASS TASSLE BAG CHARM","90129B",2011,12,1,2.95,2.95,1,"C",8,6,5,0.693147180559945,1,2,1,2,1
"TUSCAN VILLA DOVECOTE BIRD FEEDER","23466",2011,12,2,16.5,8.25,1,"C",25,10,12.3333333333333,1.09861228866811,2,3,2,3,2
"TV DINNER TRAY AIR HOSTESS","22471",2011,10,56,193.2,4.65,7,"B",4,6,22,4.04305126783455,56,46,54,50,54
"TV DINNER TRAY AIR HOSTESS","22471",2011,11,16,90.88,5.68,8,"B",56,4,25.3333333333333,2.83321334405622,16,24,18,20,18
"TV DINNER TRAY AIR HOSTESS","22471",2011,12,50,115.5,2.45,6,"B",16,56,40.6666666666667,3.93182563272433,50,42,42,43,42
"TV DINNER TRAY DOLLY GIRL","22472",2011,10,13,64.35,4.95,7,"B",1,5,6.33333333333333,2.63905732961526,13,13,12,16,12
"TV DINNER TRAY DOLLY GIRL","22472",2011,11,29,138.19,5.5925,8,"B",13,1,14.3333333333333,3.40119738166216,29,24,28,27,28
"TV DINNER TRAY DOLLY GIRL","22472",2011,12,68,153.44,2.93666666666667,12,"B",29,13,36.6666666666667,4.23410650459726,68,57,60,63,60
"TV DINNER TRAY VINTAGE PAISLEY","22473",2011,10,30,151.78,5.464,10,"B",4,1,11.6666666666667,3.43398720448515,30,25,32,36,32
"TV DINNER TRAY VINTAGE PAISLEY","22473",2011,11,35,182.37,6.24384615384615,13,"B",30,4,23,3.58351893845611,35,33,34,35,34
"TV DINNER TRAY VINTAGE PAISLEY","22473",2011,12,42,81.9,1.95,10,"B",35,30,35.6666666666667,3.76120011569356,42,41,45,50,45
"UNION JACK FLAG LUGGAGE TAG","21866",2011,10,42,53.71,1.36,10,"C",44,19,35,3.76120011569356,42,47,46,44,46
"UNION JACK FLAG LUGGAGE TAG","21866",2011,11,61,77.46,1.33066666666667,15,"C",42,44,49,4.12713438504509,61,61,59,77,59
"UNION JACK FLAG LUGGAGE TAG","21866",2011,12,18,23.71,1.492,5,"C",61,42,40.3333333333333,2.94443897916644,18,27,19,28,19
"UNION JACK FLAG PASSPORT COVER","21864",2011,10,79,165.9,2.1,5,"B",9,19,35.6666666666667,4.38202663467388,79,66,73,63,73
"UNION JACK FLAG PASSPORT COVER","21864",2011,11,14,29.4,2.1,9,"B",79,9,34,2.70805020110221,14,32,23,31,23
"UNION JACK FLAG PASSPORT COVER","21864",2011,12,51,87.42,1.96333333333333,3,"B",14,79,48,3.95124371858143,51,31,42,27,42
"UNION STRIPE CUSHION COVER","21925",2011,10,9,11.25,1.25,4,"C",28,37,24.6666666666667,2.30258509299405,9,16,12,18,12
"UNION STRIPE CUSHION COVER","21925",2011,11,1,1.25,1.25,1,"C",9,28,12.6666666666667,0.693147180559945,1,3,2,4,2
"UNION STRIPE CUSHION COVER","21925",2011,12,4,5,1.25,2,"C",1,9,4.66666666666667,1.6094379124341,4,4,4,5,4
"UNION STRIPE WITH FRINGE  HAMMOCK","21922",2011,10,15,127.93,9.686,5,"A",11,76,34,2.77258872223978,15,13,12,14,12
"UNION STRIPE WITH FRINGE  HAMMOCK","21922",2011,11,5,48.43,10.12,4,"A",15,11,10.3333333333333,1.79175946922805,5,8,6,6,6
"UNION STRIPE WITH FRINGE  HAMMOCK","21922",2011,12,6,56.38,10.12,4,"A",5,15,8.66666666666667,1.94591014905531,6,7,5,6,5
"URBAN BLACK RIBBONS","85049H",2011,10,64,72.81,1.194375,15,"C",32,30,42,4.17438726989564,64,68,68,75,68
"URBAN BLACK RIBBONS","85049H",2011,11,70,63.14,1.06333333333333,9,"C",64,32,55.3333333333333,4.26267987704132,70,65,63,72,63
"URBAN BLACK RIBBONS","85049H",2011,12,9,7.47,0.83,1,"C",70,64,47.6666666666667,2.30258509299405,9,14,12,9,12
"VANILLA INCENSE IN TIN","17091J",2011,10,207,78.66,0.38,9,"B",71,182,153.333333333333,5.33753807970132,207,191,198,217,198
"VANILLA INCENSE IN TIN","17091J",2011,11,177,67.26,0.38,13,"B",207,71,151.666666666667,5.18178355029209,177,182,191,202,191
"VANILLA INCENSE IN TIN","17091J",2011,12,216,82.08,0.38,8,"B",177,207,200,5.37989735354046,216,198,202,189,202
"VANILLA SCENT CANDLE JEWELLED BOX","72802C",2011,10,800,731.5,3.10416666666667,12,"A",31,37,289.333333333333,6.68586094706836,800,554,812,755,812
"VANILLA SCENT CANDLE JEWELLED BOX","72802C",2011,11,192,231,3.6,4,"A",800,31,341,5.26269018890489,192,74,26,75,26
"VEGETABLE GARDEN CHOPPING BOARD","23116",2011,11,17,84.15,4.95,9,"C",51,1,23,2.89037175789616,17,25,19,21,19
"VEGETABLE GARDEN CHOPPING BOARD","23116",2011,12,1,4.95,4.95,1,"C",17,51,23,0.693147180559945,1,4,3,4,3
"VICTORIAN  METAL POSTCARD SPRING","21135",2011,10,123,207.87,1.69,13,"A",80,204,135.666666666667,4.82028156560504,123,105,105,108,105
"VICTORIAN  METAL POSTCARD SPRING","21135",2011,11,1314,619.38,1.52041666666667,23,"A",123,80,505.666666666667,7.18159194461187,1314,1027,1326,1241,1326
"VICTORIAN  METAL POSTCARD SPRING","21135",2011,12,42,70.98,1.69,6,"A",1314,123,493,3.76120011569356,42,139,98,95,98
"VICTORIAN GLASS HANGING T-LIGHT","22178",2011,10,3293,4237.68,1.92071428571429,70,"A",1170,1918,2127,8.09985791073758,3293,2192,2237,2304,2237
"VICTORIAN GLASS HANGING T-LIGHT","22178",2011,11,1691,2979.15,1.93961538461538,77,"A",3293,1170,2051.33333333333,7.43366654016617,1691,2073,1679,2360,1679
"VICTORIAN GLASS HANGING T-LIGHT","22178",2011,12,939,1759.2,1.93741935483871,31,"A",1691,3293,1974.33333333333,6.84587987526405,939,1628,1176,1546,1176
"VICTORIAN SEWING BOX LARGE","21258",2011,10,49,639,14.952,15,"A",22,4,25,3.91202300542815,49,42,47,42,47
"VICTORIAN SEWING BOX LARGE","21258",2011,11,79,926.25,12.4369565217391,23,"A",49,22,50,4.38202663467388,79,77,85,74,85
"VICTORIAN SEWING BOX LARGE","21258",2011,12,33,401.97,13.5066666666667,9,"A",79,49,53.6666666666667,3.52636052461616,33,33,31,34,31
"VICTORIAN SEWING BOX MEDIUM","21257",2011,10,38,302.1,7.95,16,"A",36,12,28.6666666666667,3.66356164612965,38,37,40,36,40
"VICTORIAN SEWING BOX MEDIUM","21257",2011,11,74,596.14,8.22034482758621,29,"A",38,36,49.3333333333333,4.31748811353631,74,71,72,81,72
"VICTORIAN SEWING BOX MEDIUM","21257",2011,12,16,127.2,7.95,7,"A",74,38,42.6666666666667,2.83321334405622,16,24,20,20,20
"VICTORIAN SEWING BOX SMALL","21259",2011,10,76,444.71,6.1895652173913,23,"A",97,30,67.6666666666667,4.34380542185368,76,73,80,85,80
"VICTORIAN SEWING BOX SMALL","21259",2011,11,102,586.9,5.91875,32,"A",76,97,91.6666666666667,4.63472898822964,102,106,101,123,101
"VICTORIAN SEWING BOX SMALL","21259",2011,12,41,243.95,5.95,8,"A",102,76,73,3.73766961828337,41,42,34,35,34
"VICTORIAN SEWING KIT","85178",2011,10,264,273.61,1.32363636363636,11,"A",195,76,178.333333333333,5.57972982598622,264,205,213,164,213
"VICTORIAN SEWING KIT","85178",2011,11,382,363.51,1.300625,16,"A",264,195,280.333333333333,5.94803498918065,382,335,344,275,344
"VICTORIAN SEWING KIT","85178",2011,12,31,41.17,1.492,5,"A",382,264,225.666666666667,3.46573590279973,31,97,74,66,74
"VINTAGE  2 METER FOLDING RULER","23188",2011,10,336,527.24,1.72578947368421,19,"A",596,313,415,5.82008293035236,336,322,262,302,262
"VINTAGE  2 METER FOLDING RULER","23188",2011,11,36,59.4,1.65,1,"A",336,596,322.666666666667,3.61091791264422,36,16,15,8,15
"VINTAGE  2 METRE FOLDING RULER","23188",2011,12,248,414.12,1.72809523809524,20,"B",733,340,440.333333333333,5.51745289646471,248,264,220,303,220
"VINTAGE BEAD COSMETIC BAG","35649",2011,10,2,5.81,2.905,2,"C",3,4,3,1.09861228866811,2,4,3,4,3
"VINTAGE BEAD COSMETIC BAG","35649",2011,11,1,2.46,2.46,1,"C",2,3,2,0.693147180559945,1,1,1,2,1
"VINTAGE BEAD PINK EVENING BAG","35646",2011,10,31,38.75,1.25,6,"C",83,72,62,3.46573590279973,31,38,37,39,37
"VINTAGE BEAD PINK EVENING BAG","35646",2011,11,108,138.63,1.42285714285714,14,"C",31,83,74,4.69134788222914,108,95,101,87,101
"VINTAGE BEAD PINK PURSE","35648",2011,10,106,87.98,0.83,11,"B",81,148,111.666666666667,4.67282883446191,106,106,109,123,109
"VINTAGE BEAD PINK PURSE","35648",2011,11,129,111.07,1.01461538461538,13,"B",106,81,105.333333333333,4.86753445045558,129,126,126,130,126
"VINTAGE BEAD PINK PURSE","35648",2011,12,3,2.49,0.83,2,"B",129,106,79.3333333333333,1.38629436111989,3,25,17,24,17
"VINTAGE BEAD PINK SCARF","35651",2011,10,12,19.8,1.65,3,"C",91,12,38.3333333333333,2.56494935746154,12,18,13,20,13
"VINTAGE BEAD PINK SCARF","35651",2011,11,33,54.45,1.65,4,"C",12,91,45.3333333333333,3.52636052461616,33,28,28,28,28
"VINTAGE BELLS GARLAND","23489",2011,12,150,414.3,2.86647058823529,17,"B",459,175,261.333333333333,5.01727983681492,150,183,204,182,204
"VINTAGE BILLBOARD DRINK ME MUG","21071",2011,10,91,114.96,1.34307692307692,12,"B",108,29,76,4.52178857704904,91,86,89,84,89
"VINTAGE BILLBOARD LOVE/HATE MUG","21068",2011,10,58,65.66,1.22888888888889,9,"B",69,22,49.6666666666667,4.07753744390572,58,57,55,62,55
"VINTAGE BILLBOARD LOVE/HATE MUG","21068",2011,11,641,586.33,1.21047619047619,21,"B",58,69,256,6.46458830368996,641,560,718,712,718
"VINTAGE BILLBOARD LOVE/HATE MUG","21068",2011,12,8,10,1.25,3,"B",641,58,235.666666666667,2.19722457733622,8,22,13,25,13
"VINTAGE BILLBOARD MUG","21070",2011,10,228,259.99,1.30533333333333,14,"B",23,15,88.6666666666667,5.43372200355424,228,201,233,219,233
"VINTAGE BILLBOARD MUG","21070",2011,11,549,488.64,1.3995,20,"B",228,23,266.666666666667,6.30991827822652,549,447,573,386,573
"VINTAGE BILLBOARD MUG","21070",2011,12,3,7.38,2.46,1,"B",549,228,260,1.38629436111989,3,9,3,9,3
"VINTAGE BLUE KITCHEN CABINET","22656",2011,10,1,50,50,1,"A",4,1,2,0.693147180559945,1,1,1,1,1
"VINTAGE CARAVAN GREETING CARD","22035",2011,10,1,0.83,0.83,1,"C",85,108,64.6666666666667,0.693147180559945,1,8,5,10,5
"VINTAGE CHRISTMAS BUNTING","23313",2011,10,536,2571.04,4.99818181818182,86,"A",484,308,442.666666666667,6.28599809450886,536,543,521,498,521
"VINTAGE CHRISTMAS BUNTING","23313",2011,11,1066,5012.38,4.95748201438849,136,"A",536,484,695.333333333333,6.97260625130175,1066,914,1077,735,1077
"VINTAGE CHRISTMAS BUNTING","23313",2011,12,294,1375.3,4.90555555555556,36,"A",1066,536,632,5.68697535633982,294,486,372,382,372
"VINTAGE CHRISTMAS CAKE FRILL","23340",2011,10,794,1286.1,1.645,39,"A",1097,323,738,6.67834211465433,794,733,652,744,652
"VINTAGE CHRISTMAS CAKE FRILL","23340",2011,11,182,300.3,1.65,25,"A",794,1097,691,5.20948615284142,182,460,329,476,329
"VINTAGE CHRISTMAS CAKE FRILL","23340",2011,12,51,84.15,1.65,6,"A",182,794,342.333333333333,3.95124371858143,51,82,53,66,53
"VINTAGE CHRISTMAS GIFT BAG LARGE","23436",2011,10,898,1013.3,1.23764705882353,34,"B",403,156,485.666666666667,6.80128303447162,898,723,869,747,869
"VINTAGE CHRISTMAS GIFT BAG LARGE","23436",2011,11,284,355,1.25,21,"B",898,403,528.333333333333,5.65248918026865,284,367,274,357,274
"VINTAGE CHRISTMAS GIFT BAG LARGE","23436",2011,12,40,50,1.25,4,"B",284,898,407.333333333333,3.71357206670431,40,54,26,39,26
"VINTAGE CHRISTMAS GIFT SACK","23312",2011,10,349,1408.35,4.14310344827586,58,"A",272,202,274.333333333333,5.85793315448346,349,329,320,328,320
"VINTAGE CHRISTMAS GIFT SACK","23312",2011,11,402,1610.7,4.13125,61,"A",349,272,341,5.99893656194668,402,406,397,412,397
"VINTAGE CHRISTMAS GIFT SACK","23312",2011,12,91,377.65,4.15,14,"A",402,349,280.666666666667,4.52178857704904,91,145,125,136,125
"VINTAGE CHRISTMAS PAPER GIFT BAG","23373",2011,10,639,503.98,0.816969696969697,33,"B",535,69,414.333333333333,6.46146817635372,639,536,606,575,606
"VINTAGE CHRISTMAS PAPER GIFT BAG","23373",2011,11,286,234.52,0.82,21,"B",639,535,486.666666666667,5.65948221575962,286,365,344,409,344
"VINTAGE CHRISTMAS PAPER GIFT BAG","23373",2011,12,34,27.88,0.82,4,"B",286,639,319.666666666667,3.55534806148941,34,78,41,58,41
"VINTAGE CHRISTMAS STOCKING","23311",2011,10,715,1807.05,2.5455,98,"A",356,120,397,6.57368016696065,715,668,779,623,779
"VINTAGE CHRISTMAS STOCKING","23311",2011,11,781,1964.55,2.54117647058824,102,"A",715,356,617.333333333333,6.66185474054531,781,778,798,706,798
"VINTAGE CHRISTMAS STOCKING","23311",2011,12,166,423.3,2.55,21,"A",781,715,554,5.11799381241676,166,300,239,342,239
"VINTAGE CHRISTMAS TABLECLOTH","23314",2011,10,87,1087.5,12.5,35,"A",81,124,97.3333333333333,4.47733681447821,87,100,92,101,92
"VINTAGE CHRISTMAS TABLECLOTH","23314",2011,11,75,899.52,12.3721212121212,33,"A",87,81,81,4.33073334028633,75,87,84,94,84
"VINTAGE CHRISTMAS TABLECLOTH","23314",2011,12,19,237.5,12.5,8,"A",75,87,60.3333333333333,2.99573227355399,19,27,24,28,24
"VINTAGE CREAM 3 BASKET CAKE STAND","72760B",2011,10,32,318.4,9.95,19,"A",15,30,25.6666666666667,3.49650756146648,32,36,37,38,37
"VINTAGE CREAM 3 BASKET CAKE STAND","72760B",2011,11,28,278.6,9.95,13,"A",32,15,25,3.36729582998647,28,27,24,25,24
"VINTAGE CREAM 3 BASKET CAKE STAND","72760B",2011,12,13,129.35,9.95,6,"A",28,32,24.3333333333333,2.63905732961526,13,14,13,15,13
"VINTAGE CREAM CAT FOOD CONTAINER","22845",2011,10,60,367.91,6.6155,20,"A",23,61,48,4.11087386417331,60,62,62,69,62
"VINTAGE CREAM CAT FOOD CONTAINER","22845",2011,11,50,314.01,6.60285714285714,21,"A",60,23,44.3333333333333,3.93182563272433,50,55,50,55,50
"VINTAGE CREAM CAT FOOD CONTAINER","22845",2011,12,22,130.1,6.23571428571429,7,"A",50,60,44,3.13549421592915,22,27,25,28,25
"VINTAGE CREAM DOG FOOD CONTAINER","22844",2011,10,40,348.13,8.86954545454545,22,"A",39,89,56,3.71357206670431,40,49,46,51,46
"VINTAGE CREAM DOG FOOD CONTAINER","22844",2011,11,72,589.53,8.70666666666667,26,"A",40,39,50.3333333333333,4.29045944114839,72,69,74,78,74
"VINTAGE CREAM DOG FOOD CONTAINER","22844",2011,12,19,161.5,8.5,11,"A",72,40,43.6666666666667,2.99573227355399,19,29,23,27,23
"VINTAGE DOILY DELUXE SEWING KIT","23494",2011,11,320,1843,5.92701149425287,86,"A",245,22,195.666666666667,5.77144112313002,320,265,283,278,283
"VINTAGE DOILY DELUXE SEWING KIT","23494",2011,12,135,803.25,5.95,26,"A",320,245,233.333333333333,4.91265488573605,135,189,172,192,172
"VINTAGE DOILY JUMBO BAG RED","23582",2011,12,2086,3812.88,2.04571428571429,35,"A",1755,593,1478,7.6434829070772,2086,1046,1181,1199,1181
"VINTAGE DOILY TRAVEL SEWING KIT","23493",2011,11,1649,3155.55,1.94818181818182,162,"A",1221,257,1042.33333333333,7.40853056689463,1649,1284,1347,1387,1347
"VINTAGE DOILY TRAVEL SEWING KIT","23493",2011,12,389,758.55,1.95,45,"A",1649,1221,1086.33333333333,5.96614673912369,389,718,693,955,693
"VINTAGE DONKEY TAIL GAME","23229",2011,10,248,924.46,3.94081081081081,37,"A",284,102,211.333333333333,5.51745289646471,248,235,214,222,214
"VINTAGE DONKEY TAIL GAME","23229",2011,11,436,1587.81,3.85931034482759,58,"A",248,284,322.666666666667,6.07993319509559,436,409,416,375,416
"VINTAGE DONKEY TAIL GAME","23229",2011,12,148,513.96,3.66,12,"A",436,248,277.333333333333,5.00394630594546,148,148,139,138,139
"VINTAGE EMBOSSED HEART","23061",2011,10,40,50,1.25,6,"B",156,111,102.333333333333,3.71357206670431,40,51,41,52,41
"VINTAGE EMBOSSED HEART","23061",2011,11,82,102.5,1.25,11,"B",40,156,92.6666666666667,4.4188406077966,82,80,79,86,79
"VINTAGE EMBOSSED HEART","23061",2011,12,24,30,1.25,3,"B",82,40,48.6666666666667,3.2188758248682,24,24,20,25,20
"VINTAGE ENAMEL & CRYSTAL EARRINGS","90073",2011,12,2,9.9,4.95,1,"C",9,2,4.33333333333333,1.09861228866811,2,2,2,2,2
"VINTAGE GLASS T-LIGHT HOLDER","23090",2011,10,303,253.09,0.85962962962963,26,"B",280,192,258.333333333333,5.71702770140622,303,276,294,288,294
"VINTAGE GLASS T-LIGHT HOLDER","23090",2011,11,512,429.76,0.887142857142857,40,"B",303,280,365,6.24027584517077,512,482,489,484,489
"VINTAGE GLASS T-LIGHT HOLDER","23090",2011,12,379,299.53,0.870588235294118,17,"B",512,303,398,5.94017125272043,379,342,366,360,366
"VINTAGE HEADS AND TAILS CARD GAME","21791",2011,10,665,834.51,1.33157894736842,57,"A",689,1085,813,6.50128967054039,665,746,619,974,619
"VINTAGE HEADS AND TAILS CARD GAME","21791",2011,11,964,1204.26,1.29018018018018,107,"A",665,689,772.666666666667,6.87212810133899,964,966,982,1004,982
"VINTAGE HEADS AND TAILS CARD GAME","21791",2011,12,367,446.28,1.281875,32,"A",964,665,665.333333333333,5.90808293816893,367,511,392,502,392
"VINTAGE JINGLE BELLS HEART","23491",2011,12,29,239.25,8.25,9,"B",130,67,75.3333333333333,3.40119738166216,29,47,31,32,31
"VINTAGE JINGLE BELLS WREATH","23492",2011,12,6,49.5,8.25,2,"C",50,18,24.6666666666667,1.94591014905531,6,6,4,6,4
"VINTAGE KEEPSAKE BOX TRAVELOGUE","20903",2011,10,2,12.7,6.35,2,"C",4,2,2.66666666666667,1.09861228866811,2,3,3,3,3
"VINTAGE KID DOLLY CARD","21508",2011,10,180,75.6,0.42,13,"B",108,276,188,5.19849703126583,180,166,166,171,166
"VINTAGE KID DOLLY CARD","21508",2011,11,197,80.47,0.541538461538462,13,"B",180,108,161.666666666667,5.28826703069454,197,183,201,178,201
"VINTAGE KID DOLLY CARD","21508",2011,12,60,25.2,0.42,5,"B",197,180,145.666666666667,4.11087386417331,60,63,61,69,61
"VINTAGE KITCHEN PRINT FRUITS","21279",2011,12,1,2.55,2.55,1,"C",12,12,8.33333333333333,0.693147180559945,1,2,2,3,2
"VINTAGE KITCHEN PRINT SEAFOOD","21281",2011,11,3,7.65,2.55,1,"C",4,6,4.33333333333333,1.38629436111989,3,3,3,3,3
"VINTAGE KITCHEN PRINT VEGETABLES","21280",2011,11,6,15.3,2.55,1,"C",18,6,10,1.94591014905531,6,4,5,4,5
"VINTAGE LEAF CHOPPING BOARD","23114",2011,11,45,222.75,4.95,15,"C",86,2,44.3333333333333,3.8286413964891,45,44,40,47,40
"VINTAGE LEAF CHOPPING BOARD","23114",2011,12,11,54.45,4.95,2,"C",45,86,47.3333333333333,2.484906649788,11,7,5,9,5
"VINTAGE LEAF MAGNETIC NOTEPAD","23196",2011,10,439,626.95,1.44649122807018,55,"B",245,287,323.666666666667,6.08677472691231,439,437,429,440,429
"VINTAGE LEAF MAGNETIC NOTEPAD","23196",2011,11,308,427.4,1.44285714285714,54,"B",439,245,330.666666666667,5.73334127689775,308,369,329,361,329
"VINTAGE LEAF MAGNETIC NOTEPAD","23196",2011,12,40,58,1.45,8,"B",308,439,262.333333333333,3.71357206670431,40,106,70,102,70
"VINTAGE NOTEBOOK TRAVELOGUE","20898",2011,10,5,14.75,2.95,1,"C",1,6,4,1.79175946922805,5,4,4,3,4
"VINTAGE PAISLEY STATIONERY SET","21992",2011,10,215,317.15,1.37604166666667,46,"B",299,114,209.333333333333,5.37527840768417,215,247,199,276,199
"VINTAGE PAISLEY STATIONERY SET","21992",2011,11,141,193.19,1.32333333333333,31,"B",215,299,218.333333333333,4.95582705760126,141,209,164,247,164
"VINTAGE RED ENAMEL TRIM JUG","23252",2011,10,58,217.5,3.75,20,"B",107,69,78,4.07753744390572,58,79,62,74,62
"VINTAGE RED ENAMEL TRIM JUG","23252",2011,11,71,266.25,3.75,21,"B",58,107,78.6666666666667,4.27666611901606,71,82,70,81,70
"VINTAGE RED ENAMEL TRIM JUG","23252",2011,12,6,22.5,3.75,3,"B",71,58,45,1.94591014905531,6,15,9,13,9
"VINTAGE RED ENAMEL TRIM MUG","23251",2011,10,260,304.84,1.23090909090909,11,"B",213,144,205.666666666667,5.56452040732269,260,237,237,183,237
"VINTAGE RED ENAMEL TRIM MUG","23251",2011,11,232,290,1.25,18,"B",260,213,235,5.4510384535657,232,225,229,206,229
"VINTAGE RED ENAMEL TRIM MUG","23251",2011,12,100,104.84,1.1975,4,"B",232,260,197.333333333333,4.61512051684126,100,83,88,71,88
"VINTAGE RED ENAMEL TRIM PLATE","23249",2011,10,145,224.85,1.62777777777778,9,"B",97,69,103.666666666667,4.98360662170834,145,113,116,99,116
"VINTAGE RED ENAMEL TRIM PLATE","23249",2011,11,68,112.2,1.65,8,"B",145,97,103.333333333333,4.23410650459726,68,66,65,73,65
"VINTAGE RED ENAMEL TRIM PLATE","23249",2011,12,11,18.15,1.65,4,"B",68,145,74.6666666666667,2.484906649788,11,26,20,25,20
"VINTAGE RED KITCHEN CABINET","22655",2011,10,3,150,50,2,"A",3,2,2.66666666666667,1.38629436111989,3,3,3,3,3
"VINTAGE RED KITCHEN CABINET","22655",2011,11,1,125,125,1,"A",3,3,2.33333333333333,0.693147180559945,1,1,1,1,1
"VINTAGE RED MUG","21066",2011,10,33,41.25,1.25,4,"C",24,16,24.3333333333333,3.52636052461616,33,29,31,29,31
"VINTAGE RED MUG","21066",2011,11,484,402.62,1.15857142857143,7,"C",33,24,180.333333333333,6.18414889093748,484,379,572,532,572
"VINTAGE RED MUG","21066",2011,12,1,1.25,1.25,1,"C",484,33,172.666666666667,0.693147180559945,1,11,4,6,4
"VINTAGE RED TEATIME MUG","21067",2011,10,1,1.25,1.25,1,"C",6,37,14.6666666666667,0.693147180559945,1,4,2,4,2
"VINTAGE RED TRIM ENAMEL BOWL","23250",2011,10,228,264.84,1.23384615384615,13,"B",142,72,147.333333333333,5.43372200355424,228,210,245,208,245
"VINTAGE RED TRIM ENAMEL BOWL","23250",2011,11,223,278.75,1.25,20,"B",228,142,197.666666666667,5.41164605185504,223,188,204,191,204
"VINTAGE RED TRIM ENAMEL BOWL","23250",2011,12,83,103.75,1.25,6,"B",223,228,178,4.43081679884331,83,67,63,70,63
"VINTAGE ROSE BEAD BRACELET BLACK","90198B",2011,11,10,42.5,4.25,1,"C",2,1,4.33333333333333,2.39789527279837,10,7,12,4,12
"VINTAGE ROSE BEAD BRACELET BLACK","90198B",2011,12,2,8.5,4.25,1,"C",10,2,4.66666666666667,1.09861228866811,2,2,2,2,2
"VINTAGE ROSE BEAD BRACELET RASPBERR","90198A",2011,10,5,21.25,4.25,1,"C",2,4,3.66666666666667,1.79175946922805,5,4,4,2,4
"VINTAGE ROSE BEAD BRACELET RASPBERR","90198A",2011,11,10,42.5,4.25,1,"C",5,2,5.66666666666667,2.39789527279837,10,8,7,4,7
"VINTAGE SEASIDE JIGSAW PUZZLES","21913",2011,10,46,172.5,3.75,10,"B",17,12,25,3.85014760171006,46,42,50,47,50
"VINTAGE SEASIDE JIGSAW PUZZLES","21913",2011,11,20,78.71,4.08727272727273,11,"B",46,17,27.6666666666667,3.04452243772342,20,28,23,25,23
"VINTAGE SEASIDE JIGSAW PUZZLES","21913",2011,12,5,18.75,3.75,2,"B",20,46,23.6666666666667,1.79175946922805,5,7,4,8,4
"VINTAGE SHELLS PRINT","21758",2011,10,2,12.9,6.45,2,"C",2,3,2.33333333333333,1.09861228866811,2,3,2,3,2
"VINTAGE SHELLS PRINT","21758",2011,11,11,66.95,6.28333333333333,3,"C",2,2,5,2.484906649788,11,10,11,9,11
"VINTAGE SNAKES & LADDERS","21912",2011,10,125,483.59,4.05916666666667,36,"A",98,115,112.666666666667,4.83628190695148,125,129,118,131,118
"VINTAGE SNAKES & LADDERS","21912",2011,11,136,528.55,4.015,42,"A",125,98,119.666666666667,4.91998092582813,136,140,138,158,138
"VINTAGE SNAKES & LADDERS","21912",2011,12,280,990.79,3.92533333333333,15,"A",136,125,180.333333333333,5.63835466933375,280,240,226,192,226
"VINTAGE SNAP CARDS","21790",2011,10,1547,1263.47,0.8747,99,"A",2380,754,1560.33333333333,7.34471905414967,1547,1396,1714,1111,1714
"VINTAGE SNAP CARDS","21790",2011,11,2093,1701.29,0.866408450704225,139,"A",1547,2380,2006.66666666667,7.64683139143048,2093,2171,2019,2546,2019
"VINTAGE SNAP CARDS","21790",2011,12,611,497.51,0.864444444444444,43,"A",2093,1547,1417,6.41673228251233,611,997,1144,1129,1144
"VINTAGE UNION JACK APRON","21625",2011,10,32,216.4,6.83888888888889,9,"B",13,15,20,3.49650756146648,32,25,26,30,26
"VINTAGE UNION JACK APRON","21625",2011,11,39,262.05,6.87857142857143,14,"B",32,13,28,3.68887945411394,39,34,36,36,36
"VINTAGE UNION JACK APRON","21625",2011,12,7,70.19,9.34333333333333,3,"B",39,32,26,2.07944154167984,7,10,9,11,9
"VINTAGE UNION JACK BUNTING","21621",2011,10,100,850,8.5,36,"A",143,223,155.333333333333,4.61512051684126,100,128,120,151,120
"VINTAGE UNION JACK BUNTING","21621",2011,11,116,986,8.5,42,"A",100,143,119.666666666667,4.76217393479776,116,130,123,130,123
"VINTAGE UNION JACK BUNTING","21621",2011,12,32,280.13,9.1775,12,"A",116,100,82.6666666666667,3.49650756146648,32,48,35,47,35
"VINTAGE UNION JACK CUSHION COVER","21622",2011,10,12,59.4,4.95,6,"B",12,8,10.6666666666667,2.56494935746154,12,12,13,13,13
"VINTAGE UNION JACK CUSHION COVER","21622",2011,11,3,14.85,4.95,2,"B",12,12,9,1.38629436111989,3,5,4,5,4
"VINTAGE UNION JACK CUSHION COVER","21622",2011,12,4,19.8,4.95,2,"B",3,12,6.33333333333333,1.6094379124341,4,4,4,5,4
"VINTAGE UNION JACK DOORSTOP","21624",2011,10,20,119,5.95,9,"B",10,11,13.6666666666667,3.04452243772342,20,19,21,25,21
"VINTAGE UNION JACK DOORSTOP","21624",2011,11,27,157.65,5.87857142857143,14,"B",20,10,19,3.3322045101752,27,29,27,34,27
"VINTAGE UNION JACK DOORSTOP","21624",2011,12,8,47.6,5.95,2,"B",27,20,18.3333333333333,2.19722457733622,8,8,5,7,5
"VINTAGE UNION JACK MEMOBOARD","21623",2011,10,18,179.1,9.95,13,"A",70,11,33,2.94443897916644,18,30,21,22,21
"VINTAGE UNION JACK MEMOBOARD","21623",2011,11,172,1520,9.834,25,"A",18,70,86.6666666666667,5.15329159449778,172,148,188,147,188
"VINTAGE UNION JACK MEMOBOARD","21623",2011,12,68,598.3,9.805,10,"A",172,18,86,4.23410650459726,68,58,53,45,53
"VINTAGE UNION JACK PENNANT","21626",2011,10,17,33.15,1.95,3,"B",24,3,14.6666666666667,2.89037175789616,17,15,16,16,16
"VINTAGE UNION JACK PENNANT","21626",2011,11,12,23.4,1.95,1,"B",17,24,17.6666666666667,2.56494935746154,12,8,7,6,7
"VINTAGE UNION JACK SHOPPING BAG","22611",2011,10,53,228.75,4.775,4,"B",4,30,29,3.98898404656427,53,32,40,29,40
"VINTAGE UNION JACK SHOPPING BAG","22611",2011,11,5,24.75,4.95,2,"B",53,4,20.6666666666667,1.79175946922805,5,7,4,6,4
"VINTAGE ZINC PLANTER","23467",2011,12,6,19.74,3.29,1,"C",5,12,7.66666666666667,1.94591014905531,6,5,5,4,5
"VINTAGE ZINC WATERING CAN","23463",2011,12,3,29.85,9.95,2,"C",8,1,4,1.38629436111989,3,4,3,3,3
"VINTAGE ZINC WATERING CAN SMALL","23464",2011,12,4,19.8,4.95,1,"C",11,1,5.33333333333333,1.6094379124341,4,3,3,3,3
"VINYL RECORD FRAME SILVER","82001S",2011,10,113,405.25,4.26538461538462,13,"A",67,108,96,4.7361984483945,113,98,98,85,98
"VINYL RECORD FRAME SILVER","82001S",2011,11,4,15,3.75,1,"A",113,67,61.3333333333333,1.6094379124341,4,5,2,4,2
"VIP HOLIDAY PURSE","20670",2011,10,1,5.79,5.79,1,"C",1,2,1.33333333333333,0.693147180559945,1,1,1,1,1
"VIP HOLIDAY PURSE","20670",2011,11,2,5.9,2.95,1,"C",1,1,1.33333333333333,1.09861228866811,2,2,2,1,2
"VIP PASSPORT COVER","20622",2011,10,1,2.1,2.1,1,"C",2,10,4.33333333333333,0.693147180559945,1,2,2,2,2
"VIP PASSPORT COVER","20622",2011,11,17,35.7,2.1,5,"C",1,2,6.66666666666667,2.89037175789616,17,16,19,21,19
"WAKE UP COCKEREL CALENDAR SIGN","84924A",2011,10,2,7.5,3.75,1,"C",3,10,5,1.09861228866811,2,2,2,3,2
"WAKE UP COCKEREL CALENDAR SIGN","84924A",2011,11,15,56.25,3.75,3,"C",2,3,6.66666666666667,2.77258872223978,15,13,15,12,15
"WAKE UP COCKEREL CALENDAR SIGN","84924A",2011,12,1,3.75,3.75,1,"C",15,2,6,0.693147180559945,1,3,2,3,2
"WAKE UP COCKEREL TILE COASTER","84926A",2011,10,4,1.16,0.29,1,"C",124,192,106.666666666667,1.6094379124341,4,19,20,18,20
"WAKE UP COCKEREL TILE COASTER","84926A",2011,11,96,27.84,0.29,4,"C",4,124,74.6666666666667,4.57471097850338,96,74,72,76,72
"WAKE UP COCKEREL TILE COASTER","84926A",2011,12,24,6.96,0.29,1,"C",96,4,41.3333333333333,3.2188758248682,24,13,18,13,18
"WALL ART 70'S ALPHABET","23542",2011,12,133,888.69,7.19666666666667,3,"B",147,54,111.333333333333,4.89783979995091,133,27,49,36,49
"WALL ART ANIMALS AND NATURE","23527",2011,12,15,56.25,3.75,5,"C",97,36,49.3333333333333,2.77258872223978,15,26,23,24,23
"WALL ART BICYCLE SAFETY","23535",2011,12,223,1057.75,5.83478260869565,23,"A",260,161,214.666666666667,5.41164605185504,223,208,223,185,223
"WALL ART BIG LOVE","23531",2011,12,150,753.42,6.55181818181818,11,"A",303,507,320,5.01727983681492,150,128,79,105,79
"WALL ART BUFFALO BILL","23525",2011,12,21,78.75,3.75,6,"B",38,262,107,3.09104245335832,21,44,39,36,39
"WALL ART CAT AND BIRD","23521",2011,12,1,1.25,1.25,1,"C",81,36,39.3333333333333,0.693147180559945,1,6,4,6,4
"WALL ART DOG AND BALL","23522",2011,12,13,16.25,1.25,2,"C",57,19,29.6666666666667,2.63905732961526,13,10,10,10,10
"WALL ART DOG LICENCE","23526",2011,12,151,640.15,5.72222222222222,9,"B",225,98,158,5.02388052084628,151,112,99,91,99
"WALL ART DOLLY GIRL","23529",2011,12,6,22.5,3.75,1,"B",150,155,103.666666666667,1.94591014905531,6,6,6,6,6
"WALL ART GARDEN HAVEN","23533",2011,12,20,51,2.61666666666667,6,"B",12,178,70,3.04452243772342,20,35,31,34,31
"WALL ART HORSE & PONY","23524",2011,12,27,101.25,3.75,8,"C",158,24,69.6666666666667,3.3322045101752,27,39,29,39,29
"WALL ART I LOVE LONDON","23537",2011,12,1,4.95,4.95,1,"C",41,44,28.6666666666667,0.693147180559945,1,4,3,5,3
"WALL ART KEEP CALM","23543",2011,12,724,3045.6,5.79,10,"A",139,95,319.333333333333,6.58617165485467,724,471,670,317,670
"WALL ART LOVES' SECRET","23539",2011,12,6,35.7,5.95,2,"B",35,188,76.3333333333333,1.94591014905531,6,12,7,13,7
"WALL ART MID CENTURY MODERN","23544",2011,12,5,32.65,6.1,4,"B",13,146,54.6666666666667,1.79175946922805,5,17,12,17,12
"WALL ART ONLY ONE PERSON","23530",2011,12,223,861.93,4.405,8,"A",312,496,343.666666666667,5.41164605185504,223,161,118,106,118
"WALL ART SPACEBOY","23528",2011,12,3,11.25,3.75,1,"C",111,42,52,1.38629436111989,3,5,2,5,2
"WALL ART STOP FOR TEA","23534",2011,12,59,329.45,5.85,12,"A",385,244,229.333333333333,4.0943445622221,59,108,86,112,86
"WALL ART THE MAGIC FOREST","23540",2011,12,1,2.55,2.55,1,"B",5,138,48,0.693147180559945,1,6,4,5,4
"WALL ART TREASURE AHOY","23523",2011,12,14,52.5,3.75,4,"C",41,32,29,2.70805020110221,14,16,15,18,15
"WALL ART VILLAGE SHOW","23536",2011,12,26,154.7,5.95,8,"B",127,74,75.6666666666667,3.29583686600433,26,41,31,32,31
"WALL ART VINTAGE HEART","23538",2011,12,2,9.9,4.95,1,"B",20,304,108.666666666667,1.09861228866811,2,6,4,5,4
"WALL ART WORK REST AND PLAY","23532",2011,12,13,25.35,1.95,3,"B",23,169,68.3333333333333,2.63905732961526,13,24,19,17,19
"WALL MIRROR RECTANGLE DIAMANTE PINK","22166",2011,11,1,7.95,7.95,1,"C",4,2,2.33333333333333,0.693147180559945,1,1,1,2,1
"WALL MIRROR RECTANGLE DIAMANTE PINK","22166",2011,12,96,283.2,2.95,1,"C",1,4,33.6666666666667,4.57471097850338,96,50,132,51,132
"WALL TIDY RETROSPOT","22378",2011,10,5,12.53,2.6075,4,"B",31,74,36.6666666666667,1.79175946922805,5,17,12,15,12
"WALL TIDY RETROSPOT","22378",2011,11,55,115.5,2.1,12,"B",5,31,30.3333333333333,4.02535169073515,55,49,50,64,50
"WALL TIDY RETROSPOT","22378",2011,12,1,4.13,4.13,1,"B",55,5,20.3333333333333,0.693147180559945,1,3,3,3,3
"WASH BAG VINTAGE ROSE PAISLEY","22276",2011,10,11,28.05,2.55,6,"C",15,11,12.3333333333333,2.484906649788,11,13,11,15,11
"WASH BAG VINTAGE ROSE PAISLEY","22276",2011,11,3,7.65,2.55,2,"C",11,15,9.66666666666667,1.38629436111989,3,5,3,5,3
"WASH BAG VINTAGE ROSE PAISLEY","22276",2011,12,5,12.75,2.55,2,"C",3,11,6.33333333333333,1.79175946922805,5,5,5,6,5
"WASHROOM METAL SIGN","82552",2011,10,51,75.97,1.49391304347826,23,"A",316,258,208.333333333333,3.95124371858143,51,156,101,186,101
"WASHROOM METAL SIGN","82552",2011,11,457,738.69,1.51925,40,"A",51,316,274.666666666667,6.12686918411419,457,387,431,423,431
"WASHROOM METAL SIGN","82552",2011,12,53,77.86,1.7025,4,"A",457,51,187,3.98898404656427,53,61,51,40,51
"WATERING CAN BLUE ELEPHANT","22431",2011,10,39,76.05,1.95,11,"A",32,135,68.6666666666667,3.68887945411394,39,58,45,60,45
"WATERING CAN BLUE ELEPHANT","22431",2011,11,113,198.09,2.356,10,"A",39,32,61.3333333333333,4.7361984483945,113,103,109,87,109
"WATERING CAN BLUE ELEPHANT","22431",2011,12,13,27.53,2.67666666666667,3,"A",113,39,55,2.63905732961526,13,16,16,17,16
"WATERING CAN GARDEN MARKER","22477",2011,10,18,22.5,1.25,6,"B",10,25,17.6666666666667,2.94443897916644,18,19,21,25,21
"WATERING CAN GARDEN MARKER","22477",2011,11,98,122.5,1.25,6,"B",18,10,42,4.59511985013459,98,88,113,101,113
"WATERING CAN GREEN DINOSAUR","22433",2011,10,8,15.6,1.95,5,"B",25,57,30,2.19722457733622,8,19,17,22,17
"WATERING CAN GREEN DINOSAUR","22433",2011,11,112,189.6,1.89,5,"B",8,25,48.3333333333333,4.72738781871234,112,94,133,99,133
"WATERING CAN GREEN DINOSAUR","22433",2011,12,6,11.7,1.95,1,"B",112,8,42,1.94591014905531,6,10,7,7,7
"WATERING CAN PINK BUNNY","22432",2011,10,27,52.65,1.95,6,"A",26,93,48.6666666666667,3.3322045101752,27,34,32,33,32
"WATERING CAN PINK BUNNY","22432",2011,11,60,102.6,1.85,3,"A",27,26,37.6666666666667,4.11087386417331,60,43,40,34,40
"WATERING CAN PINK BUNNY","22432",2011,12,61,106.73,2.42,4,"A",60,27,49.3333333333333,4.12713438504509,61,42,44,37,44
"WELCOME  WOODEN BLOCK LETTERS","22120",2011,10,27,268.65,9.95,13,"A",26,29,27.3333333333333,3.3322045101752,27,27,26,28,26
"WELCOME  WOODEN BLOCK LETTERS","22120",2011,11,79,733.85,9.74285714285714,21,"A",27,26,44,4.38202663467388,79,73,81,70,81
"WELCOME  WOODEN BLOCK LETTERS","22120",2011,12,5,49.75,9.95,2,"A",79,27,37,1.79175946922805,5,7,4,8,4
"WHEELBARROW FOR CHILDREN","22526",2011,10,10,127.5,12.75,7,"B",5,1,5.33333333333333,2.39789527279837,10,11,10,11,10
"WHEELBARROW FOR CHILDREN","22526",2011,11,6,76.5,12.75,5,"B",10,5,7,1.94591014905531,6,8,7,7,7
"WHEELBARROW FOR CHILDREN","22526",2011,12,1,12.75,12.75,1,"B",6,10,5.66666666666667,0.693147180559945,1,2,2,2,2
"WHITE  ROSEBUD PEARL BRACELET","90164B",2011,11,19,37.05,1.95,4,"C",7,2,9.33333333333333,2.99573227355399,19,17,18,20,18
"WHITE AND BLUE CERAMIC OIL BURNER","18094C",2011,10,3,3.75,1.25,1,"C",12,38,17.6666666666667,1.38629436111989,3,4,3,4,3
"WHITE BAMBOO RIBS LAMPSHADE","40001",2011,10,147,114.87,0.815,6,"B",125,72,114.666666666667,4.99721227376411,147,111,127,122,127
"WHITE BAMBOO RIBS LAMPSHADE","40001",2011,11,12,10.2,0.85,1,"B",147,125,94.6666666666667,2.56494935746154,12,10,10,13,10
"WHITE BAROQUE WALL CLOCK","85163A",2011,10,8,93,12.3,4,"C",1,3,4,2.19722457733622,8,6,7,7,7
"WHITE BAROQUE WALL CLOCK","85163A",2011,11,4,47.4,12.15,3,"C",8,1,4.33333333333333,1.6094379124341,4,5,4,4,4
"WHITE BELL HONEYCOMB PAPER","21192",2011,10,334,493.5,1.59,10,"B",295,19,216,5.81413053182507,334,257,257,222,257
"WHITE BELL HONEYCOMB PAPER","21192",2011,11,56,82.8,1.6,4,"B",334,295,228.333333333333,4.04305126783455,56,71,60,47,60
"WHITE BROCANTE SOAP DISH","22831",2011,10,26,76.7,2.95,4,"B",46,15,29,3.29583686600433,26,22,22,18,22
"WHITE BROCANTE SOAP DISH","22831",2011,11,26,76.7,2.95,10,"B",26,46,32.6666666666667,3.29583686600433,26,30,28,32,28
"WHITE BROCANTE SOAP DISH","22831",2011,12,12,35.4,2.95,1,"B",26,26,21.3333333333333,2.56494935746154,12,7,7,6,7
"WHITE CANDYSTUFT ARTIFICIAL FLOWER","84806B",2011,10,54,78.3,1.45,3,"C",11,3,22.6666666666667,4.00733318523247,54,45,57,43,57
"WHITE CANDYSTUFT ARTIFICIAL FLOWER","84806B",2011,11,3,4.35,1.45,1,"C",54,11,22.6666666666667,1.38629436111989,3,5,4,5,4
"WHITE CANDYSTUFT ARTIFICIAL FLOWER","84806B",2011,12,24,9.36,0.39,1,"C",3,54,27,3.2188758248682,24,8,12,9,12
"WHITE CHRISTMAS GARLAND STARS TREES","21804",2011,10,37,134.43,3.705,8,"C",13,12,20.6666666666667,3.63758615972639,37,33,38,37,38
"WHITE CHRISTMAS GARLAND STARS TREES","21804",2011,11,112,413.52,3.71869565217391,23,"C",37,13,54,4.72738781871234,112,96,113,103,113
"WHITE CHRISTMAS GARLAND STARS TREES","21804",2011,12,4,15,3.75,1,"C",112,37,51,1.6094379124341,4,5,4,5,4
"WHITE CHRISTMAS STAR DECORATION","21807",2011,10,58,24.36,0.42,8,"C",46,36,46.6666666666667,4.07753744390572,58,60,53,65,53
"WHITE FRANGIPANI NECKLACE","90101",2011,11,2,5.1,2.55,1,"C",6,1,3,1.09861228866811,2,2,2,2,2
"WHITE GOOSE FEATHER CHRISTMAS TREE","21262",2011,10,47,138.65,2.95,10,"B",34,18,33,3.87120101090789,47,43,45,41,45
"WHITE GOOSE FEATHER CHRISTMAS TREE","21262",2011,11,83,244.85,2.95,18,"B",47,34,54.6666666666667,4.43081679884331,83,77,80,78,80
"WHITE GOOSE FEATHER CHRISTMAS TREE","21262",2011,12,11,32.45,2.95,4,"B",83,47,47,2.484906649788,11,24,16,20,16
"WHITE GOOSE FEATHER TREE 60CM","21264",2011,10,18,35.1,1.95,8,"C",74,12,34.6666666666667,2.94443897916644,18,32,26,33,26
"WHITE GOOSE FEATHER TREE 60CM","21264",2011,11,119,232.05,1.95,17,"C",18,74,70.3333333333333,4.78749174278205,119,107,117,114,117
"WHITE GOOSE FEATHER TREE 60CM","21264",2011,12,15,29.25,1.95,7,"C",119,18,50.6666666666667,2.77258872223978,15,29,20,33,20
"WHITE HANGING BEADS CANDLE HOLDER","71038",2011,10,23,125.35,5.45,9,"B",30,24,25.6666666666667,3.17805383034795,23,25,24,30,24
"WHITE HANGING BEADS CANDLE HOLDER","71038",2011,11,22,119.9,5.45,4,"B",23,30,25,3.13549421592915,22,18,21,19,21
"WHITE HANGING HEART T-LIGHT HOLDER","85123A",2011,10,1646,4552.74,2.98646258503401,142,"A",2440,2046,2044,7.40671073017764,1646,2100,1849,1701,1849
"WHITE HANGING HEART T-LIGHT HOLDER","85123A",2011,11,4859,13849.93,2.93690677966102,229,"A",1646,2440,2981.66666666667,8.48879371689454,4859,2865,3065,2539,3065
"WHITE HANGING HEART T-LIGHT HOLDER","85123A",2011,12,745,1995.79,2.93538461538462,51,"A",4859,1646,2416.66666666667,6.61472560020376,745,1804,1896,2014,1896
"WHITE HEART CONFETTI IN TUBE","21198",2011,11,62,92.7,1.6,4,"B",50,48,53.3333333333333,4.14313472639153,62,53,55,47,55
"WHITE HEART CONFETTI IN TUBE","21198",2011,12,12,19.8,1.65,1,"B",62,50,41.3333333333333,2.56494935746154,12,7,7,6,7
"WHITE HEARTS WIRE PLANT POT HOLDER","23107",2011,10,44,127.16,2.89,9,"B",68,9,40.3333333333333,3.80666248977032,44,44,48,44,48
"WHITE HEARTS WIRE PLANT POT HOLDER","23107",2011,11,10,28.9,2.89,5,"B",44,68,40.6666666666667,2.39789527279837,10,25,14,24,14
"WHITE HEARTS WIRE PLANT POT HOLDER","23107",2011,12,36,45.24,1.21,5,"B",10,44,30,3.61091791264422,36,36,34,44,34
"WHITE HONEYCOMB PAPER GARLAND","21189",2011,10,6,9.9,1.65,1,"C",3,2,3.66666666666667,1.94591014905531,6,5,6,3,6
"WHITE HONEYCOMB PAPER GARLAND","21189",2011,11,31,51.15,1.65,5,"C",6,3,13.3333333333333,3.46573590279973,31,28,31,39,31
"WHITE HONEYCOMB PAPER GARLAND","21189",2011,12,29,47.85,1.65,4,"C",31,6,22,3.40119738166216,29,26,24,23,24
"WHITE JEWELLED HEART DECORATION","85061W",2011,10,215,173.45,0.888,12,"B",442,136,264.333333333333,5.37527840768417,215,212,204,200,204
"WHITE JEWELLED HEART DECORATION","85061W",2011,11,206,175.1,0.85,13,"B",215,442,287.666666666667,5.33271879326537,206,203,187,231,187
"WHITE JEWELLED HEART DECORATION","85061W",2011,12,76,64.6,0.85,5,"B",206,215,165.666666666667,4.34380542185368,76,78,67,74,67
"WHITE LOVEBIRD LANTERN","22224",2011,10,36,99,2.89285714285714,7,"B",40,23,33,3.61091791264422,36,38,37,38,37
"WHITE LOVEBIRD LANTERN","22224",2011,11,49,139.75,2.87,10,"B",36,40,41.6666666666667,3.91202300542815,49,47,45,54,45
"WHITE LOVEBIRD LANTERN","22224",2011,12,26,76.7,2.95,4,"B",49,36,37,3.29583686600433,26,21,24,23,24
"WHITE METAL LANTERN","71053",2011,10,72,261.36,3.7275,13,"A",149,103,108,4.29045944114839,72,82,78,80,78
"WHITE METAL LANTERN","71053",2011,11,50,192.04,4.12833333333333,12,"A",72,149,90.3333333333333,3.93182563272433,50,60,57,59,57
"WHITE ROCKING HORSE HAND PAINTED","23210",2011,10,769,900.77,1.23894736842105,36,"A",315,299,461,6.64639051484773,769,707,742,626,742
"WHITE ROCKING HORSE HAND PAINTED","23210",2011,11,833,1011.01,1.24637931034483,54,"A",769,315,639,6.72623340235875,833,709,799,747,799
"WHITE ROCKING HORSE HAND PAINTED","23210",2011,12,112,140,1.25,16,"A",833,769,571.333333333333,4.72738781871234,112,321,210,314,210
"WHITE SAGE INCENSE","21167",2011,10,175,36.75,0.21,4,"C",125,75,125,5.17048399503815,175,146,181,143,181
"WHITE SAGE INCENSE","21167",2011,11,197,41.37,0.21,4,"C",175,125,165.666666666667,5.28826703069454,197,137,183,117,183
"WHITE SAGE INCENSE","21167",2011,12,219,45.99,0.21,2,"C",197,175,197,5.39362754635236,219,61,79,97,79
"WHITE SKULL HOT WATER BOTTLE","21479",2011,10,297,1210.25,4.20689655172414,58,"A",205,414,305.333333333333,5.6970934865054,297,317,308,315,308
"WHITE SKULL HOT WATER BOTTLE","21479",2011,11,746,2966.5,4.225,95,"A",297,205,416,6.61606518513282,746,707,764,569,764
"WHITE SKULL HOT WATER BOTTLE","21479",2011,12,171,690.75,4.23484848484848,32,"A",746,297,404.666666666667,5.14749447681345,171,304,231,287,231
"WHITE SOAP RACK WITH 2 BOTTLES","84843",2011,10,25,148.75,5.95,3,"B",40,8,24.3333333333333,3.25809653802148,25,16,18,15,18
"WHITE SOAP RACK WITH 2 BOTTLES","84843",2011,11,27,137.25,5.73333333333333,6,"B",25,40,30.6666666666667,3.3322045101752,27,24,24,22,24
"WHITE SOAP RACK WITH 2 BOTTLES","84843",2011,12,4,23.8,5.95,2,"B",27,25,18.6666666666667,1.6094379124341,4,7,5,6,5
"WHITE SPOT BLUE CERAMIC DRAWER KNOB","21673",2011,10,367,512.95,1.44333333333333,30,"A",350,124,280.333333333333,5.90808293816893,367,354,379,368,379
"WHITE SPOT BLUE CERAMIC DRAWER KNOB","21673",2011,11,240,348,1.45,22,"A",367,350,319,5.48479693349065,240,243,243,268,243
"WHITE SPOT BLUE CERAMIC DRAWER KNOB","21673",2011,12,17,24.65,1.45,4,"A",240,367,208,2.89037175789616,17,56,39,41,39
"WHITE SPOT RED CERAMIC DRAWER KNOB","21672",2011,10,262,377.5,1.44333333333333,28,"A",514,445,407,5.57215403217776,262,332,276,328,276
"WHITE SPOT RED CERAMIC DRAWER KNOB","21672",2011,11,199,288.55,1.45,18,"A",262,514,325,5.29831736654804,199,191,174,186,174
"WHITE SPOT RED CERAMIC DRAWER KNOB","21672",2011,12,56,81.2,1.45,5,"A",199,262,172.333333333333,4.04305126783455,56,62,39,54,39
"WHITE SQUARE TABLE CLOCK","84661A",2011,10,6,15.3,2.55,1,"C",6,12,8,1.94591014905531,6,5,5,4,5
"WHITE SQUARE TABLE CLOCK","84661A",2011,11,1,2.55,2.55,1,"C",6,6,4.33333333333333,0.693147180559945,1,2,1,2,1
"WHITE SQUARE TABLE CLOCK","84661A",2011,12,63,53.94,1.624,5,"C",1,6,23.3333333333333,4.15888308335967,63,52,63,67,63
"WHITE STITCHED CUSHION COVER","84658",2011,10,7,48.65,6.95,2,"C",5,4,5.33333333333333,2.07944154167984,7,6,7,5,7
"WHITE STITCHED CUSHION COVER","84658",2011,11,2,13.9,6.95,1,"C",7,5,4.66666666666667,1.09861228866811,2,2,2,2,2
"WHITE STITCHED CUSHION COVER","84658",2011,12,6,44.38,7.39666666666667,3,"C",2,7,5,1.94591014905531,6,6,6,6,6
"WHITE STITCHED WALL CLOCK","84660A",2011,10,17,13.43,0.79,2,"B",282,302,200.333333333333,2.89037175789616,17,37,32,31,32
"WHITE TALL PORCELAIN T-LIGHT HOLDER","18097C",2011,10,13,33.15,2.55,2,"B",2,49,21.3333333333333,2.63905732961526,13,9,12,8,12
"WHITE TALL PORCELAIN T-LIGHT HOLDER","18097C",2011,11,20,51,2.55,5,"B",13,2,11.6666666666667,3.04452243772342,20,17,20,19,20
"WHITE TEA,COFFEE,SUGAR JARS","85159B",2011,10,54,105.3,1.95,5,"B",38,30,40.6666666666667,4.00733318523247,54,49,55,46,55
"WHITE TEA,COFFEE,SUGAR JARS","85159B",2011,11,50,97.5,1.95,5,"B",54,38,47.3333333333333,3.93182563272433,50,46,46,36,46
"WHITE TRAVEL ALARM CLOCK","84659A",2011,10,18,45.9,2.55,5,"C",8,9,11.6666666666667,2.94443897916644,18,17,17,18,17
"WHITE TRAVEL ALARM CLOCK","84659A",2011,11,13,33.15,2.55,3,"C",18,8,13,2.63905732961526,13,14,13,12,13
"WHITE VINT ART DECO CRYSTAL NECKLAC","90063A",2011,10,1,8.5,8.5,1,"C",2,1,1.33333333333333,0.693147180559945,1,1,1,1,1
"WHITE VINT ART DECO CRYSTAL NECKLAC","90063A",2011,11,2,17,8.5,1,"C",1,2,1.66666666666667,1.09861228866811,2,2,2,1,2
"WHITE WICKER STAR","23323",2011,10,329,690.9,2.1,65,"A",265,110,234.666666666667,5.79909265446053,329,323,326,312,326
"WHITE WICKER STAR","23323",2011,11,524,1085.4,2.09764150943396,103,"A",329,265,372.666666666667,6.26339826259162,524,551,519,574,519
"WHITE WICKER STAR","23323",2011,12,116,243.6,2.1,23,"A",524,329,323,4.76217393479776,116,209,168,222,168
"WHITE WIRE EGG HOLDER","84880",2011,10,5,37.5,7.5,4,"B",31,18,18,1.79175946922805,5,11,8,9,8
"WHITE WIRE EGG HOLDER","84880",2011,11,14,105,7.5,5,"B",5,31,16.6666666666667,2.70805020110221,14,15,16,14,16
"WHITE WIRE EGG HOLDER","84880",2011,12,2,15,7.5,1,"B",14,5,7,1.09861228866811,2,2,2,2,2
"WHITE WOOD GARDEN PLANT LADDER","22487",2011,10,63,602.06,10.0702857142857,35,"A",56,45,54.6666666666667,4.15888308335967,63,62,63,69,63
"WHITE WOOD GARDEN PLANT LADDER","22487",2011,11,59,569.65,9.83243243243243,37,"A",63,56,59.3333333333333,4.0943445622221,59,71,67,80,67
"WHITE WOOD GARDEN PLANT LADDER","22487",2011,12,15,137.65,9.62777777777778,9,"A",59,63,45.6666666666667,2.77258872223978,15,25,19,24,19
"WHITE/PINK CHICK DECORATION","35912B",2011,10,73,77.57,1.155,2,"C",1,72,48.6666666666667,4.30406509320417,73,37,64,37,64
"WHITE/PINK CHICK EASTER DECORATION","35913B",2011,11,1,0.85,0.85,1,"C",6,18,8.33333333333333,0.693147180559945,1,3,2,3,2
"WICKER STAR","22694",2011,10,209,438.9,2.1,44,"A",252,46,169,5.34710753071747,209,221,206,246,206
"WICKER STAR","22694",2011,11,564,1154.4,2.09489795918367,95,"A",209,252,341.666666666667,6.33682573114644,564,592,631,611,631
"WICKER STAR","22694",2011,12,44,92.4,2.1,15,"A",564,209,272.333333333333,3.80666248977032,44,155,123,159,123
"WICKER WREATH LARGE","22696",2011,10,139,258.83,2.03952380952381,20,"B",154,61,118,4.9416424226093,139,137,132,134,132
"WICKER WREATH LARGE","22696",2011,11,123,252.93,2.07111111111111,35,"B",139,154,138.666666666667,4.82028156560504,123,139,124,162,124
"WICKER WREATH LARGE","22696",2011,12,17,33.15,1.95,9,"B",123,139,93,2.89037175789616,17,51,42,55,42
"WICKER WREATH SMALL","22695",2011,10,158,219.5,1.4375,15,"B",116,2,92,5.06890420222023,158,142,158,157,158
"WICKER WREATH SMALL","22695",2011,11,97,146.17,1.60333333333333,23,"B",158,116,123.666666666667,4.58496747867057,97,121,98,131,98
"WICKER WREATH SMALL","22695",2011,12,206,157.9,0.790909090909091,22,"B",97,158,153.666666666667,5.33271879326537,206,208,212,244,212
"WIRE EGG BASKET","23479",2011,12,6,47.1,7.85,3,"B",76,27,36.3333333333333,1.94591014905531,6,12,7,11,7
"WOOD 2 DRAWER CABINET WHITE FINISH","82483",2011,10,190,1278.04,7.15285714285714,55,"A",202,187,193,5.25227342804663,190,199,200,213,200
"WOOD 2 DRAWER CABINET WHITE FINISH","82483",2011,11,313,2067.25,7.13883116883117,77,"A",190,202,235,5.74939298590825,313,300,316,285,316
"WOOD 2 DRAWER CABINET WHITE FINISH","82483",2011,12,110,723.68,7.14904761904762,21,"A",313,190,204.333333333333,4.70953020131233,110,147,137,135,137
"WOOD AND GLASS MEDICINE CABINET","21761",2011,11,1,29.95,29.95,1,"C",1,1,1,0.693147180559945,1,1,1,1,1
"WOOD AND GLASS MEDICINE CABINET","21761",2011,12,1,29.95,29.95,1,"C",1,1,1,0.693147180559945,1,1,1,1,1
"WOOD BLACK BOARD ANT WHITE FINISH","82484",2011,10,283,1808.53,7.99488372093023,43,"A",507,243,344.333333333333,5.64897423816121,283,285,243,294,243
"WOOD BLACK BOARD ANT WHITE FINISH","82484",2011,11,356,2342.53,7.86966666666667,60,"A",283,507,382,5.87773578177964,356,376,335,277,335
"WOOD BLACK BOARD ANT WHITE FINISH","82484",2011,12,384,2242.8,7.51071428571429,28,"A",356,283,341,5.95324333428778,384,363,369,310,369
"WOOD S/3 CABINET ANT WHITE FINISH","82486",2011,10,2,17.9,8.95,1,"A",181,139,107.333333333333,1.09861228866811,2,6,3,4,3
"WOOD STAMP SET BEST WISHES","22210",2011,10,69,57.27,0.83,17,"B",327,44,146.666666666667,4.24849524204936,69,121,130,158,130
"WOOD STAMP SET BEST WISHES","22210",2011,11,153,132.72,0.997857142857143,40,"B",69,327,183,5.03695260241363,153,201,154,197,154
"WOOD STAMP SET BEST WISHES","22210",2011,12,99,82.17,0.83,10,"B",153,69,107,4.60517018598809,99,108,116,106,116
"WOOD STAMP SET FLOWERS","22211",2011,10,102,84.66,0.83,19,"B",87,40,76.3333333333333,4.63472898822964,102,112,107,129,107
"WOOD STAMP SET FLOWERS","22211",2011,11,192,157.71,0.821315789473684,36,"B",102,87,127,5.26269018890489,192,174,191,227,191
"WOOD STAMP SET FLOWERS","22211",2011,12,11,9.13,0.83,7,"B",192,102,101.666666666667,2.484906649788,11,61,46,62,46
"WOOD STAMP SET HAPPY BIRTHDAY","22209",2011,10,58,48.14,0.83,14,"B",106,127,97,4.07753744390572,58,92,79,111,79
"WOOD STAMP SET HAPPY BIRTHDAY","22209",2011,11,81,68.04,0.908888888888889,27,"B",58,106,81.6666666666667,4.40671924726425,81,109,94,123,94
"WOOD STAMP SET HAPPY BIRTHDAY","22209",2011,12,92,76.36,0.83,8,"B",81,58,77,4.53259949315326,92,92,98,92,98
"WOOD STAMP SET THANK YOU","22208",2011,10,109,90.47,0.83,24,"B",150,91,116.666666666667,4.70048036579242,109,133,121,148,121
"WOOD STAMP SET THANK YOU","22208",2011,11,355,297.92,0.90171875,63,"B",109,150,204.666666666667,5.87493073085203,355,334,381,400,381
"WOOD STAMP SET THANK YOU","22208",2011,12,53,46.45,0.994,14,"B",355,109,172.333333333333,3.98898404656427,53,118,74,153,74
"WOOD STOCKING CHRISTMAS SCANDISPOT","22581",2011,10,246,209.88,0.918095238095238,21,"C",145,13,134.666666666667,5.50938833662798,246,207,208,243,208
"WOOD STOCKING CHRISTMAS SCANDISPOT","22581",2011,11,299,173.49,0.75,27,"C",246,145,230,5.7037824746562,299,270,296,271,296
"WOOD STOCKING CHRISTMAS SCANDISPOT","22581",2011,12,265,83.57,0.318,19,"C",299,246,270,5.5834963087817,265,279,260,284,260
"WOODEN ADVENT CALENDAR CREAM","22946",2011,10,89,1353.51,16.59,25,"A",37,80,68.6666666666667,4.49980967033027,89,78,87,81,87
"WOODEN ADVENT CALENDAR CREAM","22946",2011,11,109,1595.55,16.425,32,"A",89,37,78.3333333333333,4.70048036579242,109,95,97,97,97
"WOODEN ADVENT CALENDAR CREAM","22946",2011,12,7,100.75,15.16,5,"A",109,89,68.3333333333333,2.07944154167984,7,19,11,19,11
"WOODEN ADVENT CALENDAR RED","22947",2011,10,149,1533.35,10.8825,32,"A",34,4,62.3333333333333,5.01063529409626,149,120,161,123,161
"WOODEN ADVENT CALENDAR RED","22947",2011,11,329,2633.55,8.11363636363636,55,"A",149,34,170.666666666667,5.79909265446053,329,288,310,282,310
"WOODEN BOX ADVENT CALENDAR","35400",2011,11,5,44.75,8.95,3,"C",4,1,3.33333333333333,1.79175946922805,5,5,5,4,5
"WOODEN BOX OF DOMINOES","21889",2011,10,934,1188.07,1.32960526315789,75,"A",838,308,693.333333333333,6.84054652928869,934,797,839,826,839
"WOODEN BOX OF DOMINOES","21889",2011,11,1093,1394.08,1.28967213114754,118,"A",934,838,955,6.99759598298193,1093,1139,1009,1021,1009
"WOODEN BOX OF DOMINOES","21889",2011,12,285,362.3,1.29481481481481,26,"A",1093,934,770.666666666667,5.65599181081985,285,605,536,625,536
"WOODEN CROQUET GARDEN SET","22605",2011,10,29,389.55,14.15,11,"A",23,66,39.3333333333333,3.40119738166216,29,36,31,28,31
"WOODEN CROQUET GARDEN SET","22605",2011,11,49,685.36,15.105,22,"A",29,23,33.6666666666667,3.91202300542815,49,48,48,45,48
"WOODEN CROQUET GARDEN SET","22605",2011,12,20,300.21,15.6008333333333,12,"A",49,29,32.6666666666667,3.04452243772342,20,28,22,25,22
"WOODEN FRAME ANTIQUE WHITE","82494L",2011,10,589,1676.97,2.97852272727273,86,"A",731,501,607,6.38012253689976,589,651,615,570,615
"WOODEN FRAME ANTIQUE WHITE","82494L",2011,11,994,2758.92,2.94769841269841,123,"A",589,731,771.333333333333,6.90274273715859,994,972,966,920,966
"WOODEN FRAME ANTIQUE WHITE","82494L",2011,12,197,580.57,3.09172413793103,29,"A",994,589,593.333333333333,5.28826703069454,197,428,348,345,348
"WOODEN HAPPY BIRTHDAY GARLAND","21380",2011,10,244,667.88,3.072,20,"A",85,429,252.666666666667,5.50125821054473,244,213,230,190,230
"WOODEN HAPPY BIRTHDAY GARLAND","21380",2011,11,93,277.19,3.09947368421053,19,"A",244,85,140.666666666667,4.54329478227,93,117,95,119,95
"WOODEN HAPPY BIRTHDAY GARLAND","21380",2011,12,6,17.7,2.95,1,"A",93,244,114.333333333333,1.94591014905531,6,9,5,5,5
"WOODEN HEART CHRISTMAS SCANDINAVIAN","22577",2011,10,2835,869.13,0.349375,123,"A",1275,65,1391.66666666667,7.95014988765202,2835,1561,2778,2067,2778
"WOODEN HEART CHRISTMAS SCANDINAVIAN","22577",2011,11,4580,1359.04,0.31873786407767,198,"A",2835,1275,2896.66666666667,8.42967259388674,4580,3136,3741,3074,3741
"WOODEN HEART CHRISTMAS SCANDINAVIAN","22577",2011,12,564,267.16,0.386551724137931,28,"A",4580,2835,2659.66666666667,6.33682573114644,564,1868,1682,1802,1682
"WOODEN OWLS LIGHT GARLAND","22779",2011,10,117,473.25,4.225,19,"A",105,45,89,4.77068462446567,117,110,105,92,105
"WOODEN OWLS LIGHT GARLAND","22779",2011,11,99,420.75,4.25,25,"A",117,105,107,4.60517018598809,99,107,101,116,101
"WOODEN OWLS LIGHT GARLAND","22779",2011,12,19,80.75,4.25,6,"A",99,117,78.3333333333333,2.99573227355399,19,35,24,31,24
"WOODEN PICTURE FRAME WHITE FINISH","82482",2011,10,765,1977.07,2.99831325301205,81,"A",946,660,790.333333333333,6.64118216974059,765,862,828,734,828
"WOODEN PICTURE FRAME WHITE FINISH","82482",2011,11,1029,2621.27,2.94547368421053,95,"A",765,946,913.333333333333,6.93731408122368,1029,956,991,949,991
"WOODEN PICTURE FRAME WHITE FINISH","82482",2011,12,126,374.54,3.07909090909091,22,"A",1029,765,640,4.84418708645859,126,406,318,315,318
"WOODEN REGATTA BUNTING","22498",2011,10,14,83.3,5.95,7,"B",8,17,13,2.70805020110221,14,14,14,18,14
"WOODEN REGATTA BUNTING","22498",2011,11,15,89.25,5.95,8,"B",14,8,12.3333333333333,2.77258872223978,15,15,16,17,16
"WOODEN REGATTA BUNTING","22498",2011,12,2,11.9,5.95,2,"B",15,14,10.3333333333333,1.09861228866811,2,4,3,4,3
"WOODEN ROUNDERS GARDEN SET","22607",2011,10,13,136.03,10.9042857142857,7,"A",24,78,38.3333333333333,2.63905732961526,13,19,12,19,12
"WOODEN ROUNDERS GARDEN SET","22607",2011,11,57,567.15,9.95,31,"A",13,24,31.3333333333333,4.06044301054642,57,53,62,57,62
"WOODEN ROUNDERS GARDEN SET","22607",2011,12,40,376.56,10.2936363636364,11,"A",57,13,36.6666666666667,3.71357206670431,40,32,31,28,31
"WOODEN SCHOOL COLOURING SET","22561",2011,10,569,940.49,1.6828,49,"A",665,1168,800.666666666667,6.3456363608286,569,713,623,751,623
"WOODEN SCHOOL COLOURING SET","22561",2011,11,714,1165.34,1.67086956521739,67,"A",569,665,649.333333333333,6.57228254269401,714,712,757,778,757
"WOODEN SCHOOL COLOURING SET","22561",2011,12,300,482.24,1.73470588235294,16,"A",714,569,527.666666666667,5.70711026474888,300,303,254,313,254
"WOODEN SKITTLES GARDEN SET","22606",2011,10,10,146.7,15.4166666666667,6,"A",7,33,16.6666666666667,2.39789527279837,10,12,11,12,11
"WOODEN SKITTLES GARDEN SET","22606",2011,11,1,15.95,15.95,1,"A",10,7,6,0.693147180559945,1,2,2,2,2
"WOODEN SKITTLES GARDEN SET","22606",2011,12,4,63.8,15.95,2,"A",1,10,5,1.6094379124341,4,5,4,4,4
"WOODEN STAR CHRISTMAS SCANDINAVIAN","22578",2011,10,2223,679.59,0.352809917355372,119,"A",1191,13,1142.33333333333,7.70706265537047,2223,1452,2144,2016,2144
"WOODEN STAR CHRISTMAS SCANDINAVIAN","22578",2011,11,4980,1473.06,0.318928571428571,212,"A",2223,1191,2798,8.51338595307328,4980,3146,3594,2798,3594
"WOODEN STAR CHRISTMAS SCANDINAVIAN","22578",2011,12,983,379.23,0.381515151515151,30,"A",4980,2223,2728.66666666667,6.89162589705225,983,2080,1905,2010,1905
"WOODEN TREE CHRISTMAS SCANDINAVIAN","22579",2011,10,1603,505.15,0.357311827956989,90,"B",706,1,770,7.38025578842646,1603,1062,1482,1519,1482
"WOODEN TREE CHRISTMAS SCANDINAVIAN","22579",2011,11,2293,679.73,0.323676470588235,128,"B",1603,706,1534,7.73805229768932,2293,1650,1442,1722,1442
"WOODEN UNION JACK BUNTING","22499",2011,10,17,120.68,6.88,7,"A",25,31,24.3333333333333,2.89037175789616,17,19,19,22,19
"WOODEN UNION JACK BUNTING","22499",2011,11,32,190.4,5.95,16,"A",17,25,24.6666666666667,3.49650756146648,32,36,35,42,35
"WOODEN UNION JACK BUNTING","22499",2011,12,16,95.2,5.95,4,"A",32,17,21.6666666666667,2.83321334405622,16,14,15,12,15
"WOODLAND  HEIGHT CHART STICKERS","21249",2011,10,40,118,2.95,8,"B",33,169,80.6666666666667,3.71357206670431,40,51,44,44,44
"WOODLAND  HEIGHT CHART STICKERS","21249",2011,11,59,162.05,2.88333333333333,6,"B",40,33,44,4.0943445622221,59,49,57,47,57
"WOODLAND  HEIGHT CHART STICKERS","21249",2011,12,6,17.7,2.95,1,"B",59,40,35,1.94591014905531,6,5,5,4,5
"WOODLAND  STICKERS","21680",2011,10,72,61.2,0.85,6,"C",228,42,114,4.29045944114839,72,74,70,61,70
"WOODLAND  STICKERS","21680",2011,11,78,66.3,0.85,6,"C",72,228,126,4.36944785246702,78,57,68,61,68
"WOODLAND  STICKERS","21680",2011,12,36,30.6,0.85,4,"C",78,72,62,3.61091791264422,36,45,44,43,44
"WOODLAND BUNNIES LOLLY MAKERS","23559",2011,11,82,170.56,2.08,21,"B",225,193,166.666666666667,4.4188406077966,82,128,109,144,109
"WOODLAND BUNNIES LOLLY MAKERS","23559",2011,12,63,131.04,2.08,6,"B",82,225,123.333333333333,4.15888308335967,63,49,41,49,41
"WOODLAND CHARLOTTE BAG","20719",2011,10,655,531.53,0.85962962962963,52,"A",779,1022,818.666666666667,6.48616078894409,655,702,700,930,700
"WOODLAND CHARLOTTE BAG","20719",2011,11,504,434.64,0.89952380952381,61,"A",655,779,646,6.22455842927536,504,619,562,712,562
"WOODLAND CHARLOTTE BAG","20719",2011,12,239,190.15,0.841333333333333,15,"A",504,655,466,5.48063892334199,239,320,284,348,284
"WOODLAND DESIGN  COTTON TOTE BAG","21578",2011,10,6,13.5,2.25,3,"B",2,116,41.3333333333333,1.94591014905531,6,17,11,13,11
"WOODLAND DESIGN  COTTON TOTE BAG","21578",2011,11,1,2.25,2.25,1,"B",6,2,3,0.693147180559945,1,2,1,2,1
"WOODLAND LARGE PINK FELT HEART","23478",2011,12,12,15,1.25,1,"C",62,204,92.6666666666667,2.56494935746154,12,8,6,7,6
"WOODLAND MINI BACKPACK","23388",2011,11,154,619.1,4.13709677419355,31,"A",366,233,251,5.04342511691925,154,204,193,213,193
"WOODLAND MINI BACKPACK","23388",2011,12,31,128.65,4.15,9,"A",154,366,183.666666666667,3.46573590279973,31,73,54,62,54
"WOODLAND PARTY BAG + STICKER SET","22331",2011,10,250,386.98,1.70777777777778,18,"A",161,112,174.333333333333,5.52545293913178,250,235,234,201,234
"WOODLAND PARTY BAG + STICKER SET","22331",2011,11,144,228,1.6375,16,"A",250,161,185,4.97673374242057,144,162,136,151,136
"WOODLAND PARTY BAG + STICKER SET","22331",2011,12,17,31.33,1.978,5,"A",144,250,137,2.89037175789616,17,36,21,38,21
"WOODLAND SMALL BLUE FELT HEART","23474",2011,12,50,41.5,0.83,4,"C",206,41,99,3.93182563272433,50,61,47,48,47
"WOODLAND SMALL PINK FELT HEART","23475",2011,12,38,31.54,0.83,3,"C",218,24,93.3333333333333,3.66356164612965,38,31,26,35,26
"WOODLAND SMALL RED FELT HEART","23473",2011,12,72,59.76,0.83,5,"C",336,257,221.666666666667,4.29045944114839,72,104,103,111,103
"WOODLAND STORAGE BOX LARGE","21424",2011,10,37,99.55,2.85,4,"C",12,8,19,3.63758615972639,37,33,35,30,35
"WOODLAND STORAGE BOX SMALL","21426",2011,10,27,50.7,2.01666666666667,2,"C",6,1,11.3333333333333,3.3322045101752,27,23,29,24,29
"WOODLAND STORAGE BOX SMALL","21426",2011,11,30,63,2.1,4,"C",27,6,21,3.43398720448515,30,25,24,21,24
"WORLD WAR 2 GLIDERS ASSTD DESIGNS","84077",2011,10,8078,1926.14,0.31,56,"A",3462,2256,4598.66666666667,8.99702338147971,8078,3479,3366,2929,3366
"WORLD WAR 2 GLIDERS ASSTD DESIGNS","84077",2011,11,4500,1294.2,0.307777777777778,72,"A",8078,3462,5346.66666666667,8.41205487329293,4500,3201,3415,2955,3415
"WORLD WAR 2 GLIDERS ASSTD DESIGNS","84077",2011,12,1363,376.65,0.302380952380952,21,"A",4500,8078,4647,7.21817683840341,1363,1902,1897,2067,1897
"WOVEN BERRIES CUSHION COVER","46776B",2011,10,1,4.95,4.95,1,"C",2,4,2.33333333333333,0.693147180559945,1,2,1,2,1
"WOVEN BERRIES CUSHION COVER","46776B",2011,12,2,9.9,4.95,1,"C",1,2,1.66666666666667,1.09861228866811,2,2,2,2,2
"WOVEN BUBBLE GUM CUSHION COVER","46776A",2011,10,1,4.95,4.95,1,"C",1,2,1.33333333333333,0.693147180559945,1,1,1,1,1
"WOVEN BUBBLE GUM CUSHION COVER","46776A",2011,11,4,19.8,4.95,2,"C",1,1,2,1.6094379124341,4,4,4,3,4
"WOVEN CANDY CUSHION COVER","46776E",2011,10,2,9.9,4.95,1,"C",2,6,3.33333333333333,1.09861228866811,2,2,2,2,2
"WOVEN CANDY CUSHION COVER","46776E",2011,11,2,9.9,4.95,1,"C",2,2,2,1.09861228866811,2,2,2,2,2
"WOVEN FROST CUSHION COVER","46776C",2011,12,2,9.9,4.95,1,"C",4,2,2.66666666666667,1.09861228866811,2,2,2,2,2
"WOVEN ROSE GARDEN CUSHION COVER","46776F",2011,10,3,14.85,4.95,2,"C",2,4,3,1.38629436111989,3,4,4,4,4
"WOVEN ROSE GARDEN CUSHION COVER","46776F",2011,12,4,19.8,4.95,1,"C",3,2,3,1.6094379124341,4,3,4,2,4
"WRAP  VINTAGE DOILY","23231",2011,10,500,210,0.42,18,"B",850,350,566.666666666667,6.21660610108486,500,465,476,469,476
"WRAP  VINTAGE DOILY","23231",2011,11,550,231,0.42,21,"B",500,850,633.333333333333,6.31173480915291,550,536,489,491,489
"WRAP  VINTAGE DOILY","23231",2011,12,200,84,0.42,7,"B",550,500,416.666666666667,5.30330490805908,200,188,194,163,194
"WRAP 50'S  CHRISTMAS","16169E",2011,10,1237,507.54,0.418378378378378,36,"B",900,325,820.666666666667,7.12125245324454,1237,957,1085,1049,1085
"WRAP 50'S  CHRISTMAS","16169E",2011,11,1625,670.5,0.418775510204082,49,"B",1237,900,1254,7.39387829010776,1625,1248,1322,1369,1322
"WRAP 50'S  CHRISTMAS","16169E",2011,12,376,157.92,0.42,13,"B",1625,1237,1079.33333333333,5.93224518744801,376,613,478,648,478
"WRAP ALPHABET DESIGN","23230",2011,10,650,273,0.42,19,"A",500,300,483.333333333333,6.47850964220857,650,607,612,535,612
"WRAP ALPHABET DESIGN","23230",2011,11,900,366,0.4175,24,"A",650,500,683.333333333333,6.80350525760834,900,812,838,695,838
"WRAP ALPHABET DESIGN","23230",2011,12,100,42,0.42,3,"A",900,650,550,4.61512051684126,100,63,36,77,36
"WRAP ALPHABET POSTER","23550",2011,10,325,136.5,0.42,12,"B",375,550,416.666666666667,5.78689738136671,325,303,286,317,286
"WRAP ALPHABET POSTER","23550",2011,11,250,105,0.42,10,"B",325,375,316.666666666667,5.52545293913178,250,260,253,244,253
"WRAP ALPHABET POSTER","23550",2011,12,25,10.5,0.42,1,"B",250,325,200,3.25809653802148,25,22,16,17,16
"WRAP BAD HAIR DAY","16161G",2011,10,50,5,0.1,2,"C",175,50,91.6666666666667,3.93182563272433,50,51,61,50,61
"WRAP BAD HAIR DAY","16161G",2011,11,125,12.5,0.1,5,"C",50,175,116.666666666667,4.83628190695148,125,116,106,128,106
"WRAP BILLBOARD FONTS DESIGN","22985",2011,10,175,73.5,0.42,7,"B",200,125,166.666666666667,5.17048399503815,175,147,146,114,146
"WRAP BILLBOARD FONTS DESIGN","22985",2011,11,175,73.5,0.42,7,"B",175,200,183.333333333333,5.17048399503815,175,168,136,133,136
"WRAP BILLBOARD FONTS DESIGN","22985",2011,12,50,21,0.42,2,"B",175,175,133.333333333333,3.93182563272433,50,30,15,22,15
"WRAP BIRD GARDEN","23549",2011,10,350,147,0.42,14,"C",300,200,283.333333333333,5.86078622346587,350,330,326,306,326
"WRAP BIRD GARDEN","23549",2011,11,200,84,0.42,8,"C",350,300,283.333333333333,5.30330490805908,200,205,213,192,213
"WRAP BIRD GARDEN","23549",2011,12,25,10.5,0.42,1,"C",200,350,191.666666666667,3.25809653802148,25,16,13,11,13
"WRAP CAROUSEL","16156L",2011,11,25,10.5,0.42,1,"C",50,100,58.3333333333333,3.25809653802148,25,18,16,16,16
"WRAP CAROUSEL","16156L",2011,12,25,10.5,0.42,1,"C",25,50,33.3333333333333,3.25809653802148,25,19,25,13,25
"WRAP CHRISTMAS SCREEN PRINT","22049",2011,10,450,85.5,0.19,15,"C",225,25,233.333333333333,6.11146733950268,450,385,469,437,469
"WRAP CHRISTMAS VILLAGE","22959",2011,10,1050,441,0.42,37,"B",950,450,816.666666666667,6.95749737087695,1050,880,920,900,920
"WRAP CHRISTMAS VILLAGE","22959",2011,11,1950,819,0.42,54,"B",1050,950,1316.66666666667,7.57609734062311,1950,1369,1424,1346,1424
"WRAP CHRISTMAS VILLAGE","22959",2011,12,226,94.92,0.42,10,"B",1950,1050,1075.33333333333,5.4249500174814,226,526,479,538,479
"WRAP CIRCUS PARADE","22711",2011,10,350,147,0.42,11,"B",225,100,225,5.86078622346587,350,301,307,259,307
"WRAP CIRCUS PARADE","22711",2011,11,150,63,0.42,6,"B",350,225,241.666666666667,5.01727983681492,150,152,146,149,146
"WRAP CIRCUS PARADE","22711",2011,12,100,42,0.42,3,"B",150,350,200,4.61512051684126,100,62,86,53,86
"WRAP COWBOYS","22706",2011,10,200,84,0.42,6,"B",150,50,133.333333333333,5.30330490805908,200,149,193,146,193
"WRAP COWBOYS","22706",2011,11,25,10.5,0.42,1,"B",200,150,125,3.25809653802148,25,16,8,11,8
"WRAP COWBOYS","22706",2011,12,100,42,0.42,4,"B",25,200,108.333333333333,4.61512051684126,100,75,73,70,73
"WRAP DAISY CARPET","16169M",2011,10,25,10.5,0.42,1,"C",75,50,50,3.25809653802148,25,19,16,15,16
"WRAP DAISY CARPET","16169M",2011,11,50,21,0.42,2,"C",25,75,50,3.93182563272433,50,38,51,34,51
"WRAP DAISY CARPET","16169M",2011,12,25,10.5,0.42,1,"C",50,25,33.3333333333333,3.25809653802148,25,16,21,13,21
"WRAP DOLLY GIRL","22708",2011,10,325,136.5,0.42,13,"B",225,200,250,5.78689738136671,325,269,292,251,292
"WRAP DOLLY GIRL","22708",2011,11,375,157.5,0.42,12,"B",325,225,308.333333333333,5.92958914338989,375,329,351,337,351
"WRAP DOLLY GIRL","22708",2011,12,100,42,0.42,4,"B",375,325,266.666666666667,4.61512051684126,100,91,96,87,96
"WRAP ENGLISH ROSE","16161P",2011,10,1000,420,0.42,34,"A",475,625,700,6.90875477931522,1000,860,951,730,951
"WRAP ENGLISH ROSE","16161P",2011,11,525,208.5,0.415714285714286,14,"A",1000,475,666.666666666667,6.26530121273771,525,474,510,533,510
"WRAP ENGLISH ROSE","16161P",2011,12,150,63,0.42,6,"A",525,1000,558.333333333333,5.01727983681492,150,250,223,181,223
"WRAP FLOWER SHOP","23547",2011,10,250,105,0.42,10,"C",450,400,366.666666666667,5.52545293913178,250,236,209,211,209
"WRAP FLOWER SHOP","23547",2011,11,175,73.5,0.42,7,"C",250,450,291.666666666667,5.17048399503815,175,134,98,135,98
"WRAP FLOWER SHOP","23547",2011,12,125,52.5,0.42,5,"C",175,250,183.333333333333,4.83628190695148,125,106,103,100,103
"WRAP GINGHAM ROSE","22986",2011,10,275,115.5,0.42,11,"B",350,351,325.333333333333,5.62040086571715,275,274,268,280,268
"WRAP GINGHAM ROSE","22986",2011,11,400,156,0.413333333333333,9,"B",275,350,341.666666666667,5.99396142730657,400,361,386,354,386
"WRAP GINGHAM ROSE","22986",2011,12,100,42,0.42,3,"B",400,275,258.333333333333,4.61512051684126,100,65,84,61,84
"WRAP GREEN PEARS","22705",2011,10,225,94.5,0.42,9,"B",175,200,200,5.42053499927229,225,191,191,163,191
"WRAP GREEN PEARS","22705",2011,11,100,42,0.42,4,"B",225,175,166.666666666667,4.61512051684126,100,88,90,64,90
"WRAP GREEN PEARS","22705",2011,12,50,21,0.42,2,"B",100,225,125,3.93182563272433,50,34,39,31,39
"WRAP I LOVE LONDON","22710",2011,10,950,363,0.411428571428571,7,"B",250,225,475,6.85751406254539,950,550,984,530,984
"WRAP I LOVE LONDON","22710",2011,11,275,115.5,0.42,11,"B",950,250,491.666666666667,5.62040086571715,275,263,192,224,192
"WRAP I LOVE LONDON","22710",2011,12,75,31.5,0.42,3,"B",275,950,433.333333333333,4.33073334028633,75,73,48,59,48
"WRAP MAGIC FOREST","23548",2011,10,75,31.5,0.42,3,"C",275,300,216.666666666667,4.33073334028633,75,52,65,60,65
"WRAP MAGIC FOREST","23548",2011,11,175,73.5,0.42,7,"C",75,275,175,5.17048399503815,175,143,129,119,129
"WRAP MAGIC FOREST","23548",2011,12,50,21,0.42,2,"C",175,75,100,3.93182563272433,50,42,44,25,44
"WRAP MONSTER FUN","22707",2011,10,100,42,0.42,4,"C",75,75,83.3333333333333,4.61512051684126,100,84,94,88,94
"WRAP MONSTER FUN","22707",2011,11,200,84,0.42,8,"C",100,75,125,5.30330490805908,200,184,184,146,184
"WRAP MONSTER FUN","22707",2011,12,25,10.5,0.42,1,"C",200,100,108.333333333333,3.25809653802148,25,24,17,14,17
"WRAP PAISLEY PARK","23546",2011,10,650,273,0.42,24,"B",675,750,691.666666666667,6.47850964220857,650,630,575,607,575
"WRAP PAISLEY PARK","23546",2011,11,650,273,0.42,23,"B",650,675,658.333333333333,6.47850964220857,650,627,598,573,598
"WRAP PAISLEY PARK","23546",2011,12,175,73.5,0.42,6,"B",650,650,491.666666666667,5.17048399503815,175,209,189,175,189
"WRAP PINK FAIRY CAKES","16156S",2011,10,900,342,0.415,12,"B",475,200,525,6.80350525760834,900,639,831,579,831
"WRAP PINK FAIRY CAKES","16156S",2011,11,475,196.5,0.41625,16,"B",900,475,616.666666666667,6.16541785423142,475,491,382,490,382
"WRAP PINK FAIRY CAKES","16156S",2011,12,100,42,0.42,4,"B",475,900,491.666666666667,4.61512051684126,100,141,74,91,74
"WRAP POPPIES  DESIGN","23233",2011,10,1100,426,0.417,19,"B",275,600,658.333333333333,7.00397413672268,1100,735,966,739,966
"WRAP POPPIES  DESIGN","23233",2011,11,225,94.5,0.42,9,"B",1100,275,533.333333333333,5.42053499927229,225,275,170,218,170
"WRAP POPPIES  DESIGN","23233",2011,12,25,10.5,0.42,1,"B",225,1100,450,3.25809653802148,25,38,28,15,28
"WRAP RED APPLES","22704",2011,10,550,231,0.42,18,"B",425,425,466.666666666667,6.31173480915291,550,485,507,424,507
"WRAP RED APPLES","22704",2011,11,350,147,0.42,14,"B",550,425,441.666666666667,5.86078622346587,350,353,332,368,332
"WRAP RED APPLES","22704",2011,12,200,84,0.42,8,"B",350,550,366.666666666667,5.30330490805908,200,235,189,169,189
"WRAP RED VINTAGE DOILY","23545",2011,10,650,273,0.42,20,"B",500,325,491.666666666667,6.47850964220857,650,582,599,549,599
"WRAP RED VINTAGE DOILY","23545",2011,11,450,189,0.42,18,"B",650,500,533.333333333333,6.11146733950268,450,457,437,445,437
"WRAP RED VINTAGE DOILY","23545",2011,12,175,73.5,0.42,5,"B",450,650,425,5.17048399503815,175,180,175,146,175
"WRAP SUKI AND FRIENDS","16161U",2011,10,850,333,0.415714285714286,14,"B",325,350,508.333333333333,6.74641212857337,850,619,722,662,722
"WRAP SUKI AND FRIENDS","16161U",2011,11,300,126,0.42,11,"B",850,325,491.666666666667,5.70711026474888,300,258,209,259,209
"WRAP SUKI AND FRIENDS","16161U",2011,12,50,21,0.42,2,"B",300,850,400,3.93182563272433,50,44,40,34,40
"WRAP VINTAGE LEAF DESIGN","23232",2011,10,1350,531,0.417777777777778,27,"B",725,675,916.666666666667,7.2086003379602,1350,1010,1197,929,1197
"WRAP VINTAGE LEAF DESIGN","23232",2011,11,1025,418.5,0.418,29,"B",1350,725,1033.33333333333,6.93342302573071,1025,899,842,997,842
"WRAP VINTAGE LEAF DESIGN","23232",2011,12,250,105,0.42,7,"B",1025,1350,875,5.52545293913178,250,270,211,282,211
"WRAP WEDDING DAY","22709",2011,10,100,42,0.42,4,"C",275,100,158.333333333333,4.61512051684126,100,93,88,67,88
"WRAP WEDDING DAY","22709",2011,12,25,10.5,0.42,1,"C",100,275,133.333333333333,3.25809653802148,25,15,8,10,8
"YELLOW COAT RACK PARIS FASHION","22912",2011,10,8,39.6,4.95,4,"B",17,15,13.3333333333333,2.19722457733622,8,10,9,10,9
"YELLOW COAT RACK PARIS FASHION","22912",2011,11,12,59.4,4.95,8,"B",8,17,12.3333333333333,2.56494935746154,12,14,12,18,12
"YELLOW GIANT GARDEN THERMOMETER","22928",2011,10,38,232.61,6.415,14,"B",10,12,20,3.66356164612965,38,33,42,42,42
"YELLOW GIANT GARDEN THERMOMETER","22928",2011,11,35,260.33,7.345,14,"B",38,10,27.6666666666667,3.58351893845611,35,35,37,33,37
"YELLOW GIANT GARDEN THERMOMETER","22928",2011,12,7,54.67,7.5775,4,"B",35,38,26.6666666666667,2.07944154167984,7,12,10,13,10
"YELLOW POT PLANT CANDLE","20933",2011,10,4,11.8,2.95,2,"C",1,12,5.66666666666667,1.6094379124341,4,5,4,4,4
"YELLOW POT PLANT CANDLE","20933",2011,11,1,2.95,2.95,1,"C",4,1,2,0.693147180559945,1,1,1,2,1
"YELLOW POT PLANT CANDLE","20933",2011,12,1,2.95,2.95,1,"C",1,4,2,0.693147180559945,1,1,1,2,1
"YELLOW SHARK HELICOPTER","85136A",2011,10,8,63.6,7.95,5,"C",1,1,3.33333333333333,2.19722457733622,8,7,8,7,8
"YELLOW SHARK HELICOPTER","85136A",2011,11,12,95.4,7.95,6,"C",8,1,7,2.56494935746154,12,11,13,10,13
"YELLOW SHARK HELICOPTER","85136A",2011,12,5,39.75,7.95,4,"C",12,8,8.33333333333333,1.79175946922805,5,8,6,6,6
"YELLOW/BLUE RETRO RADIO","84086B",2011,11,7,20.65,2.95,2,"C",2,2,3.66666666666667,2.07944154167984,7,6,6,5,6
"YELLOW/BLUE RETRO RADIO","84086B",2011,12,1,2.95,2.95,1,"C",7,2,3.33333333333333,0.693147180559945,1,2,2,2,2
"YELLOW/PINK FLOWER DESIGN BIG MUG","37489A",2011,10,4,1.56,0.39,2,"C",9,2,5,1.6094379124341,4,5,4,6,4
"YELLOW/PINK FLOWER DESIGN BIG MUG","37489A",2011,11,4,1.56,0.39,2,"C",4,9,5.66666666666667,1.6094379124341,4,6,4,6,4
"YOU'RE CONFUSING ME METAL SIGN","21169",2011,10,286,471.82,1.68294117647059,34,"A",751,78,371.666666666667,5.65948221575962,286,298,229,365,229
"YOU'RE CONFUSING ME METAL SIGN","21169",2011,11,498,804.18,1.674,58,"A",286,751,511.666666666667,6.21260609575152,498,581,531,616,531
"YOU'RE CONFUSING ME METAL SIGN","21169",2011,12,245,391.01,1.66333333333333,17,"A",498,286,343,5.50533153593236,245,251,227,238,227
"YULETIDE IMAGES GIFT WRAP SET","85032D",2011,10,48,31.2,0.65,4,"C",282,84,138,3.89182029811063,48,57,55,61,55
"ZINC  HEART T-LIGHT HOLDER","23087",2011,10,82,102.5,1.25,7,"B",275,48,135,4.4188406077966,82,75,72,69,72
"ZINC  HEART T-LIGHT HOLDER","23087",2011,11,79,98.75,1.25,7,"B",82,275,145.333333333333,4.38202663467388,79,52,48,55,48
"ZINC  STAR T-LIGHT HOLDER","23086",2011,10,18,22.5,1.25,2,"B",282,323,207.666666666667,2.94443897916644,18,20,15,21,15
"ZINC  STAR T-LIGHT HOLDER","23086",2011,11,259,293.51,1.22,7,"B",18,282,186.333333333333,5.56068163101553,259,174,224,150,224
"ZINC  STAR T-LIGHT HOLDER","23086",2011,12,32,40,1.25,2,"B",259,18,103,3.49650756146648,32,17,9,11,9
"ZINC BOX SIGN HOME","23414",2011,11,44,420.28,9.86888888888889,18,"B",39,56,46.3333333333333,3.80666248977032,44,45,43,50,43
"ZINC FOLKART SLEIGH BELLS","35970",2011,10,1298,2131.42,1.75510638297872,93,"A",965,135,799.333333333333,7.1693500166706,1298,987,1199,1115,1199
"ZINC FOLKART SLEIGH BELLS","35970",2011,11,1688,2798.12,1.73434782608696,135,"A",1298,965,1317,7.4318919168078,1688,1414,1509,1431,1509
"ZINC FOLKART SLEIGH BELLS","35970",2011,12,320,545.92,1.77615384615385,25,"A",1688,1298,1102,5.77144112313002,320,665,601,835,601
"ZINC HEART FLOWER T-LIGHT HOLDER","23088",2011,10,71,89.96,1.45166666666667,6,"B",182,32,95,4.27666611901606,71,58,60,58,60
"ZINC HEART FLOWER T-LIGHT HOLDER","23088",2011,11,55,72.38,1.492,5,"B",71,182,102.666666666667,4.02535169073515,55,48,51,49,51
"ZINC HEART FLOWER T-LIGHT HOLDER","23088",2011,12,18,24.92,1.855,2,"B",55,71,48,2.94443897916644,18,17,16,14,16
"ZINC HEART LATTICE CHARGER LARGE","20847",2011,10,1,3.75,3.75,1,"C",5,7,4.33333333333333,0.693147180559945,1,2,1,2,1
"ZINC HEART LATTICE CHARGER LARGE","20847",2011,11,1,3.75,3.75,1,"C",1,5,2.33333333333333,0.693147180559945,1,1,1,2,1
"ZINC HEART LATTICE CHARGER SMALL","20848",2011,10,1,2.95,2.95,1,"C",1,3,1.66666666666667,0.693147180559945,1,1,1,1,1
"ZINC HEART LATTICE CHARGER SMALL","20848",2011,11,3,8.85,2.95,1,"C",1,1,1.66666666666667,1.38629436111989,3,2,3,2,3
"ZINC HEART LATTICE T-LIGHT HOLDER","20846",2011,10,36,40.44,1.155,2,"B",28,26,30,3.61091791264422,36,23,26,24,26
"ZINC HEART LATTICE T-LIGHT HOLDER","20846",2011,11,88,110,1.25,12,"B",36,28,50.6666666666667,4.48863636973214,88,83,99,90,99
"ZINC HEART LATTICE T-LIGHT HOLDER","20846",2011,12,44,59.84,1.5525,4,"B",88,36,56,3.80666248977032,44,38,46,36,46
"ZINC HEARTS PLANT POT HOLDER","23106",2011,10,33,95.37,2.89,8,"B",21,40,31.3333333333333,3.52636052461616,33,35,29,34,29
"ZINC HEARTS PLANT POT HOLDER","23106",2011,11,28,83.82,3.30428571428571,7,"B",33,21,27.3333333333333,3.36729582998647,28,25,25,24,25
"ZINC HEARTS PLANT POT HOLDER","23106",2011,12,23,18.17,0.79,4,"B",28,33,28,3.17805383034795,23,26,22,35,22
"ZINC HERB GARDEN CONTAINER","23091",2011,10,38,243.71,6.54571428571429,21,"A",63,40,47,3.66356164612965,38,47,39,49,39
"ZINC HERB GARDEN CONTAINER","23091",2011,11,3,18.75,6.25,3,"A",38,63,34.6666666666667,1.38629436111989,3,11,8,11,8
"ZINC METAL HEART DECORATION","84836",2011,10,908,1093.96,1.24703125,59,"A",514,531,651,6.81234509417748,908,799,920,839,920
"ZINC METAL HEART DECORATION","84836",2011,11,727,911.17,1.27781609195402,83,"A",908,514,716.333333333333,6.59030104819669,727,772,767,901,767
"ZINC METAL HEART DECORATION","84836",2011,12,63,78.75,1.25,9,"A",727,908,566,4.15888308335967,63,272,210,191,210
"ZINC SWEETHEART SOAP DISH","23151",2011,10,5,12.45,2.49,2,"C",2,4,3.66666666666667,1.79175946922805,5,5,4,4,4
"ZINC SWEETHEART SOAP DISH","23151",2011,11,3,7.47,2.49,2,"C",5,2,3.33333333333333,1.38629436111989,3,3,3,4,3
"ZINC SWEETHEART SOAP DISH","23151",2011,12,25,19.75,0.79,6,"C",3,5,11,3.25809653802148,25,22,26,29,26
"ZINC SWEETHEART WIRE LETTER RACK","23153",2011,10,21,82.46,4.121,10,"B",25,34,26.6666666666667,3.09104245335832,21,27,23,32,23
"ZINC SWEETHEART WIRE LETTER RACK","23153",2011,11,39,146.25,3.75,12,"B",21,25,28.3333333333333,3.68887945411394,39,38,38,43,38
"ZINC SWEETHEART WIRE LETTER RACK","23153",2011,12,6,22.5,3.75,2,"B",39,21,22,1.94591014905531,6,7,4,8,4
"ZINC T-LIGHT HOLDER STAR LARGE","23145",2011,10,399,379.05,0.95,29,"B",228,331,319.333333333333,5.99146454710798,399,393,394,382,394
"ZINC T-LIGHT HOLDER STAR LARGE","23145",2011,11,231,222.84,1.0065,20,"B",399,228,286,5.44673737166631,231,255,254,284,254
"ZINC T-LIGHT HOLDER STAR LARGE","23145",2011,12,85,81.88,1.176,5,"B",231,399,238.333333333333,4.45434729625351,85,113,108,85,108
"ZINC T-LIGHT HOLDER STARS SMALL","23144",2011,10,552,442.32,0.826206896551724,28,"A",608,452,537.333333333333,6.31535800152233,552,550,541,499,541
"ZINC T-LIGHT HOLDER STARS SMALL","23144",2011,11,751,602.85,0.887368421052632,38,"A",552,608,637,6.62273632394984,751,685,736,619,736
"ZINC T-LIGHT HOLDER STARS SMALL","23144",2011,12,120,100.4,0.918888888888889,9,"A",751,552,474.333333333333,4.79579054559674,120,261,207,179,207
"ZINC TOP  2 DOOR WOODEN SHELF","21275",2011,11,1,16.95,16.95,1,"C",1,1,1,0.693147180559945,1,1,1,1,1
"ZINC WILLIE WINKIE  CANDLE STICK","84832",2011,10,590,469.52,0.896428571428571,28,"B",336,146,357.333333333333,6.3818160174061,590,531,542,483,542
"ZINC WILLIE WINKIE  CANDLE STICK","84832",2011,11,490,418.84,0.891052631578947,37,"B",590,336,472,6.19644412779452,490,487,426,429,426
"ZINC WILLIE WINKIE  CANDLE STICK","84832",2011,12,135,117.09,0.91,13,"B",490,590,405,4.91265488573605,135,203,196,232,196
"ZINC WIRE KITCHEN ORGANISER","23143",2011,11,3,31.2,10.4,3,"C",1,3,2.33333333333333,1.38629436111989,3,4,4,3,4
"ZINC WIRE KITCHEN ORGANISER","23143",2011,12,16,63.2,3.95,6,"C",3,1,6.66666666666667,2.83321334405622,16,15,18,17,18
"ZINC WIRE SWEETHEART LETTER TRAY","23137",2011,10,8,30,3.75,3,"C",2,1,3.66666666666667,2.19722457733622,8,6,7,6,7
"ZINC WIRE SWEETHEART LETTER TRAY","23137",2011,11,9,33.75,3.75,5,"C",8,2,6.33333333333333,2.30258509299405,9,10,9,10,9
"ZINC WIRE SWEETHEART LETTER TRAY","23137",2011,12,13,16.25,1.25,2,"C",9,8,10,2.63905732961526,13,12,13,11,13
